# Directed graph (each unordered pair of nodes is saved once): web-Stanford.txt
# Stanford web graph from 2002
# Nodes: 281903 Edges: 2312497
# FromNodeId	ToNodeId
1	6548
1	15409
6548	57031
15409	13102
2	17794
2	25202
2	53625
2	54582
2	64930
2	73764
2	84477
2	98628
2	100193
2	102355
2	105318
2	105730
2	115926
2	140864
2	163550
2	164599
2	175799
2	178642
2	181714
2	190453
2	204189
2	204604
2	210870
2	213966
2	225119
2	241596
2	243294
2	246897
2	251658
2	252915
2	280935
252915	2
246897	2
246897	78056
251658	2
280935	2
213966	2
213966	47149
243294	2
225119	2
241596	2
178642	2
210870	2
204189	2
190453	2
204604	2
181714	2
164599	2
175799	2
163550	2
140864	2
115926	2
73764	2
105730	2
105730	18816
105730	182456
98628	2
84477	2
105318	2
100193	2
102355	2
64930	2
54582	2
53625	2
25202	2
17794	2
3	74361
74361	7213
74361	10365
74361	18412
74361	21315
74361	25126
74361	28140
74361	40745
74361	47352
74361	58718
74361	60036
74361	83203
74361	100770
74361	120861
74361	123955
74361	133747
74361	146989
74361	152019
74361	153900
74361	176541
74361	192120
74361	198821
74361	215600
74361	220070
74361	224643
74361	226411
74361	239874
74361	255694
74361	264216
74361	266083
74361	268261
4	35716
4	96512
4	186750
4	225872
225872	829
225872	3776
225872	3869
225872	4514
225872	5030
225872	5682
225872	9722
225872	10901
225872	11020
225872	12034
225872	13719
225872	13855
225872	14525
225872	15781
225872	15815
225872	17253
225872	17567
225872	17745
225872	18687
225872	18811
225872	20206
225872	21976
225872	22429
225872	23805
225872	24206
225872	24838
225872	26090
225872	29597
225872	31926
225872	34500
225872	35616
225872	39657
225872	42593
225872	45686
225872	47795
225872	49102
225872	49561
225872	50574
225872	53654
225872	54456
225872	55457
225872	57328
225872	58846
225872	59590
225872	60562
225872	61586
225872	62941
225872	63835
225872	64598
225872	65243
225872	66757
225872	70290
225872	70671
225872	70993
225872	71430
225872	71716
225872	73205
225872	75782
225872	76836
225872	77816
225872	83071
225872	84820
225872	85879
225872	86333
225872	90918
225872	92226
225872	92827
225872	94452
225872	95869
225872	96811
225872	96899
225872	99059
225872	99371
225872	99515
225872	99622
225872	104318
225872	106804
225872	107669
225872	113763
225872	115739
225872	118374
225872	119687
225872	121298
225872	122938
225872	124603
225872	124927
225872	125782
225872	126731
225872	127058
225872	130889
225872	134079
225872	134231
225872	136090
225872	136387
225872	138909
225872	139074
225872	141160
225872	145296
225872	145736
225872	145790
225872	146785
225872	149922
225872	150649
225872	152190
225872	152357
225872	153026
225872	153865
225872	153889
225872	158429
225872	160056
225872	161514
225872	164644
225872	165022
225872	167080
225872	167818
225872	172912
225872	172998
225872	174328
225872	176422
225872	178388
225872	179118
225872	179649
225872	186448
225872	186867
225872	188574
225872	190207
225872	190548
225872	191362
225872	191572
225872	192798
225872	193453
225872	196492
225872	199385
225872	200890
225872	201132
225872	203452
225872	204451
225872	204641
225872	205332
225872	205773
225872	207578
225872	211300
225872	211410
225872	212469
225872	217423
225872	219455
225872	222599
225872	222773
225872	224827
225872	225425
225872	227734
225872	227938
225872	229240
225872	233335
225872	234409
225872	236424
225872	238532
225872	239998
225872	241189
225872	242416
225872	243800
225872	247221
225872	249267
225872	251129
225872	252104
225872	255131
225872	256420
225872	257491
225872	257592
225872	258742
225872	258750
225872	259429
225872	260292
225872	262222
225872	263663
225872	263832
225872	264415
225872	267584
225872	270147
225872	270464
225872	271308
225872	273590
225872	274240
225872	274389
225872	277002
225872	279416
225872	279450
225872	280681
225872	280895
186750	5030
186750	13719
186750	17567
186750	20715
186750	23805
186750	45686
186750	49102
186750	59590
186750	70993
186750	86507
186750	108157
186750	119687
186750	122938
186750	145296
186750	153026
186750	161514
186750	167818
186750	205332
186750	217423
186750	260143
186750	274389
96512	186750
96512	225872
35716	186750
35716	225872
5	6545
5	14395
5	59745
5	67503
5	134375
5	170452
5	220513
220513	14395
220513	67503
220513	91194
220513	134375
220513	170452
170452	13602
170452	67503
170452	89073
170452	111928
170452	119176
170452	134375
170452	179645
134375	67503
134375	89073
134375	170452
134375	255083
59745	5
59745	14395
59745	57034
59745	67503
59745	134375
59745	170452
59745	220513
67503	134375
67503	170452
6545	5
6545	13105
6545	14395
6545	67503
6545	134375
6545	170452
6545	220513
14395	5
14395	6545
14395	13105
14395	15407
14395	19978
14395	26392
14395	31063
14395	57034
14395	59745
14395	67503
14395	71155
14395	76684
14395	83299
14395	86788
14395	91194
14395	98788
14395	102360
14395	134375
14395	170452
14395	211621
14395	220513
6	6540
6	59742
59742	6
59742	57036
6540	6
6540	13096
7	45366
7	123814
7	149627
7	194146
7	198520
7	240934
240934	162934
198520	699
198520	18583
198520	35536
198520	36363
198520	38749
198520	48110
198520	64908
198520	68513
198520	96375
198520	99810
198520	101796
198520	113338
198520	113578
198520	117572
198520	125401
198520	126956
198520	128387
198520	129285
198520	130762
198520	167656
198520	167742
198520	177783
198520	181626
198520	192045
198520	192738
198520	199307
198520	212031
198520	226948
198520	231140
198520	234704
198520	235081
198520	238700
198520	245499
198520	257209
198520	275632
198520	281600
194146	168991
149627	197122
149627	264887
123814	76
123814	7411
123814	20530
123814	44679
123814	71962
123814	96879
123814	98031
123814	133047
123814	204298
123814	206031
123814	237051
123814	237599
123814	240570
123814	268317
123814	274404
123814	276125
45366	7
8	35084
8	41117
8	58764
8	86240
8	222332
8	248139
8	270771
270771	3163
270771	11506
270771	35084
270771	41117
270771	56742
270771	58764
270771	82011
270771	84369
270771	111274
270771	114581
270771	136340
270771	146722
270771	168189
270771	177160
270771	215344
270771	225552
270771	238557
270771	253108
248139	3163
248139	11506
248139	35084
248139	41117
248139	56742
248139	58764
248139	82011
248139	84369
248139	111274
248139	114581
248139	146722
248139	168189
248139	177160
248139	215344
248139	225552
248139	270771
222332	3163
222332	11506
222332	35084
222332	41117
222332	47331
222332	56742
222332	58764
222332	82011
222332	84369
222332	111274
222332	114581
222332	146722
222332	168189
222332	177160
222332	215344
222332	225552
222332	238557
222332	239395
222332	249492
222332	270771
86240	3163
86240	11506
86240	35084
86240	41117
86240	56742
86240	58764
86240	82011
86240	84369
86240	111274
86240	114581
86240	146722
86240	168189
86240	177160
86240	182730
86240	215344
86240	225552
86240	252737
86240	270771
41117	3163
41117	11506
41117	35084
41117	45972
41117	56742
41117	58764
41117	82011
41117	84369
41117	89504
41117	111274
41117	114581
41117	146722
41117	147257
41117	168189
41117	177160
41117	215344
41117	225552
41117	270771
58764	3163
58764	11506
58764	35084
58764	41117
58764	56742
58764	56858
58764	57657
58764	60698
58764	82011
58764	84369
58764	111274
58764	114581
58764	146722
58764	149613
58764	152125
58764	168189
58764	168433
58764	177160
58764	179169
58764	215344
58764	217864
58764	225552
58764	234036
58764	270771
35084	3163
35084	11506
35084	23523
35084	41117
35084	42654
35084	56742
35084	58764
35084	66345
35084	82011
35084	84017
35084	84369
35084	110731
35084	111274
35084	114581
35084	146722
35084	152125
35084	168189
35084	177160
35084	198551
35084	215344
35084	217864
35084	225552
35084	234036
35084	257920
35084	270771
9	32423
32423	2919
32423	17161
32423	48266
32423	57149
32423	60831
32423	65551
32423	74529
32423	76809
32423	82382
32423	174822
32423	226411
32423	239981
32423	243146
32423	279589
10	6536
10	55087
10	118572
118572	10
118572	55087
118572	122236
55087	70563
6536	10
6536	55087
6536	57038
11	149993
149993	11
149993	3094
149993	21629
149993	153442
149993	160198
12	68889
12	95163
12	136821
12	251796
12	272442
251796	68889
251796	95163
251796	136821
251796	272442
272442	68889
272442	95163
272442	136821
272442	251796
136821	52915
136821	68889
136821	95163
136821	132852
136821	161355
136821	181567
136821	183180
136821	201898
136821	216344
136821	222686
136821	246568
136821	251796
136821	272442
136821	273978
95163	68889
95163	136821
95163	251796
95163	272442
68889	37250
68889	56758
68889	95163
68889	136821
68889	182236
68889	215179
68889	216749
68889	224484
68889	241952
68889	251796
68889	272442
68889	281180
13	41825
13	76448
13	180949
180949	13
180949	41825
180949	76448
76448	13
76448	41825
76448	180949
41825	13
41825	76448
41825	180949
14	34573
14	38342
14	81435
14	105607
14	167295
14	198090
14	214128
14	226411
14	234704
14	245659
214128	13239
214128	18546
214128	28600
214128	42226
214128	91081
214128	104767
214128	105607
214128	178672
214128	184056
214128	201501
214128	209959
214128	227979
214128	253840
214128	276723
214128	278481
214128	279368
226411	91
226411	32833
226411	38949
226411	41122
226411	51599
226411	52022
226411	60440
226411	84298
226411	96358
226411	99759
226411	112742
226411	118244
226411	145892
226411	151428
226411	161890
226411	185472
226411	208542
226411	222873
226411	239874
226411	273989
234704	23178
234704	36110
234704	88659
234704	93278
234704	105607
234704	123871
234704	132695
234704	136444
234704	138302
234704	139976
234704	142475
234704	168387
234704	179606
234704	187555
234704	197211
234704	211401
234704	212877
234704	214007
234704	226411
234704	229966
234704	234946
234704	248147
234704	268240
245659	12962
245659	17954
245659	34573
245659	35240
245659	38342
245659	74902
245659	81435
245659	84908
245659	105607
245659	113385
245659	113888
245659	122570
245659	154291
245659	159247
245659	167295
245659	198090
245659	214128
245659	226411
245659	226569
245659	234704
245659	242285
198090	837
198090	13239
198090	18546
198090	25791
198090	28600
198090	49886
198090	56857
198090	104767
198090	105607
198090	127278
198090	178645
198090	200345
198090	222402
198090	227979
198090	238416
198090	263471
198090	273817
198090	279368
198090	279653
167295	18095
167295	38342
167295	51080
167295	112640
167295	153582
167295	164079
167295	176605
167295	205715
167295	209963
167295	229011
167295	245520
167295	274944
81435	13239
81435	18546
81435	28600
81435	104767
81435	105351
81435	105607
81435	150705
81435	157709
81435	160401
81435	210784
81435	227979
81435	250159
81435	261002
81435	267010
81435	268136
81435	279368
105607	2301
105607	2836
105607	9729
105607	13239
105607	18546
105607	28600
105607	42226
105607	47267
105607	67513
105607	74991
105607	81435
105607	104767
105607	108809
105607	126333
105607	138478
105607	146255
105607	160401
105607	163229
105607	167057
105607	174589
105607	178672
105607	193194
105607	198090
105607	209959
105607	210784
105607	214128
105607	227979
105607	231071
105607	242507
105607	250534
105607	267010
105607	276723
105607	278983
105607	279368
105607	280607
38342	311
38342	8606
38342	12962
38342	17954
38342	34573
38342	35240
38342	60981
38342	74902
38342	81435
38342	84908
38342	105607
38342	108320
38342	113385
38342	113888
38342	122570
38342	154291
38342	159247
38342	167295
38342	175835
38342	180763
38342	198090
38342	214128
38342	226411
38342	226569
38342	234704
38342	242285
38342	245659
34573	38342
34573	97376
34573	103445
34573	167295
34573	208209
34573	221045
34573	226058
15	214109
214109	15
214109	6341
214109	9544
214109	15719
214109	28809
214109	34302
214109	40830
214109	48556
214109	54036
214109	59029
214109	60097
214109	68031
214109	69313
214109	70674
214109	73107
214109	74249
214109	76007
214109	86430
214109	88106
214109	89483
214109	89848
214109	93442
214109	95192
214109	95892
214109	100174
214109	102101
214109	112987
214109	115474
214109	121311
214109	122405
214109	125655
214109	126627
214109	149126
214109	154253
214109	156138
214109	163116
214109	165732
214109	165869
214109	173541
214109	174653
214109	186698
214109	195288
214109	195781
214109	203567
214109	204879
214109	205736
214109	206815
214109	208925
214109	210283
214109	213740
214109	229441
214109	248582
214109	256227
214109	258809
214109	265652
214109	267410
214109	269247
214109	273564
214109	274619
214109	279573
214109	280793
214109	281513
16	19955
16	25301
16	61790
16	65322
16	101424
16	234568
234568	16
234568	157159
234568	215301
234568	262255
101424	19955
101424	61790
101424	106740
101424	157159
61790	16
61790	1145
61790	5430
61790	6562
61790	13085
61790	15396
61790	19955
61790	21036
61790	25301
61790	26376
61790	27475
61790	32252
61790	39601
61790	42184
61790	44257
61790	49456
61790	50523
61790	53819
61790	58635
61790	64271
61790	65322
61790	69254
61790	74334
61790	77992
61790	80205
61790	81370
61790	84255
61790	88701
61790	94578
61790	100309
61790	101424
61790	104226
61790	105300
61790	106740
61790	107877
61790	111084
61790	112166
61790	118724
61790	122067
61790	126539
61790	127617
61790	130714
61790	131813
61790	132992
61790	138552
61790	249514
61790	254483
61790	256671
61790	260744
61790	261893
61790	266351
61790	268862
61790	275343
61790	276458
61790	281741
65322	16
65322	19955
65322	50523
65322	61790
65322	101424
65322	262255
19955	5430
19955	61790
19955	101424
19955	219113
25301	16
25301	19955
25301	61790
25301	101424
25301	130714
25301	215301
17	24306
17	34573
17	38342
17	41643
17	52013
17	52962
17	54732
17	55175
17	57467
17	66434
17	81435
17	94594
17	105607
17	129421
17	141904
17	142953
17	150611
17	166220
17	167295
17	180906
17	186865
17	190691
17	192858
17	198090
17	200870
17	203575
17	214128
17	223094
17	226411
17	230785
17	231650
17	234704
17	244189
17	245659
17	271588
17	280828
271588	34573
271588	38342
271588	81435
271588	105607
271588	167295
271588	198090
271588	214128
271588	226411
271588	234704
271588	245659
280828	34573
280828	38342
280828	81435
280828	105607
280828	167295
280828	198090
280828	214128
280828	226411
280828	234704
280828	245659
244189	34573
244189	38342
244189	81435
244189	105607
244189	167295
244189	198090
244189	214128
244189	226411
244189	234704
244189	245659
231650	34573
231650	38342
231650	81435
231650	105607
231650	167295
231650	198090
231650	214128
231650	226411
231650	234704
231650	245659
223094	34573
223094	38342
223094	81435
223094	105607
223094	167295
223094	198090
223094	214128
223094	226411
223094	234704
223094	245659
230785	34573
230785	38342
230785	81435
230785	105607
230785	167295
230785	198090
230785	214128
230785	226411
230785	234704
230785	245659
190691	34573
190691	38342
190691	81435
190691	105607
190691	167295
190691	198090
190691	214128
190691	226411
190691	234704
190691	245659
192858	24306
192858	34573
192858	38342
192858	55175
192858	81435
192858	105607
192858	129421
192858	150611
192858	166220
192858	167295
192858	186865
192858	190691
192858	198090
192858	200870
192858	203575
192858	214128
192858	226411
192858	234704
192858	244189
192858	245659
203575	24306
203575	34573
203575	38342
203575	55175
203575	81435
203575	105607
203575	129421
203575	150611
203575	166220
203575	167295
203575	186865
203575	190691
203575	192858
203575	198090
203575	200870
203575	214128
203575	226411
203575	234704
203575	244189
203575	245659
200870	24306
200870	34573
200870	38342
200870	55175
200870	81435
200870	105607
200870	129421
200870	150611
200870	166220
200870	167295
200870	186865
200870	190691
200870	192858
200870	198090
200870	203575
200870	214128
200870	226411
200870	234704
200870	244189
200870	245659
186865	24306
186865	34573
186865	38342
186865	55175
186865	81435
186865	105607
186865	129421
186865	150611
186865	166220
186865	167295
186865	190691
186865	192858
186865	198090
186865	200870
186865	203575
186865	214128
186865	226411
186865	234704
186865	244189
186865	245659
180906	34573
180906	38342
180906	81435
180906	105607
180906	167295
180906	198090
180906	214128
180906	226411
180906	234704
180906	245659
166220	24306
166220	34573
166220	38342
166220	55175
166220	81435
166220	105607
166220	129421
166220	150611
166220	167295
166220	186865
166220	190691
166220	192858
166220	198090
166220	200870
166220	203575
166220	214128
166220	226411
166220	234704
166220	244189
166220	245659
150611	24306
150611	34573
150611	38342
150611	55175
150611	81435
150611	105607
150611	129421
150611	166220
150611	167295
150611	186865
150611	190691
150611	192858
150611	198090
150611	200870
150611	203575
150611	214128
150611	226411
150611	234704
150611	244189
150611	245659
142953	34573
142953	38342
142953	81435
142953	105607
142953	167295
142953	198090
142953	214128
142953	226411
142953	234704
142953	245659
141904	24306
141904	34573
141904	38342
141904	41643
141904	52013
141904	52962
141904	54732
141904	55175
141904	57467
141904	66434
141904	81435
141904	94594
141904	105607
141904	129421
141904	142953
141904	150611
141904	166220
141904	167295
141904	180906
141904	186865
141904	190691
141904	192858
141904	198090
141904	200870
141904	203575
141904	214128
141904	223094
141904	226411
141904	230785
141904	231650
141904	234704
141904	244189
141904	245659
141904	271588
141904	280828
129421	24306
129421	34573
129421	38342
129421	55175
129421	81435
129421	105607
129421	150611
129421	166220
129421	167295
129421	186865
129421	190691
129421	192858
129421	198090
129421	200870
129421	203575
129421	214128
129421	226411
129421	234704
129421	244189
129421	245659
94594	34573
94594	38342
94594	81435
94594	105607
94594	167295
94594	198090
94594	214128
94594	226411
94594	234704
94594	245659
55175	24306
55175	34573
55175	38342
55175	81435
55175	105607
55175	129421
55175	150611
55175	166220
55175	167295
55175	186865
55175	190691
55175	192858
55175	198090
55175	200870
55175	203575
55175	214128
55175	226411
55175	234704
55175	244189
55175	245659
54732	34573
54732	38342
54732	81435
54732	105607
54732	167295
54732	198090
54732	214128
54732	226411
54732	234704
54732	245659
52013	34573
52013	38342
52013	81435
52013	105607
52013	167295
52013	198090
52013	214128
52013	226411
52013	234704
52013	245659
66434	34573
66434	38342
66434	81435
66434	105607
66434	167295
66434	198090
66434	214128
66434	226411
66434	234704
66434	245659
57467	34573
57467	38342
57467	81435
57467	105607
57467	167295
57467	198090
57467	214128
57467	226411
57467	234704
57467	245659
52962	34573
52962	38342
52962	81435
52962	105607
52962	167295
52962	198090
52962	214128
52962	226411
52962	234704
52962	245659
41643	34573
41643	38342
41643	81435
41643	105607
41643	167295
41643	198090
41643	214128
41643	226411
41643	234704
41643	245659
24306	34573
24306	38342
24306	55175
24306	81435
24306	105607
24306	129421
24306	150611
24306	166220
24306	167295
24306	186865
24306	190691
24306	192858
24306	198090
24306	200870
24306	203575
24306	214128
24306	226411
24306	234704
24306	244189
24306	245659
18	13084
18	72208
72208	18
72208	92072
13084	18
13084	46400
19	2040
19	23813
19	111516
19	130832
19	168793
19	170290
19	185302
19	186066
19	193561
19	226411
19	231910
19	236225
19	239607
19	244916
19	251990
19	277163
19	277993
277993	2040
277993	7621
277993	22272
277993	23813
277993	68059
277993	92929
277993	97165
277993	111516
277993	122817
277993	170290
277993	185302
277993	186066
277993	193561
277993	201856
277993	202402
277993	205398
277993	208890
277993	226411
277993	231910
277993	236225
277993	239607
277993	244031
277993	244916
277993	251990
277993	273381
277993	277163
277163	2040
277163	11760
277163	15779
277163	23813
277163	59690
277163	66909
277163	90978
277163	111516
277163	168793
277163	170290
277163	175094
277163	185302
277163	186066
277163	193561
277163	199332
277163	226411
277163	231910
277163	236225
277163	239607
277163	244460
277163	244916
277163	249280
277163	250744
277163	251990
277163	254355
277163	277993
251990	6103
251990	11104
251990	17750
251990	20385
251990	21540
251990	22148
251990	24944
251990	25979
251990	31356
251990	33944
251990	50137
251990	60336
251990	61721
251990	63133
251990	64953
251990	67424
251990	68379
251990	72001
251990	75137
251990	76992
251990	78600
251990	81056
251990	86103
251990	86291
251990	87431
251990	89408
251990	95215
251990	95489
251990	96186
251990	101845
251990	106106
251990	106843
251990	114994
251990	118862
251990	121413
251990	121421
251990	123134
251990	125121
251990	130832
251990	131751
251990	132434
251990	134957
251990	137186
251990	137690
251990	138363
251990	140957
251990	141048
251990	141384
251990	143274
251990	143470
251990	148630
251990	152822
251990	153727
251990	154423
251990	160449
251990	164505
251990	166468
251990	170821
251990	171755
251990	177966
251990	178807
251990	181152
251990	183663
251990	186604
251990	189747
251990	194454
251990	195362
251990	196290
251990	196782
251990	199881
251990	201195
251990	202033
251990	204569
251990	215901
251990	219612
251990	220145
251990	221346
251990	225202
251990	226411
251990	226461
251990	234058
251990	237510
251990	239896
251990	244030
251990	244238
251990	245066
251990	250762
251990	251295
251990	255781
251990	257620
251990	260988
251990	263153
251990	265387
251990	266402
251990	268087
251990	271205
251990	275488
251990	279571
231910	2040
231910	13651
231910	23813
231910	43323
231910	45807
231910	111516
231910	133292
231910	168793
231910	170290
231910	185302
231910	186066
231910	193561
231910	218656
231910	226411
231910	236225
231910	239607
231910	244916
231910	251990
231910	277163
231910	277993
236225	2040
236225	12663
236225	23813
236225	111516
236225	168793
236225	170290
236225	185302
236225	186066
236225	226411
236225	231910
236225	239607
236225	244916
236225	251990
236225	277163
236225	277993
239607	2040
239607	12663
239607	34743
239607	43323
239607	45807
239607	111516
239607	168793
239607	170290
239607	186066
239607	191225
239607	226411
239607	236225
239607	244916
239607	251990
244916	2040
244916	14095
244916	23410
244916	43323
244916	86528
244916	91049
244916	111112
244916	111516
244916	165348
244916	168793
244916	170290
244916	186066
244916	186293
244916	211898
244916	226411
244916	236225
244916	239607
244916	255635
244916	267806
244916	269868
193561	2040
193561	12663
193561	23813
193561	111516
193561	168793
193561	170290
193561	185302
193561	186066
193561	226411
193561	231910
193561	236225
193561	239607
193561	244916
193561	251990
193561	254355
193561	277163
193561	277993
185302	19
185302	2040
185302	22511
185302	23813
185302	39867
185302	64593
185302	78331
185302	79560
185302	111516
185302	132693
185302	139138
185302	160831
185302	168793
185302	170290
185302	184266
185302	186066
185302	190803
185302	193561
185302	194454
185302	205283
185302	205398
185302	226411
185302	231910
185302	236225
185302	239607
185302	244916
185302	247430
185302	249387
185302	251990
185302	254350
185302	277163
185302	277993
186066	2040
186066	42883
186066	77311
186066	91049
186066	111516
186066	168793
186066	170290
186066	201875
186066	226411
186066	236225
186066	239607
186066	242000
186066	244916
186066	251990
186066	265135
168793	2040
168793	51052
168793	111516
168793	170290
168793	186066
168793	224434
168793	226411
168793	236225
168793	239607
168793	244916
168793	251990
170290	2040
170290	11760
170290	90978
170290	111516
170290	168793
170290	186066
170290	226411
170290	235247
170290	236225
170290	239607
170290	244916
170290	251990
170290	259094
170290	281196
130832	20061
130832	63856
130832	72001
130832	121421
130832	137690
130832	204569
130832	224434
130832	226411
130832	251990
130832	265387
130832	271205
111516	2040
111516	8964
111516	152264
111516	168793
111516	170290
111516	186066
111516	193561
111516	226411
111516	239607
111516	244916
23813	2040
23813	111516
23813	168793
23813	170290
23813	185302
23813	186066
23813	226411
23813	231910
23813	236225
23813	239607
23813	244916
23813	251990
23813	277163
23813	277993
2040	111516
2040	168793
2040	170290
2040	186066
2040	226411
2040	236225
2040	239607
2040	244916
2040	251990
20	2656
20	9600
20	36829
20	146060
20	175144
20	195916
195916	80
195916	2656
195916	3156
195916	4723
195916	5247
195916	9580
195916	9600
195916	14020
195916	15363
195916	16492
195916	17716
195916	18093
195916	21598
195916	22063
195916	24584
195916	25320
195916	27489
195916	28703
195916	29922
195916	30656
195916	31116
195916	34455
195916	35951
195916	36829
195916	37003
195916	37752
195916	39033
195916	40092
195916	42802
195916	47764
195916	49476
195916	49489
195916	50538
195916	52583
195916	52882
195916	53286
195916	56067
195916	56723
195916	59874
195916	60954
195916	61128
195916	64364
195916	64600
195916	69696
195916	70201
195916	73162
195916	74760
195916	77653
195916	78103
195916	78181
195916	80432
195916	80729
195916	80959
195916	81284
195916	81912
195916	84166
195916	85236
195916	85450
195916	85741
195916	85892
195916	87459
195916	88110
195916	88318
195916	88745
195916	88925
195916	90359
195916	91693
195916	94142
195916	94512
195916	96138
195916	97220
195916	99765
195916	101101
195916	101753
195916	105102
195916	105328
195916	105436
195916	107111
195916	110984
195916	111098
195916	111682
195916	112268
195916	112616
195916	113744
195916	114844
195916	117291
195916	121378
195916	123539
195916	123593
195916	127715
195916	128110
195916	132880
195916	133189
195916	135428
195916	135543
195916	135896
195916	136189
195916	137778
195916	140713
195916	143088
195916	143920
195916	144756
195916	146060
195916	146511
195916	147616
195916	149416
195916	149784
195916	153139
195916	155811
195916	155849
195916	157399
195916	160209
195916	160454
195916	161487
195916	163294
195916	165180
195916	167307
195916	168094
195916	169090
195916	170543
195916	171651
195916	171986
195916	174403
195916	174982
195916	175144
195916	177277
195916	178723
195916	178877
195916	179398
195916	182746
195916	183676
195916	183870
195916	184565
195916	185092
195916	187691
195916	190468
195916	191689
195916	194347
195916	194369
195916	194470
195916	195041
195916	197242
195916	198004
195916	201226
195916	204368
195916	207959
195916	211962
195916	213089
195916	213249
195916	213303
195916	215788
195916	217571
195916	218967
195916	220956
195916	222042
195916	222269
195916	222296
195916	223108
195916	223846
195916	226855
195916	227122
195916	228471
195916	229260
195916	229822
195916	231256
195916	231797
195916	231902
195916	234266
195916	234382
195916	235426
195916	236876
195916	239225
195916	239563
195916	240214
195916	241429
195916	242308
195916	242847
195916	246215
195916	247219
195916	248231
195916	249067
195916	250016
195916	250164
195916	250572
195916	252500
195916	253031
195916	255793
195916	255837
195916	258066
195916	258538
195916	258774
195916	258848
195916	259217
195916	259904
195916	260330
195916	261543
195916	261549
195916	262269
195916	267292
195916	268291
195916	269501
195916	269837
195916	275712
195916	276059
195916	276280
195916	277367
195916	279516
195916	279577
195916	280213
195916	280264
195916	280981
146060	20
146060	2656
146060	9600
146060	36829
146060	175144
146060	195916
175144	20
175144	108
175144	2656
175144	5365
175144	5517
175144	5548
175144	6488
175144	8027
175144	9600
175144	9613
175144	10262
175144	13754
175144	13882
175144	14580
175144	22222
175144	32412
175144	32576
175144	33662
175144	34591
175144	36829
175144	37729
175144	43312
175144	43945
175144	45184
175144	45497
175144	46464
175144	48336
175144	54483
175144	54999
175144	56286
175144	56436
175144	59460
175144	61373
175144	61833
175144	66246
175144	66707
175144	67316
175144	68680
175144	68906
175144	73872
175144	77250
175144	77586
175144	78030
175144	78370
175144	80308
175144	83581
175144	83638
175144	83846
175144	87088
175144	87231
175144	88868
175144	88950
175144	94872
175144	95396
175144	95933
175144	96288
175144	99886
175144	101787
175144	102376
175144	107419
175144	108715
175144	108921
175144	109076
175144	109274
175144	110206
175144	110235
175144	116677
175144	120019
175144	120361
175144	120501
175144	123114
175144	123171
175144	123519
175144	125944
175144	127522
175144	131107
175144	135534
175144	135808
175144	135816
175144	135840
175144	137996
175144	138822
175144	139311
175144	141622
175144	147768
175144	150896
175144	151673
175144	154335
175144	159099
175144	161309
175144	162493
175144	162625
175144	162957
175144	163159
175144	163296
175144	166928
175144	167920
175144	168886
175144	169856
175144	169914
175144	170420
175144	170757
175144	171079
175144	171935
175144	172661
175144	172852
175144	174213
175144	174864
175144	175178
175144	176039
175144	177284
175144	179254
175144	184265
175144	185075
175144	187924
175144	189122
175144	189364
175144	194057
175144	195916
175144	197710
175144	200770
175144	205291
175144	213021
175144	213209
175144	214465
175144	215161
175144	218109
175144	221626
175144	221785
175144	225511
175144	225888
175144	229916
175144	230181
175144	232795
175144	238512
175144	240280
175144	242244
175144	244513
175144	247511
175144	248001
175144	248367
175144	248685
175144	255025
175144	256100
175144	258429
175144	259444
175144	261080
175144	262013
175144	263076
175144	265294
175144	265466
175144	266867
175144	267129
175144	268555
175144	268677
175144	269011
175144	271437
175144	273225
175144	279044
36829	2656
36829	9600
36829	33486
36829	41383
36829	58918
36829	67019
36829	81987
36829	88275
36829	88458
36829	99761
36829	100332
36829	113388
36829	120974
36829	122793
36829	122851
36829	175144
36829	192474
36829	195916
36829	226580
36829	229449
36829	245969
36829	247040
2656	80
2656	3156
2656	4723
2656	5247
2656	9580
2656	9600
2656	14020
2656	15363
2656	16492
2656	17716
2656	18093
2656	21598
2656	22063
2656	24584
2656	25320
2656	27489
2656	28703
2656	29922
2656	30656
2656	31116
2656	34455
2656	35951
2656	36829
2656	37003
2656	37752
2656	39033
2656	40092
2656	42802
2656	47764
2656	49476
2656	49489
2656	50538
2656	52583
2656	52882
2656	53286
2656	56067
2656	56723
2656	59874
2656	60954
2656	61128
2656	64364
2656	64600
2656	69696
2656	70201
2656	73162
2656	74760
2656	77653
2656	78103
2656	78181
2656	80432
2656	80729
2656	80959
2656	81284
2656	81912
2656	84166
2656	85236
2656	85450
2656	85741
2656	85892
2656	87459
2656	88110
2656	88318
2656	88745
2656	88925
2656	90359
2656	91693
2656	94142
2656	94512
2656	96138
2656	97220
2656	99765
2656	101101
2656	101753
2656	105102
2656	105328
2656	105436
2656	107111
2656	110984
2656	111098
2656	111682
2656	112268
2656	112616
2656	113744
2656	114844
2656	117291
2656	121378
2656	123539
2656	123593
2656	127715
2656	128110
2656	132880
2656	133189
2656	135428
2656	135543
2656	135896
2656	136189
2656	137778
2656	140713
2656	143088
2656	143920
2656	144756
2656	146060
2656	146511
2656	147616
2656	149416
2656	149784
2656	153139
2656	155811
2656	155849
2656	157399
2656	160209
2656	160454
2656	161487
2656	163294
2656	165180
2656	167307
2656	168094
2656	169090
2656	170543
2656	171651
2656	171986
2656	174403
2656	174982
2656	175144
2656	177277
2656	178723
2656	178877
2656	179398
2656	182746
2656	183676
2656	183870
2656	184565
2656	185092
2656	187691
2656	190468
2656	191689
2656	194347
2656	194369
2656	194470
2656	195041
2656	195916
2656	197242
2656	198004
2656	201226
2656	204368
2656	207959
2656	211962
2656	213089
2656	213249
2656	213303
2656	215788
2656	217571
2656	218967
2656	220956
2656	222042
2656	222269
2656	222296
2656	223108
2656	223846
2656	226855
2656	227122
2656	228471
2656	229260
2656	229822
2656	231256
2656	231797
2656	231902
2656	234266
2656	234382
2656	235426
2656	236876
2656	239225
2656	239563
2656	240214
2656	241429
2656	242308
2656	242847
2656	246215
2656	247219
2656	248231
2656	249067
2656	250016
2656	250164
2656	250572
2656	252500
2656	253031
2656	255793
2656	255837
2656	258066
2656	258538
2656	258774
2656	258848
2656	259217
2656	259904
2656	260330
2656	261543
2656	261549
2656	262269
2656	267292
2656	268291
2656	269501
2656	269837
2656	275712
2656	276059
2656	276280
2656	277367
2656	279516
2656	279577
2656	280213
2656	280264
2656	280981
9600	2656
9600	36829
9600	175144
9600	195916
21	141935
21	186750
21	197645
21	203033
21	222324
21	225872
21	266753
266753	674
266753	62455
266753	81875
266753	125963
266753	186750
266753	225872
222324	186750
222324	203033
222324	225872
222324	266753
203033	25850
203033	52262
203033	103739
203033	112605
203033	186750
203033	225872
197645	21
197645	141935
197645	186750
197645	203033
197645	222324
197645	225872
197645	266753
141935	186750
141935	203033
141935	225872
141935	266753
22	6560
22	15399
22	67756
22	69358
22	148505
22	241454
241454	1986
241454	2287
241454	8865
241454	14111
241454	23957
241454	30442
241454	33969
241454	36369
241454	46264
241454	47594
241454	59505
241454	60620
241454	65766
241454	69358
241454	71251
241454	73050
241454	73939
241454	74525
241454	75800
241454	83615
241454	85131
241454	95703
241454	100343
241454	101734
241454	101792
241454	114165
241454	117396
241454	117821
241454	120022
241454	122054
241454	130584
241454	152337
241454	153521
241454	156020
241454	159951
241454	160481
241454	164186
241454	172007
241454	177307
241454	179645
241454	182679
241454	185012
241454	187824
241454	188274
241454	194861
241454	199058
241454	202471
241454	206025
241454	211426
241454	211958
241454	216489
241454	223399
241454	223817
241454	225226
241454	230194
241454	236321
241454	243934
241454	251260
241454	254556
241454	254622
241454	258348
241454	258688
241454	277477
241454	280924
148505	67756
148505	69358
148505	144974
148505	175842
148505	241454
67756	101161
67756	241454
69358	52502
69358	56041
69358	67756
69358	68062
69358	177307
69358	229295
69358	241454
6560	22
6560	14089
6560	67756
6560	69358
6560	241454
15399	22
15399	13081
15399	67756
15399	69358
15399	241454
23	145290
23	220288
220288	23
220288	145290
145290	23
145290	10241
145290	33989
145290	54850
145290	81301
145290	93278
145290	101831
145290	124470
145290	132660
145290	141934
145290	144109
145290	182079
145290	220288
145290	226411
145290	234704
145290	258580
24	37606
24	72393
24	109453
24	121145
24	186750
24	206531
24	208810
24	225872
24	229817
24	271840
271840	63629
271840	152404
271840	155801
271840	186750
271840	199588
271840	219788
271840	225872
271840	281802
229817	19534
229817	23805
229817	26949
229817	35807
229817	91457
229817	118083
229817	178861
229817	186750
229817	217423
229817	225872
229817	274389
208810	23366
208810	48971
208810	49733
208810	105618
208810	114502
208810	176342
208810	186750
208810	225872
206531	77938
206531	170409
206531	179328
206531	186750
206531	225872
206531	229029
206531	255467
206531	269838
109453	25300
109453	26384
109453	52807
109453	103147
109453	112072
109453	182312
109453	186750
109453	225872
121145	16494
121145	34790
121145	43321
121145	94676
121145	121435
121145	186750
121145	208288
121145	225872
72393	3095
72393	65019
72393	79914
72393	90175
72393	124059
72393	186750
72393	225872
72393	248884
37606	5539
37606	29529
37606	38320
37606	88464
37606	115060
37606	186750
37606	200832
37606	225872
25	7022
25	9077
25	17781
25	38134
25	62478
25	66211
25	71877
25	75454
25	77999
25	96745
25	104748
25	120708
25	120904
25	127062
25	137632
25	138804
25	145084
25	176790
25	177323
25	181701
25	183004
25	183375
25	200803
25	207441
25	221087
25	247241
25	255607
25	259455
25	273812
273812	25
273812	7022
273812	17781
273812	62478
273812	77999
273812	96745
273812	98577
273812	104748
273812	120708
273812	127818
273812	137632
273812	138804
273812	145084
273812	152717
273812	172011
273812	176790
273812	177323
273812	181701
273812	183004
273812	183375
273812	200803
273812	218968
273812	221087
273812	235068
273812	247241
273812	255607
273812	259455
273812	265331
259455	10542
259455	17781
259455	34317
259455	46252
259455	47258
259455	62478
259455	77999
259455	89777
259455	96745
259455	97874
259455	120708
259455	137632
259455	176790
259455	181701
259455	183004
259455	192719
259455	210162
259455	221087
259455	233602
259455	234054
259455	247241
259455	247956
259455	272961
247241	10542
247241	17781
247241	34317
247241	46252
247241	47258
247241	62478
247241	77999
247241	89777
247241	96745
247241	120708
247241	137632
247241	176790
247241	181701
247241	183004
247241	192719
247241	210162
247241	221087
247241	233602
247241	234054
247241	242288
247241	247956
247241	259455
247241	272961
255607	25
255607	7022
255607	12042
255607	17781
255607	46097
255607	50957
255607	62478
255607	77999
255607	94623
255607	96745
255607	104748
255607	114263
255607	120708
255607	131834
255607	137632
255607	138804
255607	145084
255607	163941
255607	176790
255607	177323
255607	181701
255607	183004
255607	183375
255607	200772
255607	200803
255607	221087
255607	222275
255607	247241
255607	256230
255607	259455
255607	261875
255607	273812
221087	10542
221087	17781
221087	34317
221087	46252
221087	47258
221087	62478
221087	77999
221087	89777
221087	96745
221087	120708
221087	137632
221087	176790
221087	181701
221087	183004
221087	192719
221087	210162
221087	233602
221087	234054
221087	247241
221087	247956
221087	259455
221087	272961
183375	25
183375	1981
183375	7022
183375	17781
183375	21157
183375	62478
183375	77999
183375	96745
183375	104748
183375	120708
183375	137632
183375	138804
183375	145084
183375	174322
183375	176790
183375	177323
183375	181701
183375	183004
183375	200803
183375	221087
183375	229895
183375	247241
183375	255607
183375	259455
183375	261073
183375	273812
207441	25
207441	7022
207441	17781
207441	62478
207441	77999
207441	96745
207441	120708
207441	137632
207441	138804
207441	145084
207441	176790
207441	177323
207441	181701
207441	183004
207441	200803
207441	221087
207441	247241
207441	255607
207441	259455
183004	10542
183004	17781
183004	34317
183004	46252
183004	47258
183004	62478
183004	77999
183004	89777
183004	96745
183004	120708
183004	137632
183004	176790
183004	181701
183004	192719
183004	210162
183004	221087
183004	233602
183004	234054
183004	247241
183004	247956
183004	259455
183004	272961
176790	10542
176790	17781
176790	34317
176790	46252
176790	47258
176790	62478
176790	77999
176790	89777
176790	96745
176790	120708
176790	137632
176790	181701
176790	183004
176790	192719
176790	210162
176790	221087
176790	233602
176790	234054
176790	247241
176790	247956
176790	259455
176790	272961
200803	7022
200803	17781
200803	62478
200803	77999
200803	96745
200803	120708
200803	137632
200803	138804
200803	145084
200803	176790
200803	177323
200803	181701
200803	183004
200803	221087
200803	247241
200803	255607
200803	259455
177323	7022
177323	12042
177323	17781
177323	46097
177323	62478
177323	77999
177323	94623
177323	96745
177323	120708
177323	131834
177323	137632
177323	138804
177323	145084
177323	163941
177323	176790
177323	181701
177323	183004
177323	190984
177323	200772
177323	200803
177323	221087
177323	222275
177323	247241
177323	255607
177323	256230
177323	259455
177323	268392
181701	10542
181701	14414
181701	17781
181701	26255
181701	30644
181701	31885
181701	33223
181701	34317
181701	40856
181701	46252
181701	47258
181701	50957
181701	52931
181701	62478
181701	67141
181701	68492
181701	71401
181701	77999
181701	89777
181701	92283
181701	96745
181701	97874
181701	101374
181701	106883
181701	108774
181701	114765
181701	120708
181701	125055
181701	134929
181701	137632
181701	143991
181701	144972
181701	151653
181701	176790
181701	178254
181701	180166
181701	183004
181701	183720
181701	192719
181701	205581
181701	221087
181701	233602
181701	234054
181701	236818
181701	244110
181701	245440
181701	247241
181701	247956
181701	259455
181701	263198
181701	272961
181701	279382
181701	280726
145084	7022
145084	16894
145084	17781
145084	22451
145084	60065
145084	62478
145084	77999
145084	82692
145084	90511
145084	96745
145084	115178
145084	120708
145084	137632
145084	138804
145084	146359
145084	154282
145084	176790
145084	177323
145084	181701
145084	183004
145084	186302
145084	200803
145084	221087
145084	239954
145084	247241
145084	255607
145084	259455
145084	272585
120708	17781
120708	47258
120708	62478
120708	77999
120708	89777
120708	96745
120708	137632
120708	176790
120708	181701
120708	183004
120708	210162
120708	221087
120708	233602
120708	247241
120708	247956
120708	259455
120708	272961
127062	4863
127062	17781
127062	38134
127062	50294
127062	51435
127062	62478
127062	66211
127062	71877
127062	77999
127062	93823
127062	96745
127062	120708
127062	137632
127062	137791
127062	154189
127062	165386
127062	176790
127062	181701
127062	183004
127062	197739
127062	199099
127062	206075
127062	219974
127062	221087
127062	228991
127062	234785
127062	247241
127062	252064
127062	259455
127062	268384
120904	17781
120904	38134
120904	47746
120904	56446
120904	62478
120904	66211
120904	71877
120904	77999
120904	89424
120904	96745
120904	105347
120904	120708
120904	127062
120904	137632
120904	156827
120904	176790
120904	181701
120904	183004
120904	190012
120904	197739
120904	199099
120904	209724
120904	221087
120904	229895
120904	235342
120904	247241
120904	247466
120904	259380
120904	259455
120904	266730
120904	271135
137632	10542
137632	17781
137632	34317
137632	46252
137632	47258
137632	62478
137632	77999
137632	89777
137632	96745
137632	120708
137632	176790
137632	181701
137632	183004
137632	192719
137632	210162
137632	221087
137632	233602
137632	234054
137632	247241
137632	247956
137632	259455
137632	272961
138804	25
138804	7022
138804	17781
138804	62478
138804	77999
138804	96745
138804	104748
138804	120708
138804	137632
138804	145084
138804	176790
138804	177323
138804	181701
138804	183004
138804	183375
138804	200803
138804	221087
138804	247241
138804	255607
138804	259455
138804	273812
104748	25
104748	7022
104748	17781
104748	38134
104748	62478
104748	66211
104748	71877
104748	75454
104748	77999
104748	96745
104748	99280
104748	120708
104748	120904
104748	127062
104748	137632
104748	138804
104748	145084
104748	176790
104748	177323
104748	181701
104748	183004
104748	183375
104748	200803
104748	221087
104748	247241
104748	255607
104748	259455
104748	261066
104748	273812
75454	17781
75454	24965
75454	29742
75454	38134
75454	55090
75454	62478
75454	66211
75454	77999
75454	96745
75454	102900
75454	120600
75454	120708
75454	120904
75454	122931
75454	127062
75454	137632
75454	145013
75454	154891
75454	176790
75454	181701
75454	183004
75454	197739
75454	221087
75454	223924
75454	231290
75454	243396
75454	247241
75454	255543
75454	257341
75454	259455
71877	17781
71877	47258
71877	62478
71877	77999
71877	89777
71877	96745
71877	120708
71877	137632
71877	175116
71877	176790
71877	181701
71877	183004
71877	210162
71877	221087
71877	233602
71877	247241
71877	247956
71877	259455
71877	272961
77999	10542
77999	17781
77999	34317
77999	46252
77999	47258
77999	62478
77999	89777
77999	96745
77999	120708
77999	137632
77999	176790
77999	181701
77999	183004
77999	192719
77999	210162
77999	221087
77999	233602
77999	234054
77999	247241
77999	247956
77999	259455
77999	272961
96745	10542
96745	17781
96745	34317
96745	46252
96745	47258
96745	62478
96745	77999
96745	89777
96745	120708
96745	137632
96745	176790
96745	181701
96745	183004
96745	192719
96745	210162
96745	221087
96745	233602
96745	234054
96745	247241
96745	247956
96745	259455
96745	272961
62478	17781
62478	47258
62478	77999
62478	89777
62478	96745
62478	120708
62478	137632
62478	176790
62478	181701
62478	183004
62478	210162
62478	221087
62478	233602
62478	247241
62478	247956
62478	259455
62478	272961
66211	17781
66211	25609
66211	34110
66211	38134
66211	60936
66211	62478
66211	71066
66211	77999
66211	84934
66211	96745
66211	98064
66211	120708
66211	137632
66211	165386
66211	176790
66211	179432
66211	181701
66211	183004
66211	197739
66211	199099
66211	221087
66211	222200
66211	247241
66211	257993
66211	259455
66211	259899
66211	278530
66211	278650
38134	17781
38134	30624
38134	47258
38134	62478
38134	77999
38134	89777
38134	96745
38134	120708
38134	137632
38134	176790
38134	181701
38134	183004
38134	210162
38134	221087
38134	233602
38134	247241
38134	247956
38134	259455
38134	272961
9077	7022
9077	17781
9077	62478
9077	77999
9077	96745
9077	120708
9077	137632
9077	138804
9077	145084
9077	176790
9077	177323
9077	181701
9077	183004
9077	200803
9077	221087
9077	247241
9077	255607
9077	259455
17781	10542
17781	34317
17781	46252
17781	47258
17781	62478
17781	77999
17781	89777
17781	96745
17781	120708
17781	137632
17781	176790
17781	181701
17781	183004
17781	192719
17781	210162
17781	221087
17781	233602
17781	234054
17781	247241
17781	247956
17781	259455
17781	272961
7022	17781
7022	62478
7022	77999
7022	96745
7022	114263
7022	120708
7022	137632
7022	138804
7022	145084
7022	176790
7022	177323
7022	181701
7022	183004
7022	200803
7022	221087
7022	247241
7022	255607
7022	259455
26	14125
26	19470
26	20533
26	53055
26	84428
26	92641
26	116180
26	117864
26	141370
26	165189
26	177014
26	226290
26	243180
26	244195
26	247252
26	281568
247252	14125
247252	19470
247252	20533
247252	53055
247252	84428
247252	92641
247252	116180
247252	117864
247252	141370
247252	165189
247252	177014
247252	226290
247252	243180
247252	244195
247252	281568
281568	14125
281568	19470
281568	20533
281568	53055
281568	84428
281568	92641
281568	116180
281568	117864
281568	141370
281568	165189
281568	177014
281568	226290
281568	243180
281568	244195
281568	247252
243180	14125
243180	19470
243180	20533
243180	53055
243180	84428
243180	92641
243180	116180
243180	117864
243180	141370
243180	163642
243180	165189
243180	177014
243180	226290
243180	244195
243180	247252
243180	281568
226290	14125
226290	19470
226290	20533
226290	53055
226290	84428
226290	92641
226290	116180
226290	117864
226290	141370
226290	165189
226290	177014
226290	243180
226290	244195
226290	247252
226290	281568
244195	14125
244195	19470
244195	20533
244195	53055
244195	84428
244195	92641
244195	106155
244195	116180
244195	117864
244195	141370
244195	148027
244195	165189
244195	177014
244195	226290
244195	243180
244195	247252
244195	249415
244195	281568
177014	14125
177014	19470
177014	20533
177014	53055
177014	84428
177014	92641
177014	116180
177014	117864
177014	141370
177014	165189
177014	226290
177014	243180
177014	244195
177014	247252
177014	281568
165189	14125
165189	19470
165189	20533
165189	53055
165189	84428
165189	92641
165189	116180
165189	117864
165189	141370
165189	177014
165189	226290
165189	243180
165189	244195
165189	247252
165189	281568
141370	14125
141370	19470
141370	20533
141370	53055
141370	84428
141370	85669
141370	92641
141370	94448
141370	116180
141370	117864
141370	165189
141370	177014
141370	226290
141370	243180
141370	244195
141370	247252
141370	259466
141370	264404
141370	281568
116180	14125
116180	19470
116180	20533
116180	53055
116180	84428
116180	92641
116180	117864
116180	141370
116180	165189
116180	177014
116180	226290
116180	243180
116180	244195
116180	247252
116180	281568
117864	14125
117864	19470
117864	20533
117864	53055
117864	84428
117864	92641
117864	116180
117864	141370
117864	165189
117864	177014
117864	226290
117864	243180
117864	244195
117864	247252
117864	281568
92641	8366
92641	14125
92641	19470
92641	20533
92641	37789
92641	53055
92641	71319
92641	72397
92641	84428
92641	97587
92641	116180
92641	117864
92641	141370
92641	148027
92641	165189
92641	166023
92641	177014
92641	197175
92641	208077
92641	226290
92641	227736
92641	243180
92641	244195
92641	247252
92641	281568
84428	21519
84428	66860
84428	82438
84428	106178
84428	114598
84428	115052
84428	132738
84428	140017
84428	170281
84428	170578
84428	173057
84428	185718
84428	194988
84428	204925
84428	226411
84428	230519
84428	238985
84428	256298
84428	262838
84428	266335
84428	270898
53055	8000
53055	14125
53055	19470
53055	20533
53055	36675
53055	49469
53055	61222
53055	64445
53055	64715
53055	71964
53055	82065
53055	84428
53055	86891
53055	89488
53055	91785
53055	92641
53055	95773
53055	96341
53055	97564
53055	112764
53055	116180
53055	117864
53055	129345
53055	129622
53055	141370
53055	144263
53055	151465
53055	157160
53055	159920
53055	165189
53055	167053
53055	177014
53055	187850
53055	198003
53055	217964
53055	226290
53055	240498
53055	243180
53055	244195
53055	245219
53055	247252
53055	281568
14125	19470
14125	20533
14125	53055
14125	84428
14125	92641
14125	116180
14125	117864
14125	141370
14125	165189
14125	177014
14125	226290
14125	243180
14125	244195
14125	247252
14125	281568
19470	14125
19470	20533
19470	36675
19470	53055
19470	64445
19470	66017
19470	81706
19470	82065
19470	84428
19470	92641
19470	95773
19470	96341
19470	116034
19470	116180
19470	117142
19470	117864
19470	132254
19470	138283
19470	141370
19470	143820
19470	144263
19470	150862
19470	159920
19470	165189
19470	169368
19470	177014
19470	209005
19470	217964
19470	220847
19470	226290
19470	226739
19470	240498
19470	243180
19470	244195
19470	245219
19470	247252
19470	276712
19470	281568
20533	14125
20533	19470
20533	53055
20533	84428
20533	92641
20533	116180
20533	117864
20533	141370
20533	165189
20533	177014
20533	201100
20533	226290
20533	243180
20533	244195
20533	247252
20533	281568
27	6556
27	31091
6556	27
6556	15400
31091	27
31091	28633
28	34573
28	38342
28	81435
28	105607
28	167295
28	198090
28	214128
28	226411
28	234704
28	245659
29	6552
29	15404
15404	29
15404	13076
6552	29
6552	31083
30	6551
30	19960
30	28641
6551	30
6551	13075
6551	19960
28641	30
28641	19960
28641	31084
19960	31084
31	142649
142649	5214
142649	30244
142649	56691
142649	58138
142649	61829
142649	76567
142649	95717
142649	97379
142649	125790
142649	127455
142649	140530
142649	173877
142649	175968
142649	210468
142649	247857
142649	253544
142649	262600
32	245209
245209	32
245209	111251
33	25296
33	237617
33	244236
237617	33
237617	212350
237617	244236
244236	33
244236	15402
244236	25296
244236	25967
244236	27472
244236	154624
244236	170512
244236	178151
244236	196491
244236	201792
244236	212350
244236	223422
244236	227845
244236	237617
244236	239800
244236	260753
244236	275338
25296	33
25296	196491
25296	244236
34	6514
34	118600
118600	34
118600	122204
6514	34
6514	57068
35	7590
35	140928
35	149254
35	177612
35	183988
35	204648
204648	197073
177612	35
177612	7590
177612	94856
177612	140928
177612	149254
177612	183988
177612	204648
183988	35
183988	7590
183988	140928
183988	149254
149254	35
149254	7590
149254	140928
149254	183988
140928	35
140928	7590
140928	125594
140928	128316
140928	149254
140928	183988
7590	35
7590	140928
7590	149254
7590	183988
36	6512
36	95363
36	257257
257257	36
257257	95363
257257	260139
95363	97623
6512	36
6512	13138
6512	95363
37	33989
37	78861
37	101831
37	124470
37	141934
37	163111
37	163670
37	166637
37	169568
37	226411
37	234704
169568	124470
166637	124470
163111	124470
163670	124470
141934	428
141934	4257
141934	19932
141934	20063
141934	20797
141934	24016
141934	26416
141934	26683
141934	30100
141934	35645
141934	43075
141934	49655
141934	49699
141934	57585
141934	65463
141934	68783
141934	70255
141934	73929
141934	79116
141934	83545
141934	87335
141934	94400
141934	94504
141934	102957
141934	104996
141934	119766
141934	120876
141934	124685
141934	126309
141934	132543
141934	134984
141934	141271
141934	142075
141934	145241
141934	146428
141934	165353
141934	165509
141934	169971
141934	172382
141934	173998
141934	174907
141934	184900
141934	187888
141934	191708
141934	196745
141934	197502
141934	205283
141934	207212
141934	209954
141934	211401
141934	212852
141934	214104
141934	226411
141934	231228
141934	231997
141934	232408
141934	233857
141934	234078
141934	234704
141934	242660
141934	243842
141934	252267
141934	253510
141934	253839
141934	261697
141934	267800
124470	37
124470	428
124470	16687
124470	24016
124470	26294
124470	30100
124470	33989
124470	34293
124470	37184
124470	43075
124470	52986
124470	54850
124470	56613
124470	59781
124470	65463
124470	69281
124470	71712
124470	73929
124470	74890
124470	83906
124470	84993
124470	87335
124470	88080
124470	94736
124470	101831
124470	102957
124470	113449
124470	120841
124470	124177
124470	126588
124470	128039
124470	130382
124470	132543
124470	132660
124470	141271
124470	141934
124470	146417
124470	146428
124470	151489
124470	160409
124470	161629
124470	169344
124470	169971
124470	177850
124470	178245
124470	180044
124470	182079
124470	184900
124470	186473
124470	188181
124470	194617
124470	199539
124470	203455
124470	205283
124470	207212
124470	207918
124470	209343
124470	209954
124470	211401
124470	226411
124470	228702
124470	234704
124470	241695
124470	248294
124470	252267
124470	261697
124470	267800
124470	281259
78861	124470
101831	33989
101831	141934
101831	226411
101831	234704
33989	101831
33989	141934
33989	146705
33989	226411
33989	234704
38	6507
38	15379
6507	38
6507	31010
15379	38
39	6506
39	15380
39	181503
181503	187975
15380	39
15380	13135
15380	181503
6506	39
6506	31013
6506	181503
40	6509
40	25471
40	28674
6509	40
6509	13134
6509	25471
28674	40
28674	25471
28674	31014
25471	27736
41	1581
41	6508
41	59708
41	261901
261901	41
261901	1581
261901	4939
261901	6508
261901	11502
261901	17058
261901	24967
261901	37484
261901	39923
261901	52760
261901	57071
261901	59708
261901	61996
261901	68121
59708	41
59708	6508
59708	57071
59708	61996
59708	261901
6508	41
6508	57071
6508	59708
1581	41
1581	4939
1581	261901
42	166939
166939	42
166939	7589
166939	11828
166939	14747
166939	15416
166939	17275
166939	23075
166939	27905
166939	30044
166939	36035
166939	44255
166939	50066
166939	58594
166939	61211
166939	71913
166939	93730
166939	98194
166939	99353
166939	103266
166939	108503
166939	130464
166939	145702
166939	146324
166939	148487
166939	170878
166939	179377
166939	189452
166939	195822
166939	197888
166939	199545
166939	212969
166939	245283
166939	245629
166939	253743
166939	258509
166939	259532
166939	269672
166939	275328
166939	275563
166939	277198
166939	278443
43	5030
43	13719
43	17567
43	49102
43	59590
43	70993
43	122938
43	145296
43	153026
43	161514
43	167818
43	205332
205332	43
205332	5030
205332	6156
205332	6656
205332	7676
205332	12777
205332	13719
205332	17567
205332	28682
205332	31242
205332	36111
205332	37243
205332	39068
205332	49102
205332	59590
205332	68944
205332	70993
205332	75976
205332	85438
205332	86476
205332	110399
205332	114378
205332	122938
205332	129211
205332	131776
205332	145296
205332	146889
205332	149844
205332	153026
205332	161514
205332	162945
205332	166469
205332	167818
205332	182346
205332	188106
205332	192079
205332	195752
205332	196206
205332	228811
205332	236437
205332	244655
205332	248190
205332	248596
205332	257196
205332	281780
153026	3374
153026	5030
153026	6330
153026	13719
153026	17567
153026	28061
153026	49102
153026	59590
153026	70993
153026	76606
153026	106579
153026	122938
153026	142644
153026	145296
153026	161514
153026	167818
153026	196883
153026	205332
153026	213156
153026	219809
153026	222266
153026	256460
153026	266987
153026	280696
167818	5030
167818	13719
167818	15815
167818	17567
167818	23805
167818	45686
167818	49102
167818	59590
167818	69964
167818	70993
167818	110328
167818	119687
167818	122938
167818	145296
167818	153026
167818	161514
167818	205332
167818	217423
167818	225872
167818	274389
161514	5030
161514	13719
161514	17567
161514	23805
161514	32925
161514	45686
161514	48034
161514	49102
161514	59531
161514	59590
161514	70000
161514	70993
161514	83395
161514	110328
161514	117070
161514	119687
161514	122938
161514	130643
161514	142644
161514	145296
161514	153026
161514	157665
161514	167818
161514	171073
161514	179318
161514	205332
161514	217423
161514	225872
161514	230012
161514	274389
161514	277766
145296	5030
145296	10229
145296	13719
145296	17567
145296	49102
145296	59590
145296	70993
145296	86507
145296	108157
145296	111852
145296	122938
145296	153026
145296	161514
145296	167818
145296	205332
145296	265015
122938	5030
122938	6498
122938	13719
122938	17567
122938	23439
122938	49102
122938	59590
122938	60990
122938	68387
122938	70993
122938	86507
122938	145296
122938	153026
122938	161514
122938	167818
122938	177412
122938	205332
122938	264971
122938	265015
70993	1615
70993	5030
70993	13719
70993	17567
70993	18860
70993	49102
70993	59531
70993	59590
70993	78914
70993	122938
70993	124126
70993	124755
70993	127641
70993	145296
70993	148122
70993	153026
70993	161514
70993	167818
70993	188684
70993	205332
70993	208506
70993	229400
70993	232131
70993	236413
70993	240424
49102	5030
49102	13719
49102	14659
49102	16203
49102	17512
49102	17567
49102	24250
49102	24897
49102	29507
49102	30493
49102	39149
49102	42733
49102	44165
49102	44375
49102	50016
49102	51048
49102	56035
49102	58221
49102	59590
49102	61008
49102	70993
49102	74703
49102	78914
49102	83927
49102	93987
49102	96798
49102	96935
49102	105501
49102	105550
49102	107063
49102	118436
49102	118722
49102	122704
49102	122938
49102	126851
49102	131913
49102	139807
49102	145296
49102	148122
49102	149100
49102	153026
49102	156799
49102	161246
49102	161514
49102	166099
49102	167818
49102	171006
49102	179118
49102	179550
49102	180901
49102	182375
49102	183836
49102	190361
49102	193498
49102	196619
49102	205332
49102	210860
49102	217626
49102	229400
49102	232131
49102	238079
49102	240221
49102	242968
49102	243139
49102	251645
49102	254599
49102	266183
49102	271293
59590	3374
59590	5030
59590	6330
59590	6498
59590	10229
59590	13719
59590	15815
59590	17567
59590	23439
59590	28061
59590	32925
59590	48034
59590	49102
59590	60990
59590	68387
59590	69964
59590	70000
59590	70993
59590	76606
59590	86507
59590	89902
59590	106579
59590	108157
59590	111852
59590	117070
59590	122938
59590	124126
59590	124755
59590	130643
59590	142644
59590	145296
59590	153026
59590	161514
59590	167818
59590	177412
59590	179318
59590	179544
59590	190808
59590	196883
59590	205332
59590	213156
59590	215423
59590	222266
59590	225872
59590	230012
59590	240424
59590	249170
59590	256460
59590	264971
59590	265015
59590	266987
59590	277766
59590	280696
13719	5030
13719	17567
13719	49102
13719	59590
13719	70993
13719	77580
13719	122938
13719	145296
13719	153026
13719	161514
13719	167818
13719	205332
13719	226411
5030	13719
5030	17567
5030	18898
5030	49102
5030	59590
5030	70993
5030	89902
5030	122938
5030	145296
5030	152003
5030	153026
5030	161514
5030	167818
5030	178132
5030	179544
5030	190808
5030	205332
5030	215423
5030	222266
5030	224546
17567	5030
17567	13719
17567	20715
17567	23805
17567	45686
17567	49102
17567	59590
17567	70993
17567	86507
17567	108157
17567	119687
17567	122938
17567	145296
17567	153026
17567	161514
17567	167818
17567	205332
17567	217423
17567	260143
17567	274389
44	55788
44	241454
44	264455
264455	9896
264455	14068
264455	22738
264455	22958
264455	24394
264455	55665
264455	65166
264455	78398
264455	81368
264455	89073
264455	100377
264455	111590
264455	120395
264455	137448
264455	137490
264455	143055
264455	149909
264455	150276
264455	169626
264455	178960
264455	200438
264455	210680
264455	218111
264455	237321
264455	242850
264455	257120
264455	260118
264455	266107
55788	241454
45	34573
45	38342
45	81435
45	105607
45	167295
45	198090
45	214128
45	226411
45	234704
45	245659
46	6505
46	59704
59704	46
59704	57076
6505	46
6505	122213
47	102175
47	214033
214033	48520
214033	58412
214033	152849
214033	203421
214033	272748
214033	276768
102175	47
102175	67102
48	6501
48	59701
48	91620
48	192935
192935	91620
192935	177748
91620	102744
91620	192935
59701	48
59701	57079
59701	91620
59701	192935
6501	48
6501	13130
6501	91620
6501	192935
49	135859
49	162251
49	163607
49	198205
198205	49
198205	24956
198205	135859
198205	162251
198205	163607
163607	49
163607	82818
163607	135859
163607	162251
163607	170903
163607	198205
162251	49
162251	135859
162251	163607
162251	198205
135859	49
135859	162251
135859	163607
135859	198205
50	183049
183049	43076
183049	79292
183049	179386
183049	180315
183049	184415
183049	236070
183049	239085
183049	243999
183049	262437
51	6503
51	239281
239281	51
239281	105780
6503	51
6503	14049
52	100326
52	131387
52	166507
52	189445
52	201653
52	206853
52	238441
52	273055
273055	3164
273055	84906
273055	136001
273055	166507
273055	236909
273055	238441
273055	240859
238441	3164
238441	84906
238441	136001
238441	166507
238441	236909
238441	240859
238441	273055
189445	52
189445	100326
189445	131387
189445	201653
189445	206853
206853	52
206853	3508
206853	50901
206853	71124
206853	84906
206853	92898
206853	100326
206853	131387
206853	173073
206853	201653
206853	214844
201653	84906
201653	100326
201653	131387
201653	206853
166507	3164
166507	84906
166507	136001
166507	236909
166507	238441
166507	240859
166507	273055
131387	52
131387	39798
131387	50320
131387	59271
131387	84906
131387	100326
131387	170954
131387	201653
131387	206853
131387	218653
100326	76255
100326	84906
100326	102010
100326	131387
100326	135606
100326	201653
100326	206853
53	584
53	11399
53	20047
53	34573
53	38342
53	40297
53	46923
53	61781
53	71937
53	73093
53	81435
53	83582
53	86314
53	100271
53	104550
53	105607
53	115715
53	116272
53	140438
53	147609
53	165048
53	165923
53	167295
53	172082
53	180391
53	198090
53	201678
53	202260
53	214128
53	222148
53	222940
53	226411
53	234704
53	241435
53	244609
53	245659
222940	34573
222940	38342
222940	81435
222940	105607
222940	167295
222940	198090
222940	214128
222940	226411
222940	234704
222940	245659
222148	584
222148	34573
222148	38342
222148	46923
222148	61781
222148	81435
222148	83582
222148	86314
222148	105607
222148	116272
222148	140438
222148	167295
222148	180391
222148	198090
222148	201678
222148	214128
222148	222940
222148	226411
222148	234704
222148	245659
241435	34573
241435	38342
241435	81435
241435	105607
241435	167295
241435	198090
241435	214128
241435	226411
241435	234704
241435	245659
244609	584
244609	11399
244609	20047
244609	34573
244609	38342
244609	40297
244609	46923
244609	61781
244609	71937
244609	73093
244609	81435
244609	83582
244609	86314
244609	100271
244609	104550
244609	105607
244609	115715
244609	116272
244609	140438
244609	147609
244609	165048
244609	165923
244609	167295
244609	172082
244609	180391
244609	198090
244609	201678
244609	202260
244609	214128
244609	222148
244609	222940
244609	226411
244609	234704
244609	241435
244609	245659
201678	34573
201678	38342
201678	81435
201678	105607
201678	167295
201678	198090
201678	214128
201678	226411
201678	234704
201678	245659
180391	584
180391	34573
180391	38342
180391	46923
180391	61781
180391	81435
180391	83582
180391	86314
180391	105607
180391	116272
180391	140438
180391	167295
180391	198090
180391	201678
180391	214128
180391	222148
180391	222940
180391	226411
180391	234704
180391	245659
202260	34573
202260	38342
202260	81435
202260	105607
202260	167295
202260	198090
202260	214128
202260	226411
202260	234704
202260	245659
147609	34573
147609	38342
147609	81435
147609	105607
147609	167295
147609	198090
147609	214128
147609	226411
147609	234704
147609	245659
172082	34573
172082	38342
172082	81435
172082	105607
172082	167295
172082	198090
172082	214128
172082	226411
172082	234704
172082	245659
165048	34573
165048	38342
165048	81435
165048	105607
165048	167295
165048	198090
165048	214128
165048	226411
165048	234704
165048	245659
165923	34573
165923	38342
165923	81435
165923	105607
165923	167295
165923	198090
165923	214128
165923	226411
165923	234704
165923	245659
140438	584
140438	34573
140438	38342
140438	46923
140438	61781
140438	81435
140438	83582
140438	86314
140438	105607
140438	116272
140438	167295
140438	180391
140438	198090
140438	201678
140438	214128
140438	222148
140438	222940
140438	226411
140438	234704
140438	245659
116272	584
116272	34573
116272	38342
116272	46923
116272	61781
116272	81435
116272	83582
116272	86314
116272	105607
116272	140438
116272	167295
116272	180391
116272	198090
116272	201678
116272	214128
116272	222148
116272	222940
116272	226411
116272	234704
116272	245659
115715	34573
115715	38342
115715	81435
115715	105607
115715	167295
115715	198090
115715	214128
115715	226411
115715	234704
115715	245659
83582	584
83582	34573
83582	38342
83582	46923
83582	61781
83582	81435
83582	86314
83582	105607
83582	116272
83582	140438
83582	167295
83582	180391
83582	198090
83582	201678
83582	214128
83582	222148
83582	222940
83582	226411
83582	234704
83582	245659
86314	584
86314	34573
86314	38342
86314	46923
86314	61781
86314	81435
86314	83582
86314	105607
86314	116272
86314	140438
86314	167295
86314	180391
86314	198090
86314	201678
86314	214128
86314	222148
86314	222940
86314	226411
86314	234704
86314	245659
71937	34573
71937	38342
71937	81435
71937	105607
71937	167295
71937	198090
71937	214128
71937	226411
71937	234704
71937	245659
104550	34573
104550	38342
104550	81435
104550	105607
104550	167295
104550	198090
104550	214128
104550	226411
104550	234704
104550	245659
100271	34573
100271	38342
100271	81435
100271	105607
100271	167295
100271	198090
100271	214128
100271	226411
100271	234704
100271	245659
73093	34573
73093	38342
73093	81435
73093	105607
73093	167295
73093	198090
73093	214128
73093	226411
73093	234704
73093	245659
46923	584
46923	34573
46923	38342
46923	61781
46923	81435
46923	83582
46923	86314
46923	105607
46923	116272
46923	140438
46923	167295
46923	180391
46923	198090
46923	201678
46923	214128
46923	222148
46923	222940
46923	226411
46923	234704
46923	245659
61781	584
61781	34573
61781	38342
61781	46923
61781	81435
61781	83582
61781	86314
61781	105607
61781	116272
61781	140438
61781	167295
61781	180391
61781	198090
61781	201678
61781	214128
61781	222148
61781	222940
61781	226411
61781	234704
61781	245659
40297	34573
40297	38342
40297	81435
40297	105607
40297	167295
40297	198090
40297	214128
40297	226411
40297	234704
40297	245659
584	34573
584	38342
584	46923
584	61781
584	81435
584	83582
584	86314
584	105607
584	116272
584	140438
584	167295
584	180391
584	198090
584	201678
584	214128
584	222148
584	222940
584	226411
584	234704
584	245659
20047	34573
20047	38342
20047	81435
20047	105607
20047	167295
20047	198090
20047	214128
20047	226411
20047	234704
20047	245659
11399	34573
11399	38342
11399	81435
11399	105607
11399	167295
11399	198090
11399	214128
11399	226411
11399	234704
11399	245659
54	94286
54	167748
54	194021
54	199959
54	242712
242712	54
242712	120381
242712	146334
242712	186950
242712	225449
199959	54
199959	3604
199959	33345
199959	85026
199959	95022
199959	180361
199959	225449
199959	239842
194021	54
194021	20868
194021	43124
194021	60538
194021	120645
194021	160402
194021	186950
194021	225449
194021	237529
167748	54
167748	3124
167748	20868
167748	22931
167748	26610
167748	26978
167748	28586
167748	30831
167748	45318
167748	46320
167748	80670
167748	82319
167748	85026
167748	88382
167748	90813
167748	98464
167748	118982
167748	139326
167748	142295
167748	144976
167748	156991
167748	160402
167748	163295
167748	165680
167748	171574
167748	186950
167748	197533
167748	198722
167748	199693
167748	203552
167748	210235
167748	227634
167748	237861
167748	240887
167748	241211
167748	241744
167748	255254
167748	259202
167748	263567
167748	276097
167748	279563
94286	54
94286	60538
94286	114382
94286	120645
94286	160402
94286	186950
94286	189663
94286	194021
94286	225449
94286	237529
55	25276
25276	204004
56	2260
56	19189
56	98387
56	186902
56	205477
205477	2254
205477	2260
205477	9877
205477	19189
205477	31540
205477	31978
205477	48185
205477	113777
205477	129885
205477	162997
205477	165609
205477	186902
205477	212870
205477	220548
186902	2260
186902	5273
186902	6323
186902	19189
186902	26101
186902	33038
186902	44339
186902	48050
186902	57720
186902	59181
186902	67108
186902	94465
186902	100140
186902	111546
186902	113777
186902	118094
186902	129885
186902	150694
186902	155132
186902	180564
186902	205477
186902	246645
186902	252268
186902	256570
186902	271931
98387	2260
98387	5273
98387	19189
98387	87407
98387	138156
98387	186902
98387	189853
98387	205477
98387	210034
2260	19189
2260	46759
2260	47742
2260	68005
2260	113777
2260	125692
2260	129885
2260	136882
2260	153882
2260	161687
2260	173893
2260	186902
2260	187065
2260	191484
2260	204649
2260	205477
2260	212007
2260	219911
19189	2260
19189	56570
19189	66295
19189	113777
19189	129885
19189	186902
19189	205477
57	34573
57	38342
57	81435
57	105607
57	167295
57	198090
57	214128
57	226411
57	234704
57	245659
58	6496
58	20015
58	28661
58	68952
68952	20015
68952	65588
6496	58
6496	13125
6496	20015
6496	68952
28661	58
28661	20015
28661	31023
28661	68952
20015	31023
20015	68952
59	19621
59	91874
59	119479
59	150630
59	184531
59	275947
275947	119479
275947	121727
275947	204067
184531	8372
184531	19621
184531	33418
184531	62556
184531	83743
184531	119479
184531	191109
184531	197314
184531	204067
184531	228711
184531	230935
184531	246777
184531	251178
184531	251543
184531	262925
184531	275947
150630	59
150630	119479
119479	2734
119479	7619
119479	55915
119479	58056
119479	65841
119479	79757
119479	85395
119479	86384
119479	86480
119479	106465
119479	136996
119479	144635
119479	150864
119479	153844
119479	164332
119479	171279
119479	175118
119479	182599
119479	190206
119479	206444
119479	209651
119479	209952
119479	213539
119479	217308
119479	222608
119479	224482
119479	273283
119479	276340
91874	59
91874	23617
91874	77649
91874	119479
91874	245665
91874	275947
91874	276818
19621	59
19621	79005
19621	119479
60	7203
60	27940
60	30002
60	46787
60	59033
60	75762
60	84382
60	84824
60	93073
60	103820
60	153049
60	164873
60	196678
60	199822
60	202577
60	233988
60	259343
259343	7203
259343	27940
259343	30002
259343	59033
259343	75762
259343	84382
259343	84824
259343	93652
259343	100129
259343	103820
259343	137238
259343	139550
259343	164873
259343	168554
259343	183287
259343	199822
259343	202577
233988	60
233988	7203
233988	27940
233988	30002
233988	46787
233988	48998
233988	59033
233988	75762
233988	84382
233988	84824
233988	92842
233988	93073
233988	103820
233988	153049
233988	164873
233988	196678
233988	199822
233988	202577
233988	225907
233988	259343
196678	60
196678	7203
196678	27940
196678	30002
196678	46787
196678	59033
196678	75762
196678	84382
196678	84824
196678	93073
196678	103820
196678	153049
196678	164873
196678	199822
196678	202577
196678	233988
196678	259343
202577	5092
202577	7203
202577	59033
202577	84382
202577	84824
202577	92842
202577	93073
202577	103820
202577	116030
202577	119005
202577	124342
202577	153049
202577	164873
202577	167376
202577	199822
202577	213388
202577	259343
199822	7203
199822	14140
199822	25783
199822	77396
199822	78435
199822	79815
199822	83713
199822	84382
199822	84824
199822	95468
199822	98735
199822	103820
199822	137189
199822	164873
199822	198718
199822	202577
199822	202722
199822	259343
153049	7203
153049	84382
153049	84824
153049	103820
153049	116030
153049	119005
153049	124342
153049	164873
153049	167376
153049	199822
153049	202577
153049	213388
153049	259343
164873	5092
164873	7203
164873	40700
164873	47094
164873	84382
164873	84824
164873	92842
164873	103820
164873	125846
164873	137189
164873	150282
164873	199822
164873	202577
164873	202722
164873	259343
93073	7203
93073	44145
93073	84382
93073	84824
93073	103820
93073	116030
93073	119005
93073	124342
93073	153049
93073	164873
93073	167376
93073	199822
93073	202577
93073	213388
93073	259343
75762	7203
75762	18945
75762	27940
75762	30002
75762	59033
75762	84382
75762	84824
75762	93652
75762	103820
75762	159429
75762	164873
75762	199822
75762	202577
75762	259343
103820	1508
103820	5092
103820	7203
103820	22269
103820	44145
103820	53073
103820	84382
103820	84824
103820	98735
103820	101748
103820	126826
103820	139550
103820	164873
103820	199822
103820	202577
103820	214700
103820	235874
103820	258335
103820	259343
84824	7203
84824	16949
84824	84382
84824	103820
84824	164873
84824	184269
84824	199822
84824	202577
84824	259343
84824	278096
84382	5394
84382	7203
84382	40700
84382	63254
84382	83713
84382	84824
84382	93073
84382	99149
84382	103820
84382	115769
84382	152220
84382	164873
84382	183287
84382	199822
84382	202577
84382	210202
84382	252067
84382	259343
46787	60
46787	7203
46787	27940
46787	30002
46787	59033
46787	75762
46787	84382
46787	84824
46787	93073
46787	103820
46787	153049
46787	164873
46787	196678
46787	199822
46787	202577
46787	233988
46787	259343
59033	7203
59033	30002
59033	84382
59033	84824
59033	103820
59033	164873
59033	168554
59033	199822
59033	202577
59033	259343
27940	7203
27940	9802
27940	12378
27940	17751
27940	18945
27940	22799
27940	26379
27940	30002
27940	30114
27940	35120
27940	41842
27940	47393
27940	49952
27940	55907
27940	59033
27940	61418
27940	62720
27940	68050
27940	75762
27940	84382
27940	84824
27940	87668
27940	89085
27940	93652
27940	94863
27940	99325
27940	102469
27940	103820
27940	105248
27940	113003
27940	119005
27940	124342
27940	130458
27940	130747
27940	137852
27940	143734
27940	144826
27940	146879
27940	150446
27940	153049
27940	158308
27940	163846
27940	164873
27940	167376
27940	174030
27940	179766
27940	183453
27940	183732
27940	187378
27940	189705
27940	199822
27940	201240
27940	202577
27940	203600
27940	210799
27940	212386
27940	218432
27940	219187
27940	220067
27940	222218
27940	223966
27940	228204
27940	230167
27940	234833
27940	242053
27940	247780
27940	255179
27940	255626
27940	259343
27940	263160
27940	264401
27940	269746
27940	276998
27940	279363
27940	279558
30002	7203
30002	27940
30002	59033
30002	75762
30002	84382
30002	84824
30002	93652
30002	103820
30002	137189
30002	164873
30002	167376
30002	183287
30002	199822
30002	202577
30002	259343
7203	2178
7203	5092
7203	40700
7203	44145
7203	63254
7203	75791
7203	83713
7203	84382
7203	84824
7203	87834
7203	98735
7203	103820
7203	119005
7203	164792
7203	164873
7203	167376
7203	179466
7203	181828
7203	199822
7203	202577
7203	259343
61	6494
61	15388
6494	61
6494	31020
15388	61
15388	13128
62	6530
62	15361
62	237014
237014	26343
237014	55827
237014	77423
237014	243639
15361	62
15361	237014
6530	62
6530	31041
6530	237014
63	226411
64	29896
64	50488
64	212376
212376	64
212376	6525
212376	29896
50488	64
50488	29896
50488	101384
29896	64
29896	6525
29896	15356
29896	26341
29896	42153
29896	50488
29896	53854
29896	79031
29896	80025
29896	94605
29896	100267
29896	101384
29896	104545
29896	106705
29896	138588
29896	212376
29896	223243
65	67503
65	134375
65	170452
65	257846
65	264126
65	268515
65	271016
65	273203
264126	65
264126	67503
264126	134375
264126	170452
264126	257846
257846	65
257846	67503
257846	134375
257846	170452
257846	264126
257846	268515
268515	65
268515	67503
268515	134375
268515	170452
268515	257846
268515	271016
271016	65
271016	67503
271016	134375
271016	170452
271016	268515
271016	273203
273203	65
273203	67503
273203	134375
273203	170452
273203	271016
66	34573
66	38342
66	81435
66	105607
66	167295
66	198090
66	214128
66	226411
66	234704
66	245659
67	6527
67	15350
67	67756
67	69358
67	241454
6527	67
6527	67756
6527	69358
6527	241454
6527	260121
15350	67
15350	13119
15350	67756
15350	69358
15350	241454
68	5562
68	11481
68	17737
68	17750
68	22272
68	23156
68	24243
68	29115
68	41235
68	43111
68	50528
68	62336
68	63856
68	67378
68	71218
68	75952
68	88679
68	112742
68	121421
68	126057
68	130832
68	134083
68	135564
68	137690
68	145500
68	152360
68	154835
68	161093
68	162504
68	164701
68	173650
68	202127
68	204569
68	217545
68	223222
68	226137
68	232037
68	232712
68	249496
68	251990
68	253245
68	265387
68	268119
68	271205
68	276237
68	278409
253245	91
253245	140
253245	6434
253245	6449
253245	13078
253245	20758
253245	25211
253245	35861
253245	60440
253245	61965
253245	68059
253245	87333
253245	88679
253245	95423
253245	96358
253245	105496
253245	112726
253245	112742
253245	118244
253245	118919
253245	123317
253245	129036
253245	145892
253245	151428
253245	161890
253245	164453
253245	169971
253245	178230
253245	194297
253245	200786
253245	207212
253245	208542
253245	209489
253245	213670
253245	222873
253245	234704
253245	250371
253245	251990
249496	6434
249496	13078
249496	44641
249496	68059
249496	83598
249496	88679
249496	97739
249496	168387
249496	197498
249496	208209
249496	209489
249496	216324
249496	235138
249496	235274
249496	271224
249496	272722
268119	380
268119	6242
268119	11481
268119	17406
268119	19186
268119	52680
268119	53039
268119	57972
268119	61848
268119	63856
268119	64171
268119	64842
268119	72001
268119	91546
268119	93674
268119	96477
268119	98317
268119	100382
268119	111751
268119	119608
268119	121421
268119	127018
268119	130832
268119	133596
268119	137690
268119	140547
268119	147477
268119	154903
268119	157908
268119	164775
268119	167776
268119	168513
268119	169403
268119	175202
268119	176708
268119	185267
268119	187159
268119	193132
268119	193467
268119	198640
268119	198755
268119	200359
268119	202029
268119	204569
268119	206449
268119	221939
268119	226137
268119	226411
268119	244015
268119	246117
268119	251990
268119	257153
268119	257452
268119	265387
268119	271205
268119	275118
268119	276519
268119	279220
268119	279226
276237	44867
276237	63856
276237	68009
276237	72001
276237	121421
276237	130832
276237	137690
276237	204569
276237	226411
276237	251990
276237	259094
276237	265387
276237	271205
276237	281196
265387	14112
265387	23156
265387	24243
265387	29115
265387	39140
265387	43111
265387	63856
265387	70095
265387	72001
265387	121421
265387	126057
265387	130832
265387	137690
265387	164701
265387	204569
265387	226411
265387	232037
265387	236386
265387	268119
265387	271205
271205	63856
271205	72001
271205	121421
271205	130832
271205	137690
271205	204569
271205	226411
271205	251990
271205	265387
278409	17750
278409	72001
278409	121421
278409	130832
278409	137690
278409	194454
278409	204569
278409	220145
278409	226411
278409	265387
278409	271205
217545	226411
223222	91
223222	602
223222	5562
223222	14062
223222	15339
223222	20478
223222	21519
223222	33178
223222	50528
223222	60440
223222	73623
223222	83598
223222	84428
223222	88696
223222	96358
223222	107814
223222	110248
223222	112742
223222	118244
223222	120861
223222	145892
223222	151428
223222	152019
223222	155303
223222	158732
223222	161890
223222	180526
223222	187802
223222	192120
223222	202127
223222	204569
223222	208542
223222	209489
223222	217224
223222	222873
223222	232712
223222	239306
223222	251990
223222	255482
223222	270290
223222	278080
226137	22272
226137	29115
226137	32833
226137	52680
226137	63856
226137	68059
226137	72001
226137	121421
226137	130832
226137	137690
226137	140547
226137	164701
226137	204569
226137	226411
226137	246117
226137	251990
226137	253057
226137	265387
226137	268119
226137	271205
226137	279226
232037	43111
232037	63856
232037	70095
232037	72001
232037	121421
232037	126057
232037	130832
232037	137690
232037	167367
232037	204569
232037	226411
232037	234704
232037	249008
232037	251990
232037	265387
232037	271205
232712	5562
232712	17064
232712	29115
232712	30954
232712	36225
232712	50528
232712	63856
232712	72001
232712	84382
232712	85191
232712	121421
232712	130832
232712	137690
232712	162504
232712	191823
232712	202127
232712	204569
232712	226411
232712	251990
232712	263806
232712	265387
232712	269915
232712	271205
232712	277990
204569	63856
204569	72001
204569	121421
204569	130832
204569	137690
204569	140547
204569	226137
204569	226411
204569	246117
204569	251990
204569	265387
204569	268119
204569	271205
204569	279226
202127	2255
202127	5562
202127	25575
202127	29115
202127	50528
202127	63856
202127	64593
202127	72001
202127	78331
202127	82816
202127	85817
202127	121421
202127	130832
202127	137690
202127	162504
202127	204569
202127	226411
202127	232712
202127	251990
202127	265387
202127	271205
202127	278083
161093	79433
161093	83598
161093	88679
161093	97739
161093	158411
161093	172653
161093	209489
161093	215506
161093	226411
161093	251990
161093	271224
164701	428
164701	1999
164701	2151
164701	5562
164701	20110
164701	21021
164701	22464
164701	29115
164701	50528
164701	57350
164701	57436
164701	57679
164701	61937
164701	63856
164701	69256
164701	72001
164701	77580
164701	78978
164701	82658
164701	108703
164701	110188
164701	121421
164701	122165
164701	130085
164701	130832
164701	131773
164701	135303
164701	135575
164701	137690
164701	141271
164701	162504
164701	200372
164701	202127
164701	204569
164701	221717
164701	224434
164701	226411
164701	232712
164701	233817
164701	249646
164701	250371
164701	251990
164701	255669
164701	265387
164701	271205
164701	277286
173650	5562
173650	27346
173650	29115
173650	50528
173650	51817
173650	57904
173650	63856
173650	72001
173650	78331
173650	105239
173650	121421
173650	130832
173650	137690
173650	141173
173650	148267
173650	162504
173650	166647
173650	168504
173650	184077
173650	185959
173650	202127
173650	204569
173650	214654
173650	226411
173650	232712
173650	251990
173650	265387
173650	271205
173650	277382
152360	51025
152360	60136
152360	62336
152360	65801
152360	75952
152360	80020
152360	92121
152360	94115
152360	120168
152360	134083
152360	238139
162504	5562
162504	29115
162504	29138
162504	50528
162504	63856
162504	72001
162504	85191
162504	85817
162504	112042
162504	121421
162504	130832
162504	137690
162504	186018
162504	202127
162504	204569
162504	226411
162504	232712
162504	251990
162504	265387
162504	271205
162504	277990
145500	30101
145500	34609
145500	44867
145500	63459
145500	63856
145500	68009
145500	72001
145500	89408
145500	101845
145500	106106
145500	121413
145500	121421
145500	130832
145500	137690
145500	142120
145500	145265
145500	181152
145500	193990
145500	204569
145500	215901
145500	220145
145500	225052
145500	226411
145500	227306
145500	242555
145500	244030
145500	246117
145500	251990
145500	259094
145500	265387
145500	271205
145500	276237
145500	281196
154835	43111
154835	63856
154835	70095
154835	72001
154835	121421
154835	126057
154835	130832
154835	137690
154835	204569
154835	226411
154835	232037
154835	251990
154835	265387
154835	271205
112742	91
112742	7621
112742	11261
112742	17737
112742	60440
112742	82816
112742	96358
112742	118244
112742	123668
112742	140017
112742	145892
112742	146546
112742	151428
112742	161890
112742	167367
112742	208542
112742	213670
112742	221742
112742	222873
112742	224434
112742	232712
112742	239306
112742	249543
112742	261709
134083	51025
134083	60136
134083	62336
134083	65801
134083	75952
134083	80020
134083	92121
134083	94115
134083	120168
134083	152360
134083	238139
126057	9970
126057	24243
126057	29115
126057	43111
126057	54505
126057	63856
126057	70095
126057	72001
126057	79560
126057	85191
126057	121421
126057	123934
126057	130832
126057	137690
126057	162504
126057	164701
126057	171212
126057	190803
126057	204569
126057	205283
126057	226411
126057	232037
126057	251990
126057	265387
126057	271205
135564	222432
135564	240526
137690	5562
137690	29115
137690	50528
137690	63856
137690	72001
137690	121421
137690	130832
137690	162504
137690	202127
137690	204569
137690	226411
137690	232712
137690	251990
137690	265387
137690	271205
121421	11760
121421	63856
121421	72001
121421	90978
121421	130832
121421	137690
121421	204569
121421	226411
121421	235247
121421	251990
121421	259094
121421	265387
121421	271205
121421	281196
71218	91
71218	602
71218	36225
71218	38949
71218	52022
71218	60440
71218	96358
71218	112742
71218	118244
71218	145892
71218	151428
71218	156223
71218	161890
71218	185472
71218	192120
71218	208542
71218	209489
71218	222873
71218	224434
71218	251990
71218	273989
71218	280673
88679	602
88679	2255
88679	4491
88679	6567
88679	9367
88679	14324
88679	15378
88679	16038
88679	19367
88679	19765
88679	25575
88679	32692
88679	33524
88679	35861
88679	37501
88679	39304
88679	45349
88679	52884
88679	58932
88679	59084
88679	64593
88679	72356
88679	75094
88679	80921
88679	83598
88679	84014
88679	85817
88679	87955
88679	89616
88679	89742
88679	90515
88679	93017
88679	94959
88679	102413
88679	109622
88679	116967
88679	117718
88679	123674
88679	129036
88679	129176
88679	130249
88679	132693
88679	135492
88679	139138
88679	140237
88679	148889
88679	149932
88679	155094
88679	158669
88679	163385
88679	169859
88679	173598
88679	176369
88679	178230
88679	185950
88679	190842
88679	202127
88679	209368
88679	209489
88679	212647
88679	218865
88679	220059
88679	224312
88679	225245
88679	226891
88679	239085
88679	240598
88679	244315
88679	249174
88679	251990
88679	255091
88679	256524
88679	256903
88679	264061
88679	268285
88679	273549
88679	278598
75952	51025
75952	60136
75952	62336
75952	65801
75952	80020
75952	92121
75952	94115
75952	120168
75952	134083
75952	152360
75952	238139
67378	72744
67378	115813
67378	183810
67378	226411
67378	229862
67378	251990
41235	91
41235	140
41235	6434
41235	13078
41235	14062
41235	60440
41235	68059
41235	85191
41235	87333
41235	96358
41235	105496
41235	112742
41235	118244
41235	141521
41235	145892
41235	151428
41235	161890
41235	169971
41235	177223
41235	192120
41235	207212
41235	208542
41235	209489
41235	213670
41235	222873
41235	234704
41235	250371
41235	251990
41235	275460
41235	277990
62336	51025
62336	60136
62336	65801
62336	75952
62336	80020
62336	92121
62336	94115
62336	120168
62336	134083
62336	152360
62336	238139
43111	22918
43111	40610
43111	63856
43111	70095
43111	72001
43111	72744
43111	115813
43111	121421
43111	126057
43111	130832
43111	137690
43111	183810
43111	204569
43111	218470
43111	226411
43111	229862
43111	232037
43111	251990
43111	265387
43111	271205
43111	274892
63856	44867
63856	68009
63856	72001
63856	121421
63856	130832
63856	137690
63856	204569
63856	226411
63856	246117
63856	251990
63856	259094
63856	265387
63856	271205
63856	276237
63856	281196
50528	5562
50528	22272
50528	29115
50528	63856
50528	72001
50528	121421
50528	130832
50528	137690
50528	162504
50528	202127
50528	204569
50528	226411
50528	232712
50528	251990
50528	265387
50528	271205
17737	602
17737	13078
17737	14606
17737	36225
17737	41099
17737	47006
17737	51081
17737	54088
17737	54106
17737	117713
17737	169971
17737	178420
17737	193344
17737	196980
17737	209489
17737	215174
17737	216284
17737	231824
17737	239935
17737	243109
17737	251990
17737	254394
23156	22511
23156	43111
23156	63856
23156	64593
23156	70095
23156	72001
23156	72744
23156	85817
23156	90515
23156	115813
23156	121421
23156	126057
23156	130832
23156	132693
23156	137690
23156	139138
23156	148889
23156	183810
23156	204569
23156	224434
23156	226411
23156	229862
23156	232037
23156	246117
23156	251990
23156	265387
23156	271205
24243	43111
24243	63856
24243	70095
24243	72001
24243	121421
24243	126057
24243	130832
24243	137690
24243	204569
24243	226411
24243	232037
24243	251990
24243	265387
24243	271205
11481	72001
11481	121421
11481	226411
11481	268119
11481	271205
22272	5562
22272	29115
22272	50528
22272	63856
22272	72001
22272	121421
22272	130832
22272	137690
22272	162504
22272	202127
22272	204569
22272	224434
22272	226411
22272	232712
22272	251990
22272	265387
22272	271205
5562	22272
5562	29115
5562	50878
5562	63856
5562	72001
5562	121421
5562	130832
5562	137690
5562	153812
5562	155461
5562	162504
5562	164701
5562	173650
5562	177164
5562	200687
5562	200822
5562	202127
5562	204569
5562	214876
5562	226411
5562	232712
5562	238487
5562	251990
5562	265387
5562	271205
29115	5562
29115	22272
29115	22511
29115	63856
29115	64593
29115	72001
29115	78331
29115	78978
29115	121421
29115	130832
29115	132693
29115	137690
29115	139138
29115	160831
29115	162504
29115	200687
29115	202127
29115	204569
29115	226411
29115	232712
29115	251990
29115	255091
29115	265387
29115	271205
17750	63856
17750	72001
17750	121421
17750	130832
17750	137690
17750	204569
17750	226411
17750	251990
17750	265387
17750	271205
69	6523
69	15365
6523	69
6523	122228
15365	69
15365	13111
70	17490
70	17781
70	49068
70	62478
70	64932
70	77999
70	96745
70	111245
70	120708
70	137632
70	153074
70	176790
70	179759
70	181701
70	183004
70	221087
70	247241
70	259455
70	265910
265910	17490
265910	17781
265910	49068
265910	62478
265910	62752
265910	64932
265910	77999
265910	96745
265910	111245
265910	113071
265910	120708
265910	137632
265910	153074
265910	174845
265910	176790
265910	181701
265910	183004
265910	211334
265910	221087
265910	247241
265910	259455
265910	261727
179759	70
179759	15844
179759	17490
179759	17781
179759	49068
179759	49303
179759	61419
179759	62478
179759	64932
179759	71562
179759	77999
179759	85497
179759	89312
179759	96745
179759	111245
179759	120708
179759	125929
179759	137632
179759	153074
179759	176790
179759	181701
179759	183004
179759	197090
179759	199105
179759	211767
179759	221087
179759	226254
179759	245865
179759	247241
179759	259455
179759	265910
179759	279258
153074	17490
153074	17781
153074	33653
153074	49068
153074	62478
153074	64932
153074	77999
153074	96745
153074	111245
153074	116040
153074	120708
153074	137632
153074	160677
153074	176790
153074	181701
153074	183004
153074	221087
153074	228279
153074	247241
153074	259455
153074	265910
111245	17490
111245	17781
111245	33653
111245	49068
111245	50957
111245	51255
111245	62478
111245	62752
111245	64932
111245	77999
111245	96745
111245	107715
111245	113071
111245	116040
111245	120708
111245	124527
111245	137632
111245	149974
111245	153074
111245	160677
111245	162132
111245	174845
111245	176790
111245	181701
111245	183004
111245	195704
111245	211334
111245	221087
111245	226325
111245	228279
111245	236264
111245	247241
111245	259455
111245	261727
111245	265910
111245	281187
64932	17490
64932	17781
64932	49068
64932	62478
64932	77999
64932	96745
64932	111245
64932	120708
64932	137632
64932	153074
64932	176790
64932	181701
64932	183004
64932	221087
64932	247241
64932	259455
64932	265910
49068	17490
49068	17781
49068	51255
49068	62478
49068	64932
49068	77999
49068	96745
49068	111245
49068	120708
49068	124527
49068	137632
49068	149974
49068	153074
49068	162132
49068	176790
49068	181701
49068	183004
49068	195704
49068	221087
49068	226325
49068	236264
49068	247241
49068	259455
49068	265910
49068	281187
17490	13847
17490	15844
17490	17781
17490	49068
17490	49303
17490	61419
17490	62478
17490	64932
17490	66980
17490	71562
17490	77999
17490	89312
17490	90701
17490	96745
17490	108379
17490	111245
17490	120708
17490	125929
17490	137632
17490	143215
17490	153074
17490	170621
17490	176790
17490	179759
17490	181701
17490	183004
17490	197090
17490	216072
17490	221087
17490	245865
17490	247241
17490	259455
17490	263714
17490	265910
17490	279258
71	119479
72	162418
72	263270
72	264548
263270	72
263270	50258
263270	264548
264548	72
264548	12026
264548	18326
264548	27954
264548	36803
264548	45089
264548	50258
264548	62263
264548	65437
264548	73240
264548	75254
264548	87009
264548	91614
264548	97186
264548	98841
264548	100705
264548	109812
264548	111678
264548	116722
264548	129880
264548	145461
264548	152233
264548	154727
264548	162418
264548	170392
264548	172865
264548	178346
264548	179571
264548	184618
264548	188509
264548	190933
264548	195165
264548	206411
264548	213072
264548	214034
264548	226883
264548	230112
264548	247087
264548	256802
264548	258471
264548	263270
264548	281431
162418	72
162418	12026
162418	264548
73	1619
73	5436
73	9680
73	12516
73	34573
73	38342
73	38896
73	46414
73	62574
73	65506
73	67897
73	81435
73	105607
73	114689
73	115382
73	118567
73	121154
73	156009
73	159623
73	167295
73	173129
73	198090
73	198886
73	214128
73	215445
73	219709
73	224421
73	226411
73	234704
73	237542
73	245659
73	256427
73	266260
73	266634
73	273979
266634	5436
266634	12516
266634	34573
266634	38342
266634	46414
266634	62574
266634	81435
266634	105607
266634	118567
266634	121154
266634	159623
266634	167295
266634	173129
266634	198090
266634	198886
266634	214128
266634	226411
266634	234704
266634	237542
266634	245659
273979	34573
273979	38342
273979	81435
273979	105607
273979	167295
273979	198090
273979	214128
273979	226411
273979	234704
273979	245659
266260	34573
266260	38342
266260	81435
266260	105607
266260	167295
266260	198090
266260	214128
266260	226411
266260	234704
266260	245659
256427	34573
256427	38342
256427	81435
256427	105607
256427	167295
256427	198090
256427	214128
256427	226411
256427	234704
256427	245659
237542	5436
237542	12516
237542	34573
237542	38342
237542	46414
237542	62574
237542	81435
237542	105607
237542	118567
237542	121154
237542	159623
237542	167295
237542	173129
237542	198090
237542	198886
237542	214128
237542	226411
237542	234704
237542	245659
237542	266634
215445	34573
215445	38342
215445	81435
215445	105607
215445	167295
215445	198090
215445	214128
215445	226411
215445	234704
215445	245659
219709	34573
219709	38342
219709	81435
219709	105607
219709	167295
219709	198090
219709	214128
219709	226411
219709	234704
219709	245659
224421	34573
224421	38342
224421	81435
224421	105607
224421	167295
224421	198090
224421	214128
224421	226411
224421	234704
224421	245659
198886	5436
198886	12516
198886	34573
198886	38342
198886	46414
198886	62574
198886	81435
198886	105607
198886	118567
198886	121154
198886	159623
198886	167295
198886	173129
198886	198090
198886	214128
198886	226411
198886	234704
198886	237542
198886	245659
198886	266634
173129	5436
173129	12516
173129	34573
173129	38342
173129	46414
173129	62574
173129	81435
173129	105607
173129	118567
173129	121154
173129	159623
173129	167295
173129	198090
173129	198886
173129	214128
173129	226411
173129	234704
173129	237542
173129	245659
173129	266634
159623	5436
159623	12516
159623	34573
159623	38342
159623	46414
159623	62574
159623	81435
159623	105607
159623	118567
159623	121154
159623	167295
159623	173129
159623	198090
159623	198886
159623	214128
159623	226411
159623	234704
159623	237542
159623	245659
159623	266634
156009	34573
156009	38342
156009	81435
156009	105607
156009	167295
156009	198090
156009	214128
156009	226411
156009	234704
156009	245659
121154	5436
121154	12516
121154	34573
121154	38342
121154	46414
121154	62574
121154	81435
121154	105607
121154	118567
121154	159623
121154	167295
121154	173129
121154	198090
121154	198886
121154	214128
121154	226411
121154	234704
121154	237542
121154	245659
121154	266634
118567	5436
118567	12516
118567	34573
118567	38342
118567	46414
118567	62574
118567	81435
118567	105607
118567	121154
118567	159623
118567	167295
118567	173129
118567	198090
118567	198886
118567	214128
118567	226411
118567	234704
118567	237542
118567	245659
118567	266634
115382	34573
115382	38342
115382	81435
115382	105607
115382	167295
115382	198090
115382	214128
115382	226411
115382	234704
115382	245659
114689	34573
114689	38342
114689	81435
114689	105607
114689	167295
114689	198090
114689	214128
114689	226411
114689	234704
114689	245659
46414	34573
46414	38342
46414	81435
46414	105607
46414	167295
46414	198090
46414	214128
46414	226411
46414	234704
46414	245659
62574	5436
62574	12516
62574	34573
62574	38342
62574	46414
62574	81435
62574	105607
62574	118567
62574	121154
62574	159623
62574	167295
62574	173129
62574	198090
62574	198886
62574	214128
62574	226411
62574	234704
62574	237542
62574	245659
62574	266634
67897	34573
67897	38342
67897	81435
67897	105607
67897	167295
67897	198090
67897	214128
67897	226411
67897	234704
67897	245659
65506	34573
65506	38342
65506	81435
65506	105607
65506	167295
65506	198090
65506	214128
65506	226411
65506	234704
65506	245659
38896	34573
38896	38342
38896	81435
38896	105607
38896	167295
38896	198090
38896	214128
38896	226411
38896	234704
38896	245659
5436	34573
5436	38342
5436	81435
5436	105607
5436	167295
5436	198090
5436	214128
5436	226411
5436	234704
5436	245659
12516	5436
12516	34573
12516	38342
12516	46414
12516	62574
12516	81435
12516	105607
12516	118567
12516	121154
12516	159623
12516	167295
12516	173129
12516	198090
12516	198886
12516	214128
12516	226411
12516	234704
12516	237542
12516	245659
12516	266634
1619	34573
1619	38342
1619	81435
1619	105607
1619	167295
1619	198090
1619	214128
1619	226411
1619	234704
1619	245659
9680	34573
9680	38342
9680	81435
9680	105607
9680	167295
9680	198090
9680	214128
9680	226411
9680	234704
9680	245659
74	6522
74	15364
6522	74
6522	57056
15364	74
15364	13115
75	34573
75	38342
75	81435
75	105607
75	167295
75	198090
75	214128
75	226411
75	234704
75	245659
76	162836
162836	76
162836	129285
162836	198520
162836	254292
162836	258116
77	22794
77	64737
77	114813
77	138869
77	140066
77	164067
77	164329
77	252306
252306	77
252306	22794
252306	52724
252306	64737
252306	114813
252306	138869
252306	140066
252306	164067
164067	22794
164067	64737
164067	114813
164067	138869
164329	77
164329	22794
164329	64737
164329	114813
164329	123972
164329	138869
164329	140066
164329	164067
138869	22794
138869	64737
138869	114813
138869	164067
114813	5299
114813	13006
114813	15637
114813	22794
114813	30436
114813	33596
114813	39927
114813	47532
114813	50644
114813	51804
114813	54671
114813	64737
114813	72668
114813	73737
114813	78352
114813	93163
114813	101053
114813	121581
114813	128859
114813	136457
114813	138869
114813	153665
114813	160889
114813	164067
114813	168112
114813	175239
114813	181396
114813	209139
114813	212689
114813	224117
114813	227087
114813	234175
114813	248285
114813	259242
114813	262845
114813	276367
114813	280498
140066	77
140066	22794
140066	29587
140066	42360
140066	48926
140066	49953
140066	52724
140066	58933
140066	71617
140066	76350
140066	98061
140066	102915
140066	105568
140066	118171
140066	123972
140066	126837
140066	129869
140066	138869
140066	158462
140066	159676
140066	164067
140066	164329
140066	167158
140066	176902
140066	182537
140066	202797
140066	205430
140066	208408
140066	214580
140066	219233
140066	220023
140066	222772
140066	229105
140066	252306
140066	255139
140066	281867
64737	22794
64737	70143
64737	114813
64737	118035
64737	138869
64737	160889
64737	164067
64737	187678
64737	280498
22794	64737
22794	114813
22794	138869
22794	164067
78	21796
78	44601
78	93471
78	93901
78	163486
78	182368
182368	21796
182368	44601
182368	93471
182368	93901
182368	163486
163486	21796
163486	44601
163486	93471
163486	93901
163486	94521
163486	249244
163486	279548
93901	21796
93901	44601
93901	93471
93901	163486
93471	21796
93471	44601
93471	93901
93471	163486
44601	78
44601	1897
44601	16779
44601	21158
44601	21796
44601	93471
44601	93901
44601	111806
44601	113099
44601	145127
44601	161494
44601	163486
44601	166577
44601	167163
44601	182368
44601	236353
21796	9546
21796	44601
21796	93471
21796	93901
21796	163486
21796	226411
21796	234168
79	151981
79	241454
79	258348
79	267492
79	276685
258348	16917
258348	24890
258348	28466
258348	56212
258348	61807
258348	81694
258348	118489
258348	144163
258348	145982
258348	151981
258348	182757
258348	237931
258348	241454
258348	267492
267492	151981
267492	241454
276685	79
276685	6519
276685	15366
276685	20000
276685	26329
276685	28677
276685	31054
276685	32104
276685	62006
276685	68146
276685	72234
276685	75620
276685	82329
276685	87793
276685	92096
276685	97855
276685	103212
276685	114019
276685	133887
276685	137595
276685	151981
276685	233757
276685	241454
276685	258348
151981	258348
80	2656
80	9600
80	36829
80	175144
80	175178
80	183870
80	195916
183870	80
183870	2656
183870	9600
183870	24584
183870	29922
183870	36829
183870	37003
183870	47764
183870	80729
183870	112616
183870	170757
183870	175144
183870	179398
183870	195916
183870	261549
183870	269501
175178	80
175178	2656
175178	9600
175178	36829
175178	175144
175178	195916
81	18412
18412	21859
18412	52402
18412	64983
18412	65580
18412	66694
18412	79782
18412	84041
18412	86638
18412	102593
18412	142012
18412	151915
18412	171334
18412	171435
18412	173905
18412	183344
18412	184125
18412	186472
18412	195705
18412	208822
18412	220393
18412	222854
18412	226056
18412	236666
82	35084
82	41117
82	58764
82	86240
82	222332
82	248139
82	270771
83	25257
83	63130
83	106713
83	152204
83	167199
83	233947
233947	83
233947	2264
233947	3352
233947	7637
233947	8670
233947	9808
233947	10914
233947	13154
233947	14273
233947	17761
233947	18887
233947	23012
233947	24120
233947	25257
233947	29782
233947	30850
233947	33303
233947	34386
233947	36387
233947	37509
233947	39928
233947	41060
233947	46425
233947	47553
233947	50498
233947	51612
233947	55964
233947	57063
233947	59681
233947	60817
233947	62002
233947	63130
233947	65334
233947	67031
233947	68152
233947	70941
233947	72087
233947	75804
233947	76928
233947	82421
233947	83504
233947	85439
233947	86565
233947	87675
233947	90853
233947	91922
233947	95764
233947	96845
233947	97959
233947	99126
233947	101366
233947	102058
233947	103131
233947	106713
233947	108933
233947	110024
233947	113248
233947	114325
233947	115383
233947	116483
233947	119847
233947	120920
233947	124307
233947	125384
233947	128538
233947	129643
233947	130750
233947	135061
233947	136135
233947	139760
233947	140843
233947	141571
233947	142627
233947	146466
233947	147602
233947	152969
233947	154017
233947	156826
233947	157960
233947	161315
233947	162447
233947	166084
233947	167199
233947	168276
233947	169396
233947	172438
233947	173549
152204	83
152204	32808
152204	173040
152204	197207
167199	83
167199	32808
167199	63130
167199	106713
167199	142627
167199	233947
106713	63130
106713	130750
106713	233947
106713	258215
63130	2264
63130	106713
63130	197207
63130	233947
25257	83
25257	50498
25257	63130
25257	106713
25257	173040
25257	233947
84	6517
84	10044
84	89073
84	134832
84	231363
231363	89073
134832	35575
134832	42642
134832	89073
134832	137798
134832	216712
134832	226629
134832	231363
89073	2001
89073	3556
89073	16201
89073	18506
89073	24303
89073	32299
89073	35005
89073	36369
89073	36840
89073	37088
89073	39108
89073	39768
89073	59768
89073	60210
89073	60490
89073	61518
89073	72013
89073	72175
89073	81532
89073	89385
89073	89404
89073	90220
89073	95961
89073	98412
89073	100658
89073	107304
89073	115484
89073	116423
89073	117824
89073	119959
89073	128561
89073	134832
89073	135736
89073	137798
89073	152641
89073	154656
89073	164922
89073	174665
89073	176626
89073	179645
89073	189765
89073	198140
89073	204870
89073	206375
89073	209927
89073	211552
89073	219941
89073	222950
89073	238638
89073	239652
89073	239848
89073	247931
89073	248220
89073	250360
89073	255083
89073	258180
89073	260556
89073	264455
89073	270862
89073	273587
89073	274541
89073	275396
89073	278602
89073	280159
10044	84
10044	14070
10044	89073
10044	134832
10044	231363
6517	84
6517	13106
6517	89073
6517	134832
6517	231363
85	87073
85	106171
85	254292
254292	159631
254292	232729
106171	85
87073	53714
87073	56654
87073	78856
87073	88176
87073	220572
87073	229501
87073	244867
86	55153
86	195570
86	208086
195570	23940
195570	48075
195570	49240
195570	142117
195570	164952
195570	208086
208086	6321
208086	11733
208086	22383
208086	71811
208086	78193
208086	78868
208086	111918
208086	113115
208086	115096
208086	117296
208086	128044
208086	140515
208086	147172
208086	151810
208086	156508
208086	164952
208086	177401
208086	181449
208086	192333
208086	194977
208086	195092
208086	195817
208086	206117
208086	214944
208086	238127
208086	274978
208086	275265
55153	86
55153	47058
55153	120921
55153	179345
55153	202079
55153	208086
55153	242522
87	96567
87	121200
87	165950
87	188253
87	203322
87	222775
87	252300
252300	87
252300	88116
252300	96567
252300	121200
252300	123968
252300	165950
252300	203322
222775	87
222775	52719
222775	96567
222775	106668
222775	121200
222775	165950
222775	203322
203322	10615
203322	13608
203322	15901
203322	20961
203322	37363
203322	40196
203322	42483
203322	62983
203322	66990
203322	84512
203322	90523
203322	95182
203322	96567
203322	109775
203322	118051
203322	125904
203322	132340
203322	134653
203322	147916
203322	165950
203322	171432
203322	172838
203322	186988
203322	197519
203322	198923
203322	212394
203322	214561
203322	214702
203322	216701
203322	239279
203322	242524
203322	256652
203322	258920
203322	260946
203322	271159
188253	96567
188253	98727
188253	130957
188253	162215
188253	165950
188253	203322
165950	13608
165950	96567
165950	109775
165950	113839
165950	203322
165950	246595
121200	87
121200	2606
121200	6372
121200	13082
121200	19068
121200	40013
121200	52719
121200	68954
121200	83828
121200	87071
121200	90197
121200	93227
121200	96567
121200	105574
121200	107292
121200	111486
121200	123968
121200	136516
121200	142951
121200	145984
121200	162215
121200	164333
121200	165950
121200	175317
121200	182688
121200	188863
121200	195070
121200	199149
121200	203322
121200	212754
121200	222775
121200	241816
121200	247100
121200	252300
121200	254379
121200	262916
121200	268692
96567	165950
96567	203322
88	8261
88	38783
88	72193
88	92583
88	103031
88	125372
88	175106
88	183865
88	204562
88	210403
88	216433
88	219782
88	226411
88	243109
88	256298
88	265428
256298	69098
265428	8261
265428	165336
265428	166057
265428	173057
265428	174036
265428	183865
265428	204380
265428	204562
265428	226411
265428	243109
265428	263771
216433	142
216433	3012
216433	7547
216433	8261
216433	17694
216433	24636
216433	24826
216433	29656
216433	31306
216433	34035
216433	37137
216433	42421
216433	58409
216433	63076
216433	66860
216433	67533
216433	69515
216433	81514
216433	89238
216433	89701
216433	98632
216433	118247
216433	121010
216433	132535
216433	133576
216433	136491
216433	141030
216433	145569
216433	146939
216433	147695
216433	149021
216433	151124
216433	152295
216433	166057
216433	166335
216433	169912
216433	174851
216433	178765
216433	179144
216433	179942
216433	182361
216433	183865
216433	188310
216433	189079
216433	190490
216433	191269
216433	191554
216433	192971
216433	196301
216433	204562
216433	206839
216433	207298
216433	216629
216433	226411
216433	228027
216433	239496
216433	240132
216433	242292
216433	243109
216433	246449
216433	247189
216433	247743
216433	248280
216433	252995
216433	253196
216433	262695
216433	263132
216433	263771
216433	263974
216433	265428
216433	268813
216433	269750
216433	272332
216433	281326
219782	8261
219782	38783
219782	72193
219782	92583
219782	125372
219782	175106
219782	183865
219782	204562
219782	210403
219782	216433
219782	226411
219782	243109
219782	256298
219782	265428
243109	8261
243109	73623
243109	87021
243109	116393
243109	133891
243109	156959
243109	166057
243109	175969
243109	181053
243109	183865
243109	204562
243109	216433
243109	226411
243109	243592
243109	246449
243109	256298
243109	257879
243109	263771
243109	265428
210403	88
210403	284
210403	8261
210403	10526
210403	13411
210403	16594
210403	16696
210403	23947
210403	25312
210403	25339
210403	34730
210403	36275
210403	38783
210403	41178
210403	46307
210403	46436
210403	52934
210403	53792
210403	58774
210403	58926
210403	71661
210403	72193
210403	76318
210403	81185
210403	84710
210403	92583
210403	94209
210403	99731
210403	99830
210403	102583
210403	106280
210403	113406
210403	113416
210403	113497
210403	122813
210403	124070
210403	124175
210403	125372
210403	127112
210403	129757
210403	134518
210403	135404
210403	140488
210403	152693
210403	159586
210403	164427
210403	164531
210403	165793
210403	169016
210403	169818
210403	175106
210403	182534
210403	183808
210403	183865
210403	204106
210403	204213
210403	204562
210403	207132
210403	211694
210403	216433
210403	218724
210403	219782
210403	222131
210403	223015
210403	226411
210403	228089
210403	228155
210403	228974
210403	239324
210403	239493
210403	243109
210403	245634
210403	247053
210403	250854
210403	252302
210403	252510
210403	256298
210403	257923
210403	258034
210403	260987
210403	264070
210403	265423
210403	265428
210403	275442
183865	280
183865	2468
183865	7522
183865	7547
183865	8261
183865	13632
183865	14344
183865	15355
183865	24826
183865	29383
183865	31030
183865	37931
183865	38272
183865	40300
183865	43379
183865	43407
183865	44168
183865	48533
183865	54733
183865	55882
183865	56626
183865	58409
183865	62764
183865	69058
183865	73623
183865	79795
183865	81609
183865	91460
183865	93552
183865	104023
183865	109564
183865	110893
183865	112858
183865	114316
183865	114719
183865	116307
183865	116393
183865	122086
183865	122617
183865	133955
183865	138590
183865	142568
183865	152295
183865	156959
183865	158161
183865	159393
183865	163953
183865	165336
183865	166057
183865	166335
183865	169912
183865	171861
183865	174851
183865	175455
183865	175969
183865	178031
183865	181053
183865	182865
183865	186480
183865	188842
183865	190796
183865	191237
183865	193660
183865	196165
183865	197158
183865	200210
183865	202299
183865	203842
183865	204562
183865	206839
183865	210751
183865	214427
183865	216433
183865	225488
183865	226411
183865	227333
183865	228516
183865	239394
183865	239854
183865	241719
183865	243109
183865	243592
183865	243755
183865	249411
183865	258237
183865	262486
183865	265428
183865	266996
183865	273630
183865	274373
183865	275460
183865	278875
204562	8261
204562	166057
204562	183865
204562	219782
204562	226411
204562	243109
204562	263771
204562	265428
175106	8261
175106	38783
175106	72193
175106	92583
175106	125372
175106	183865
175106	204562
175106	210403
175106	216433
175106	219782
175106	226411
175106	243109
175106	256298
175106	265428
125372	8261
125372	34834
125372	38783
125372	64554
125372	72193
125372	92583
125372	175106
125372	183865
125372	204562
125372	210403
125372	216433
125372	219782
125372	226411
125372	243109
125372	256298
125372	265428
103031	8261
103031	38783
103031	72193
103031	92583
103031	125372
103031	175106
103031	183865
103031	204562
103031	210403
103031	216433
103031	219782
103031	226411
103031	243109
103031	256298
103031	265428
92583	284
92583	979
92583	3714
92583	4074
92583	6910
92583	8261
92583	13411
92583	13524
92583	16594
92583	16696
92583	17361
92583	21002
92583	23947
92583	25339
92583	29478
92583	31797
92583	33726
92583	38783
92583	40778
92583	41178
92583	46415
92583	49329
92583	50459
92583	57763
92583	59552
92583	60242
92583	63033
92583	63070
92583	67196
92583	70065
92583	72193
92583	73979
92583	76318
92583	77552
92583	81065
92583	82793
92583	84710
92583	88171
92583	88941
92583	90756
92583	92468
92583	94209
92583	94310
92583	95082
92583	95100
92583	99731
92583	99830
92583	102583
92583	102680
92583	105826
92583	106988
92583	112693
92583	113406
92583	116570
92583	122651
92583	122772
92583	124070
92583	125372
92583	129757
92583	129863
92583	131192
92583	132545
92583	134421
92583	134582
92583	136871
92583	137782
92583	147500
92583	152137
92583	152518
92583	152650
92583	153792
92583	158305
92583	159586
92583	162772
92583	164427
92583	164531
92583	164588
92583	169016
92583	169359
92583	169818
92583	170869
92583	172606
92583	175106
92583	176768
92583	181557
92583	182534
92583	183865
92583	189534
92583	189658
92583	193822
92583	193869
92583	193979
92583	200686
92583	204106
92583	204213
92583	204562
92583	205651
92583	207132
92583	207160
92583	210099
92583	210403
92583	211611
92583	214735
92583	216433
92583	216994
92583	217481
92583	218724
92583	219782
92583	222131
92583	224539
92583	224586
92583	225332
92583	228089
92583	228181
92583	228974
92583	233155
92583	233490
92583	234305
92583	234725
92583	242853
92583	243109
92583	245634
92583	247053
92583	250757
92583	251619
92583	252302
92583	252510
92583	253343
92583	254235
92583	256486
92583	257414
92583	257923
92583	258034
92583	259266
92583	264026
92583	265423
92583	265428
92583	277988
72193	238
72193	3725
72193	6368
72193	8261
72193	10650
72193	11992
72193	13524
72193	38783
72193	39258
72193	39472
72193	46341
72193	46415
72193	49269
72193	52878
72193	53682
72193	63033
72193	63070
72193	67196
72193	81065
72193	88941
72193	92468
72193	92583
72193	94310
72193	95082
72193	95139
72193	102680
72193	105708
72193	112693
72193	122772
72193	125372
72193	129863
72193	131192
72193	134421
72193	136871
72193	152650
72193	155376
72193	159681
72193	162720
72193	164481
72193	169062
72193	172606
72193	172800
72193	175106
72193	176857
72193	182573
72193	183865
72193	189534
72193	189658
72193	193822
72193	193932
72193	197420
72193	200062
72193	200869
72193	204562
72193	210099
72193	210403
72193	214735
72193	216433
72193	217275
72193	219782
72193	224539
72193	226411
72193	228053
72193	228181
72193	235317
72193	235427
72193	242573
72193	243109
72193	250757
72193	252421
72193	252460
72193	256298
72193	256486
72193	260838
72193	260917
72193	265428
72193	275337
38783	8261
38783	72193
38783	92583
38783	125372
38783	175106
38783	183865
38783	204562
38783	210403
38783	216433
38783	219782
38783	226411
38783	243109
38783	256298
38783	265428
8261	166057
8261	183865
8261	204562
8261	226411
8261	243109
8261	263771
8261	265428
89	25392
89	53911
89	65235
89	235195
235195	89
235195	93933
235195	102228
235195	214628
235195	251964
235195	263222
53911	13024
53911	251964
65235	89
65235	50476
65235	53911
65235	263222
25392	89
25392	53911
25392	130811
25392	214628
90	39603
90	56587
90	69256
90	102357
90	125118
90	140302
90	195814
90	211301
90	222920
90	226411
211301	69256
211301	226411
211301	268699
222920	90
222920	69256
195814	90
195814	140302
125118	268699
140302	90
140302	195814
140302	252095
102357	90
102357	78331
56587	90
39603	90
39603	226411
69256	2208
69256	9236
69256	13078
69256	19348
69256	25181
69256	26849
69256	39024
69256	45061
69256	73239
69256	75538
69256	84070
69256	90515
69256	92419
69256	121635
69256	138689
69256	139864
69256	145462
69256	150391
69256	160831
69256	167367
69256	169254
69256	183947
69256	216233
69256	226411
69256	229024
69256	245938
69256	247745
69256	256214
69256	258071
69256	266688
69256	273424
69256	274882
69256	277815
69256	279419
91	22789
91	32115
91	40117
91	60440
91	65185
91	96358
91	112742
91	115740
91	118244
91	140571
91	145892
91	151428
91	161890
91	184900
91	193566
91	199143
91	208542
91	213983
91	222873
91	248989
91	253689
91	254127
91	255054
91	258143
91	264982
258143	7621
258143	20343
258143	75417
258143	98593
258143	193134
258143	253495
258143	257610
253689	91
253689	38949
253689	52022
253689	60440
253689	96358
253689	112742
253689	118244
253689	145892
253689	151428
253689	156223
253689	161890
253689	185472
253689	208542
253689	222873
253689	273989
253689	280673
253689	280933
254127	91
254127	60440
254127	96358
254127	112742
254127	115740
254127	118244
254127	145416
254127	145892
254127	151428
254127	161890
254127	161978
254127	208542
254127	215945
254127	222873
254127	253689
254127	255054
255054	91
255054	1293
255054	6802
255054	38949
255054	52022
255054	60440
255054	73571
255054	96358
255054	112742
255054	138998
255054	145892
255054	151428
255054	156223
255054	161890
255054	179199
255054	185472
255054	197993
255054	199224
255054	208542
255054	218074
255054	222873
255054	257397
255054	273989
248989	91
248989	20967
248989	32833
248989	35353
248989	44149
248989	48533
248989	49147
248989	60440
248989	65185
248989	66945
248989	68059
248989	73685
248989	79433
248989	92277
248989	93565
248989	95415
248989	96358
248989	99727
248989	99918
248989	103429
248989	105245
248989	112742
248989	114388
248989	115740
248989	118244
248989	126779
248989	140571
248989	142934
248989	144594
248989	144760
248989	145892
248989	149983
248989	151428
248989	152830
248989	161890
248989	171709
248989	176316
248989	176374
248989	184900
248989	190288
248989	202300
248989	202402
248989	203359
248989	208209
248989	208542
248989	209963
248989	212637
248989	222873
248989	233184
248989	235562
248989	236666
248989	239227
248989	240938
248989	253689
248989	266083
248989	270217
248989	281245
248989	281384
264982	91
264982	20967
264982	48533
264982	60440
264982	68059
264982	79433
264982	84298
264982	84733
264982	87333
264982	93565
264982	96358
264982	99918
264982	105245
264982	112742
264982	118244
264982	124648
264982	126779
264982	142934
264982	145892
264982	151428
264982	161890
264982	167397
264982	178230
264982	195085
264982	208209
264982	208542
264982	209963
264982	212637
264982	222873
264982	223781
264982	234704
264982	247148
264982	270339
213983	91
213983	4112
213983	6567
213983	13451
213983	14324
213983	16038
213983	19190
213983	19246
213983	22511
213983	23700
213983	24460
213983	25575
213983	28140
213983	37501
213983	37730
213983	38949
213983	52022
213983	59084
213983	60440
213983	64593
213983	65463
213983	73929
213983	75094
213983	76809
213983	80921
213983	89616
213983	90515
213983	96358
213983	112742
213983	116967
213983	130374
213983	132693
213983	136261
213983	139062
213983	139138
213983	145892
213983	151428
213983	151532
213983	156223
213983	161890
213983	163675
213983	172665
213983	178979
213983	185472
213983	190842
213983	208542
213983	218031
213983	222873
213983	224312
213983	225245
213983	229800
213983	239085
213983	244315
213983	248115
213983	256524
213983	262489
213983	273989
213983	278598
222873	91
222873	60440
222873	96358
222873	97165
222873	112742
222873	118244
222873	145892
222873	151428
222873	156223
222873	161890
222873	184266
222873	185472
222873	202402
222873	207243
222873	208542
222873	215730
222873	273381
184900	3067
184900	38421
184900	67732
184900	103648
184900	108881
184900	138628
184900	215945
184900	225665
184900	226411
184900	234319
184900	250770
193566	91
193566	14344
193566	25307
193566	32115
193566	44149
193566	49147
193566	60440
193566	63121
193566	65185
193566	73176
193566	73685
193566	96358
193566	99727
193566	112742
193566	115775
193566	118244
193566	136704
193566	140571
193566	145892
193566	151428
193566	161890
193566	171709
193566	183526
193566	202300
193566	203359
193566	204482
193566	208542
193566	222873
193566	231265
193566	236666
193566	239227
193566	240938
193566	258143
199143	91
199143	13456
199143	17139
199143	29276
199143	32833
199143	35288
199143	35508
199143	45543
199143	58292
199143	60440
199143	79335
199143	85191
199143	95159
199143	96358
199143	104213
199143	112742
199143	118244
199143	144594
199143	145892
199143	151428
199143	161316
199143	161890
199143	175875
199143	201470
199143	203193
199143	204234
199143	208542
199143	209434
199143	222873
199143	234704
199143	253057
199143	255710
199143	265121
199143	267171
199143	270217
199143	271759
199143	278675
208542	91
208542	25126
208542	28140
208542	47352
208542	55197
208542	60440
208542	83203
208542	96358
208542	98564
208542	100770
208542	112742
208542	120861
208542	133747
208542	145892
208542	151428
208542	161890
208542	192120
208542	198821
208542	222873
208542	226411
208542	255694
161890	91
161890	8625
161890	38949
161890	52022
161890	60440
161890	96358
161890	112742
161890	118244
161890	144555
161890	145892
161890	148909
161890	151011
161890	151428
161890	155446
161890	159929
161890	164206
161890	170752
161890	175444
161890	185472
161890	199487
161890	205928
161890	208542
161890	211862
161890	217122
161890	222873
161890	223686
161890	231853
161890	236866
161890	239017
161890	242941
161890	248088
161890	251467
161890	258173
161890	263768
161890	268003
161890	271503
161890	273653
161890	273989
161890	278986
151428	91
151428	20537
151428	41235
151428	48276
151428	54592
151428	60440
151428	85191
151428	88352
151428	94556
151428	96358
151428	105607
151428	112742
151428	126779
151428	133566
151428	145892
151428	146436
151428	161890
151428	185472
151428	194841
151428	207212
151428	208542
151428	222873
151428	239703
151428	240049
151428	260762
145892	91
145892	38949
145892	41235
145892	60440
145892	87333
145892	96358
145892	99475
145892	101510
145892	112742
145892	118244
145892	151428
145892	161890
145892	169971
145892	178230
145892	207212
145892	208542
145892	221742
145892	222873
145892	223222
145892	249543
145892	253245
145892	261697
145892	280067
118244	91
118244	8625
118244	38949
118244	52022
118244	60440
118244	65580
118244	96358
118244	112742
118244	126899
118244	132068
118244	145892
118244	151428
118244	158944
118244	161890
118244	185472
118244	196980
118244	208542
118244	222873
118244	228028
118244	258143
118244	273989
140571	6407
140571	42940
140571	45661
140571	65185
140571	95829
140571	110857
140571	112022
140571	135114
140571	137878
140571	226411
140571	228642
140571	248816
140571	264246
140571	280933
115740	47471
115740	48062
115740	56327
115740	214289
115740	265333
96358	91
96358	11760
96358	60440
96358	72411
96358	112742
96358	118244
96358	145892
96358	151428
96358	161890
96358	203254
96358	208542
96358	222873
40117	91
40117	428
40117	1083
40117	2151
40117	6434
40117	19367
40117	20110
40117	20950
40117	23902
40117	25120
40117	42031
40117	44249
40117	44552
40117	52988
40117	57350
40117	58932
40117	59958
40117	60440
40117	65325
40117	77580
40117	77774
40117	85688
40117	96358
40117	105496
40117	112742
40117	114719
40117	115955
40117	118244
40117	129885
40117	133797
40117	140675
40117	141271
40117	141577
40117	145505
40117	145892
40117	151428
40117	152491
40117	161494
40117	161890
40117	166561
40117	167745
40117	189272
40117	190869
40117	201348
40117	202203
40117	208542
40117	208567
40117	210313
40117	213507
40117	221745
40117	222873
40117	226898
40117	227430
40117	234737
40117	241477
40117	249646
40117	252737
40117	252746
40117	257344
40117	268285
40117	271119
40117	277845
40117	281007
65185	33934
65185	43397
65185	53738
65185	64411
65185	65035
65185	98401
65185	100682
65185	105736
65185	106376
65185	128016
65185	130367
65185	180750
65185	192404
65185	219358
65185	235602
65185	235775
65185	253115
65185	260815
65185	276249
65185	281175
60440	91
60440	3198
60440	13456
60440	21481
60440	38949
60440	39867
60440	40117
60440	45313
60440	59061
60440	70898
60440	83571
60440	96358
60440	101510
60440	112742
60440	118244
60440	145892
60440	151428
60440	161890
60440	175875
60440	199143
60440	208542
60440	221742
60440	222873
60440	223222
60440	224044
32115	91
32115	13078
32115	26210
32115	38949
32115	52022
32115	60440
32115	76689
32115	85191
32115	94734
32115	96358
32115	96932
32115	97083
32115	98646
32115	103930
32115	112439
32115	112742
32115	132984
32115	145892
32115	151428
32115	156223
32115	161890
32115	184900
32115	185472
32115	208542
32115	221742
32115	222873
32115	223222
32115	273989
22789	91
22789	17139
22789	20841
22789	32833
22789	35353
22789	45543
22789	60440
22789	96358
22789	99918
22789	112038
22789	112742
22789	118244
22789	123881
22789	124303
22789	145892
22789	151428
22789	152830
22789	161890
22789	174604
22789	176316
22789	190288
22789	208542
22789	210470
22789	222873
22789	235562
22789	266083
22789	281245
22789	281384
92	6475
92	15487
6475	92
6475	30976
15487	92
15487	13028
93	25388
93	65179
93	65238
93	122148
122148	94440
122148	94527
65179	93
65179	177
65179	50670
65179	56088
65179	90591
65179	94440
65179	260899
65238	93
65238	177
65238	50475
65238	122148
25388	93
25388	50670
25388	122148
25388	212271
94	148889
148889	40541
148889	51841
148889	113638
148889	131899
148889	140167
148889	171390
148889	191123
148889	198033
148889	203887
148889	225412
148889	226411
148889	231111
148889	235899
148889	248050
148889	258580
148889	277286
95	50785
95	60210
95	89073
95	93989
95	217283
217283	95
217283	6474
217283	13023
217283	15494
217283	26449
217283	28702
217283	30989
217283	32104
217283	60210
217283	61882
217283	68236
217283	89073
217283	92117
217283	93989
217283	95548
217283	97737
217283	103350
217283	165023
93989	60210
60210	4518
60210	14475
60210	16937
60210	33132
60210	41539
60210	50785
60210	89073
60210	93989
60210	104294
60210	118111
60210	158108
60210	169612
60210	202952
60210	212918
50785	89073
50785	93989
96	186750
96	225872
97	50785
97	60210
97	89073
97	93989
97	164027
164027	97
164027	32104
164027	37391
164027	40017
164027	46484
164027	57118
164027	59657
164027	60210
164027	61884
164027	68233
164027	89073
164027	93989
164027	111997
164027	122303
164027	165023
98	209160
209160	98
209160	100599
209160	118161
209160	177723
209160	200839
209160	213765
209160	223864
99	6471
99	15498
99	67756
99	69358
99	241454
6471	99
6471	30986
6471	67756
6471	69358
6471	241454
15498	99
15498	13020
15498	67756
15498	69358
15498	241454
100	61511
100	176659
176659	201501
176659	278481
61511	68327
101	14628
101	17781
101	38499
101	62478
101	77999
101	96745
101	104657
101	120708
101	131346
101	137295
101	137632
101	168274
101	176098
101	176790
101	181701
101	183004
101	212296
101	218757
101	221087
101	229139
101	247241
101	250751
101	259455
101	268537
250751	101
250751	14628
250751	16540
250751	17781
250751	38499
250751	58403
250751	60553
250751	62478
250751	77999
250751	96745
250751	104657
250751	120708
250751	128549
250751	131346
250751	137295
250751	137632
250751	168274
250751	176098
250751	176790
250751	178770
250751	181701
250751	183004
250751	206599
250751	212296
250751	218757
250751	221087
250751	229139
250751	247241
250751	259455
250751	262289
250751	268537
268537	6001
268537	14628
268537	17781
268537	44173
268537	62478
268537	77999
268537	96745
268537	100833
268537	120708
268537	131048
268537	131346
268537	137632
268537	156987
268537	168274
268537	169983
268537	176790
268537	181701
268537	183004
268537	203466
268537	216194
268537	218757
268537	221087
268537	229139
268537	229715
268537	247241
268537	253408
268537	259455
212296	101
212296	14628
212296	17781
212296	29723
212296	38499
212296	62478
212296	77999
212296	96745
212296	104657
212296	120708
212296	131346
212296	137295
212296	137632
212296	168274
212296	176098
212296	176790
212296	181701
212296	183004
212296	195514
212296	218757
212296	221087
212296	229139
212296	247241
212296	250751
212296	259455
212296	268537
218757	14628
218757	17781
218757	62478
218757	77999
218757	96745
218757	120708
218757	131346
218757	137632
218757	168274
218757	176790
218757	181701
218757	183004
218757	221087
218757	229139
218757	247241
218757	259455
218757	268537
229139	101
229139	14628
229139	17781
229139	38499
229139	62478
229139	77999
229139	96745
229139	104657
229139	120708
229139	131346
229139	137295
229139	137632
229139	168274
229139	176098
229139	176790
229139	181701
229139	183004
229139	212296
229139	218757
229139	221087
229139	247241
229139	250751
229139	259455
229139	268537
176098	101
176098	14628
176098	17781
176098	38499
176098	60016
176098	62478
176098	77999
176098	96745
176098	104657
176098	120708
176098	131346
176098	137295
176098	137632
176098	168274
176098	176790
176098	181701
176098	183004
176098	185260
176098	212296
176098	218757
176098	221087
176098	229139
176098	247241
176098	250751
176098	259455
176098	268537
176098	273088
168274	101
168274	14628
168274	17781
168274	38499
168274	50957
168274	59077
168274	62478
168274	77999
168274	96745
168274	104657
168274	118370
168274	120708
168274	131346
168274	137295
168274	137632
168274	150968
168274	163052
168274	176098
168274	176790
168274	181701
168274	183004
168274	187424
168274	212296
168274	218757
168274	221087
168274	225939
168274	229139
168274	247241
168274	250751
168274	259455
168274	268537
168274	268612
137295	101
137295	14628
137295	17781
137295	38499
137295	62478
137295	77999
137295	96745
137295	104657
137295	120708
137295	130945
137295	131346
137295	137632
137295	168274
137295	176098
137295	176790
137295	181701
137295	183004
137295	212296
137295	218757
137295	221087
137295	229139
137295	247241
137295	250751
137295	259455
137295	268537
131346	14628
131346	17781
131346	62478
131346	77999
131346	96745
131346	120708
131346	137632
131346	168274
131346	176790
131346	181701
131346	183004
131346	187424
131346	218757
131346	221087
131346	229139
131346	247241
131346	259455
131346	268537
104657	101
104657	2179
104657	14628
104657	17781
104657	36241
104657	38499
104657	62478
104657	62741
104657	77837
104657	77999
104657	96745
104657	120708
104657	125596
104657	131346
104657	137295
104657	137632
104657	163247
104657	168274
104657	176098
104657	176790
104657	181206
104657	181701
104657	183004
104657	212296
104657	218757
104657	221087
104657	229139
104657	244920
104657	247241
104657	250751
104657	259455
104657	268537
38499	101
38499	14628
38499	17781
38499	62478
38499	66846
38499	77999
38499	78641
38499	96745
38499	104657
38499	107301
38499	120708
38499	131346
38499	137295
38499	137632
38499	168274
38499	176098
38499	176790
38499	181701
38499	183004
38499	208924
38499	212296
38499	218757
38499	221087
38499	229139
38499	247241
38499	250751
38499	259455
38499	268537
14628	17781
14628	59077
14628	62478
14628	77999
14628	96745
14628	118370
14628	120708
14628	131346
14628	137632
14628	150968
14628	163052
14628	168274
14628	176790
14628	181701
14628	183004
14628	218757
14628	221087
14628	225939
14628	229139
14628	247241
14628	259455
14628	268537
102	7447
102	12569
102	17217
102	25448
102	34573
102	37125
102	38342
102	71996
102	81435
102	86437
102	93900
102	102533
102	105607
102	113522
102	138827
102	139343
102	156788
102	156828
102	162822
102	167050
102	167295
102	170067
102	174356
102	179974
102	190554
102	198090
102	204783
102	205713
102	214128
102	226411
102	228612
102	234704
102	245659
102	251636
102	255744
102	264776
251636	12282
251636	25448
251636	34573
251636	37125
251636	38342
251636	70999
251636	81435
251636	86437
251636	86723
251636	94983
251636	97358
251636	105607
251636	113522
251636	136617
251636	139343
251636	141249
251636	156788
251636	156828
251636	167295
251636	170067
251636	170421
251636	174356
251636	198090
251636	199004
251636	204783
251636	208258
251636	214128
251636	226411
251636	234704
251636	237273
251636	243935
251636	245659
251636	272488
251636	272699
264776	422
264776	6331
264776	12387
264776	26523
264776	34573
264776	38342
264776	44247
264776	51917
264776	64270
264776	81435
264776	84375
264776	86917
264776	88429
264776	91981
264776	97380
264776	101849
264776	105607
264776	108987
264776	131385
264776	136354
264776	155784
264776	162124
264776	167295
264776	168570
264776	170522
264776	195857
264776	198090
264776	203008
264776	214128
264776	226411
264776	232056
264776	234583
264776	234704
264776	237435
264776	243784
264776	245659
255744	422
255744	6331
255744	12387
255744	26523
255744	34573
255744	38342
255744	44247
255744	51917
255744	64270
255744	81435
255744	84375
255744	86917
255744	88429
255744	91981
255744	97380
255744	101849
255744	105607
255744	108987
255744	131385
255744	136354
255744	155784
255744	162124
255744	167295
255744	168570
255744	170522
255744	195857
255744	198090
255744	203008
255744	214128
255744	226411
255744	232056
255744	234583
255744	234704
255744	237435
255744	243784
255744	245659
228612	422
228612	6331
228612	12387
228612	26523
228612	34573
228612	38342
228612	44247
228612	51917
228612	64270
228612	81435
228612	84375
228612	86917
228612	88429
228612	91981
228612	97380
228612	101849
228612	105607
228612	108987
228612	131385
228612	136354
228612	155784
228612	162124
228612	167295
228612	168570
228612	170522
228612	195857
228612	198090
228612	203008
228612	214128
228612	226411
228612	232056
228612	234583
228612	234704
228612	237435
228612	243784
228612	245659
204783	25448
204783	34573
204783	37125
204783	38342
204783	55672
204783	60753
204783	62453
204783	65253
204783	73165
204783	81435
204783	86437
204783	105607
204783	110609
204783	113522
204783	117094
204783	137078
204783	139343
204783	155835
204783	156788
204783	156828
204783	167295
204783	169512
204783	170067
204783	172187
204783	174356
204783	198090
204783	214128
204783	226411
204783	234704
204783	245659
204783	251636
204783	274897
204783	279168
179974	422
179974	6331
179974	12387
179974	26523
179974	34573
179974	38342
179974	44247
179974	51917
179974	64270
179974	81435
179974	84375
179974	86917
179974	88429
179974	91981
179974	97380
179974	101849
179974	105607
179974	108987
179974	131385
179974	136354
179974	155784
179974	162124
179974	167295
179974	168570
179974	170522
179974	195857
179974	198090
179974	203008
179974	214128
179974	226411
179974	232056
179974	234583
179974	234704
179974	237435
179974	243784
179974	245659
190554	422
190554	6331
190554	12387
190554	26523
190554	34573
190554	38342
190554	44247
190554	51917
190554	64270
190554	81435
190554	84375
190554	86917
190554	88429
190554	91981
190554	97380
190554	101849
190554	105607
190554	108987
190554	131385
190554	136354
190554	155784
190554	162124
190554	167295
190554	168570
190554	170522
190554	195857
190554	198090
190554	203008
190554	214128
190554	226411
190554	232056
190554	234583
190554	234704
190554	237435
190554	243784
190554	245659
205713	422
205713	6331
205713	12387
205713	26523
205713	34573
205713	38342
205713	44247
205713	51917
205713	64270
205713	81435
205713	84375
205713	86917
205713	88429
205713	91981
205713	97380
205713	101849
205713	105607
205713	108987
205713	131385
205713	136354
205713	155784
205713	162124
205713	167295
205713	168570
205713	170522
205713	195857
205713	198090
205713	203008
205713	214128
205713	226411
205713	232056
205713	234583
205713	234704
205713	237435
205713	243784
205713	245659
156788	22250
156788	32863
156788	34573
156788	34868
156788	38342
156788	57569
156788	80897
156788	81435
156788	92038
156788	96586
156788	105607
156788	109275
156788	122283
156788	125816
156788	134687
156788	139191
156788	152128
156788	154225
156788	160627
156788	167295
156788	198090
156788	199371
156788	207559
156788	214128
156788	225376
156788	226411
156788	233464
156788	234704
156788	240877
156788	245659
156788	246674
156788	253805
156788	263660
156788	277191
156788	278140
156828	6667
156828	25448
156828	34573
156828	37125
156828	38342
156828	81435
156828	86437
156828	105607
156828	107940
156828	113522
156828	126839
156828	131349
156828	139343
156828	154261
156828	156788
156828	167295
156828	170067
156828	174027
156828	174356
156828	194011
156828	198090
156828	204494
156828	204783
156828	214128
156828	226411
156828	227576
156828	234704
156828	236097
156828	243023
156828	245659
156828	251636
156828	272154
156828	273448
156828	279771
170067	25448
170067	30011
170067	34573
170067	37125
170067	38342
170067	59242
170067	59419
170067	81435
170067	86437
170067	105607
170067	113522
170067	115374
170067	119604
170067	139343
170067	156788
170067	156828
170067	167295
170067	174356
170067	177747
170067	178473
170067	184468
170067	192467
170067	198090
170067	204003
170067	204783
170067	214128
170067	216617
170067	226411
170067	234704
170067	239145
170067	245659
170067	251636
170067	258022
170067	269695
174356	25448
174356	34573
174356	37125
174356	38342
174356	44102
174356	59915
174356	62890
174356	65592
174356	81435
174356	86437
174356	98682
174356	100949
174356	105488
174356	105607
174356	113522
174356	139343
174356	156788
174356	156828
174356	158241
174356	159166
174356	167295
174356	167324
174356	169518
174356	170067
174356	198090
174356	204783
174356	214128
174356	226411
174356	234704
174356	242772
174356	245659
174356	251636
174356	272603
174356	276038
167050	422
167050	6331
167050	12387
167050	26523
167050	34573
167050	38342
167050	44247
167050	51917
167050	64270
167050	81435
167050	84375
167050	86917
167050	88429
167050	91981
167050	97380
167050	101849
167050	105607
167050	108987
167050	131385
167050	136354
167050	155784
167050	162124
167050	167295
167050	168570
167050	170522
167050	195857
167050	198090
167050	203008
167050	214128
167050	226411
167050	232056
167050	234583
167050	234704
167050	237435
167050	243784
167050	245659
162822	422
162822	6331
162822	12387
162822	26523
162822	34573
162822	38342
162822	44247
162822	51917
162822	64270
162822	81435
162822	84375
162822	86917
162822	88429
162822	91981
162822	97380
162822	101849
162822	105607
162822	108987
162822	131385
162822	136354
162822	155784
162822	162124
162822	167295
162822	168570
162822	170522
162822	195857
162822	198090
162822	203008
162822	214128
162822	226411
162822	232056
162822	234583
162822	234704
162822	237435
162822	243784
162822	245659
113522	25448
113522	34573
113522	37125
113522	38342
113522	55672
113522	60753
113522	62453
113522	65253
113522	73165
113522	81435
113522	86437
113522	105607
113522	110609
113522	117094
113522	137078
113522	139343
113522	155835
113522	156788
113522	156828
113522	167295
113522	169512
113522	170067
113522	172187
113522	174356
113522	198090
113522	204783
113522	214128
113522	226411
113522	234704
113522	245659
113522	251636
113522	274897
113522	279168
139343	22250
139343	34547
139343	34573
139343	34868
139343	38342
139343	57517
139343	80897
139343	81435
139343	92038
139343	96586
139343	105607
139343	113528
139343	113955
139343	114618
139343	121557
139343	122283
139343	125816
139343	140645
139343	152461
139343	154225
139343	167295
139343	177525
139343	181944
139343	183545
139343	198090
139343	214128
139343	224079
139343	225376
139343	226411
139343	227399
139343	234704
139343	245659
139343	246674
139343	266470
139343	278140
138827	7447
138827	12569
138827	17217
138827	25448
138827	34573
138827	37125
138827	38342
138827	71996
138827	81435
138827	86437
138827	93900
138827	102533
138827	105607
138827	113522
138827	139343
138827	156788
138827	156828
138827	162822
138827	167050
138827	167295
138827	170067
138827	174356
138827	179974
138827	190554
138827	198090
138827	204783
138827	205713
138827	214128
138827	226411
138827	228612
138827	234704
138827	245659
138827	251636
138827	255744
138827	264776
86437	25448
86437	34573
86437	37125
86437	38342
86437	44102
86437	59915
86437	62890
86437	65592
86437	81435
86437	98682
86437	100949
86437	105488
86437	105607
86437	113522
86437	139343
86437	156788
86437	156828
86437	158241
86437	159166
86437	167295
86437	167324
86437	169518
86437	170067
86437	174356
86437	198090
86437	204783
86437	214128
86437	226411
86437	234704
86437	242772
86437	245659
86437	251636
86437	272603
86437	276038
71996	422
71996	6331
71996	12387
71996	26523
71996	34573
71996	38342
71996	44247
71996	51917
71996	64270
71996	81435
71996	84375
71996	86917
71996	88429
71996	91981
71996	97380
71996	101849
71996	105607
71996	108987
71996	131385
71996	136354
71996	155784
71996	162124
71996	167295
71996	168570
71996	170522
71996	195857
71996	198090
71996	203008
71996	214128
71996	226411
71996	232056
71996	234583
71996	234704
71996	237435
71996	243784
71996	245659
93900	422
93900	6331
93900	12387
93900	26523
93900	34573
93900	38342
93900	44247
93900	51917
93900	64270
93900	81435
93900	84375
93900	86917
93900	88429
93900	91981
93900	97380
93900	101849
93900	105607
93900	108987
93900	131385
93900	136354
93900	155784
93900	162124
93900	167295
93900	168570
93900	170522
93900	195857
93900	198090
93900	203008
93900	214128
93900	226411
93900	232056
93900	234583
93900	234704
93900	237435
93900	243784
93900	245659
102533	422
102533	6331
102533	12387
102533	26523
102533	34573
102533	38342
102533	44247
102533	51917
102533	64270
102533	81435
102533	84375
102533	86917
102533	88429
102533	91981
102533	97380
102533	101849
102533	105607
102533	108987
102533	131385
102533	136354
102533	155784
102533	162124
102533	167295
102533	168570
102533	170522
102533	195857
102533	198090
102533	203008
102533	214128
102533	226411
102533	232056
102533	234583
102533	234704
102533	237435
102533	243784
102533	245659
37125	25448
37125	33338
37125	34573
37125	38342
37125	47512
37125	51882
37125	81435
37125	86437
37125	89383
37125	99436
37125	105607
37125	113522
37125	135051
37125	139343
37125	156788
37125	156828
37125	167295
37125	170067
37125	174356
37125	185300
37125	185460
37125	193914
37125	198090
37125	204783
37125	214128
37125	226411
37125	234704
37125	245659
37125	251121
37125	251636
37125	261678
37125	268664
37125	276775
37125	279635
25448	29640
25448	34573
25448	37125
25448	38342
25448	45761
25448	54884
25448	54983
25448	81435
25448	86437
25448	105607
25448	109269
25448	113522
25448	116709
25448	117245
25448	121692
25448	139343
25448	156788
25448	156828
25448	167295
25448	170067
25448	174356
25448	177671
25448	181837
25448	190134
25448	198090
25448	204783
25448	209272
25448	214128
25448	218499
25448	225608
25448	226411
25448	234704
25448	245659
25448	251636
17217	422
17217	6331
17217	12387
17217	26523
17217	34573
17217	38342
17217	44247
17217	51917
17217	64270
17217	81435
17217	84375
17217	86917
17217	88429
17217	91981
17217	97380
17217	101849
17217	105607
17217	108987
17217	131385
17217	136354
17217	155784
17217	162124
17217	167295
17217	168570
17217	170522
17217	195857
17217	198090
17217	203008
17217	214128
17217	226411
17217	232056
17217	234583
17217	234704
17217	237435
17217	243784
17217	245659
12569	422
12569	6331
12569	12387
12569	26523
12569	34573
12569	38342
12569	44247
12569	51917
12569	64270
12569	81435
12569	84375
12569	86917
12569	88429
12569	91981
12569	97380
12569	101849
12569	105607
12569	108987
12569	131385
12569	136354
12569	155784
12569	162124
12569	167295
12569	168570
12569	170522
12569	195857
12569	198090
12569	203008
12569	214128
12569	226411
12569	232056
12569	234583
12569	234704
12569	237435
12569	243784
12569	245659
7447	422
7447	6331
7447	12387
7447	26523
7447	34573
7447	38342
7447	44247
7447	51917
7447	64270
7447	81435
7447	84375
7447	86917
7447	88429
7447	91981
7447	97380
7447	101849
7447	105607
7447	108987
7447	131385
7447	136354
7447	155784
7447	162124
7447	167295
7447	168570
7447	170522
7447	195857
7447	198090
7447	203008
7447	214128
7447	226411
7447	232056
7447	234583
7447	234704
7447	237435
7447	243784
7447	245659
103	119479
103	133182
133182	103
133182	6311
133182	79005
133182	110102
133182	119479
133182	168141
133182	202483
133182	260738
104	1638
104	4555
104	4784
104	29274
104	42887
104	53466
104	57900
104	67021
104	78940
104	82719
104	129335
104	138907
104	162049
104	277229
277229	4784
277229	29274
277229	42887
277229	67021
277229	78940
277229	162049
162049	4784
162049	29274
162049	42672
162049	42887
162049	56558
162049	67021
162049	78940
162049	81412
162049	125457
162049	141600
162049	152585
162049	192618
162049	193894
162049	197066
162049	239097
162049	242124
162049	244579
162049	259839
138907	104
138907	1638
138907	4555
138907	4784
138907	29274
138907	42887
138907	53466
138907	67021
138907	78940
138907	129335
138907	162049
138907	277229
129335	104
129335	1638
129335	4555
129335	4784
129335	29274
129335	42887
129335	53466
129335	67021
129335	78940
129335	124415
129335	138907
129335	162049
129335	277229
82719	4784
82719	29274
82719	42887
82719	67021
82719	78940
82719	162049
78940	4784
78940	29274
78940	42887
78940	67021
78940	156005
78940	162049
78940	162434
78940	166581
78940	177095
78940	182812
78940	184481
78940	226662
78940	258727
57900	4784
57900	26600
57900	29274
57900	32602
57900	42887
57900	67021
57900	78940
57900	89813
57900	101028
57900	107189
57900	129335
57900	162049
57900	164402
57900	171074
57900	182259
57900	193354
57900	255161
57900	278833
53466	104
53466	1638
53466	4555
53466	4784
53466	29274
53466	42887
53466	67021
53466	78940
53466	129335
53466	135242
53466	138907
53466	162049
53466	277229
53466	278833
67021	4784
67021	25885
67021	29274
67021	30393
67021	42887
67021	46864
67021	58058
67021	63177
67021	73915
67021	76126
67021	78940
67021	119703
67021	162049
67021	162812
67021	180536
67021	187602
67021	214335
67021	219456
67021	237755
42887	4784
42887	29274
42887	67021
42887	78940
42887	98907
42887	102612
42887	141946
42887	162049
42887	179838
42887	187396
42887	194546
42887	197839
4555	104
4555	1638
4555	4784
4555	29274
4555	42887
4555	53466
4555	67021
4555	78940
4555	129335
4555	138907
4555	162049
4555	277229
1638	104
1638	4784
1638	29274
1638	42887
1638	53466
1638	67021
1638	78940
1638	129335
1638	162049
29274	4784
29274	13926
29274	38304
29274	42887
29274	43835
29274	50926
29274	67021
29274	67074
29274	73416
29274	78940
29274	80775
29274	84434
29274	145047
29274	162049
29274	171462
29274	199095
29274	201221
29274	244579
29274	259839
4784	29274
4784	42887
4784	67021
4784	78728
4784	78940
4784	85115
4784	95478
4784	98468
4784	105990
4784	116289
4784	120932
4784	125220
4784	125666
4784	126360
4784	127467
4784	128332
4784	133134
4784	133797
4784	154125
4784	162049
4784	168395
4784	183714
4784	192415
4784	192618
4784	200053
4784	210704
4784	213823
4784	244579
4784	258528
4784	259839
105	6491
105	15471
105	28725
28725	26446
6491	105
6491	28725
6491	57092
15471	105
15471	13012
15471	28725
106	27992
106	39193
106	51898
106	63472
106	63717
106	68179
106	76646
106	107503
106	112061
106	120939
106	123255
106	138280
106	146656
106	183080
106	184264
106	209574
106	226411
106	228641
106	253570
106	263411
106	270237
106	271023
106	275692
106	279100
106	280346
106	281836
270237	35457
270237	63472
270237	138280
270237	183080
270237	184264
270237	226411
270237	253570
270237	271023
270237	279100
270237	279638
263411	27992
263411	39193
263411	51898
263411	63472
263411	63717
263411	68179
263411	76646
263411	107503
263411	112061
263411	120939
263411	123255
263411	138280
263411	146656
263411	183080
263411	184264
263411	209574
263411	226411
263411	228641
263411	253570
263411	270237
263411	271023
263411	275692
263411	279100
263411	280346
263411	281836
280346	27992
280346	39193
280346	51898
280346	63472
280346	63717
280346	68179
280346	76646
280346	107503
280346	112061
280346	120939
280346	123255
280346	138280
280346	146656
280346	183080
280346	184264
280346	209574
280346	226411
280346	228641
280346	253570
280346	263411
280346	270237
280346	271023
280346	275692
280346	279100
280346	281836
281836	11629
281836	24362
281836	27992
281836	39193
281836	51898
281836	63472
281836	63717
281836	68179
281836	76646
281836	107503
281836	112061
281836	118049
281836	120939
281836	123255
281836	130770
281836	138280
281836	146656
281836	158407
281836	162181
281836	183080
281836	184264
281836	209574
281836	226411
281836	228641
281836	252756
281836	253570
281836	263411
281836	264223
281836	268026
281836	270237
281836	271023
281836	274173
281836	275692
281836	279100
281836	280346
275692	5097
275692	27992
275692	29896
275692	39193
275692	51898
275692	63472
275692	63717
275692	68179
275692	76646
275692	107503
275692	120939
275692	123255
275692	135444
275692	146656
275692	183080
275692	184264
275692	209574
275692	228641
275692	253570
275692	271023
275692	279100
275692	281155
275692	281836
271023	15272
271023	23573
271023	26191
271023	57468
271023	63472
271023	68762
271023	72298
271023	83874
271023	84577
271023	87067
271023	103499
271023	108489
271023	123303
271023	138280
271023	145799
271023	148859
271023	162407
271023	167092
271023	182291
271023	183080
271023	183786
271023	184264
271023	185768
271023	188138
271023	195376
271023	198737
271023	207524
271023	208982
271023	218650
271023	223092
271023	226411
271023	227152
271023	229776
271023	236512
271023	253570
271023	259108
271023	267941
271023	270237
271023	270416
271023	270834
271023	278924
271023	279100
253570	63472
253570	138280
253570	183080
253570	184264
253570	226411
253570	270237
253570	279100
279100	6040
279100	8318
279100	8843
279100	9185
279100	11798
279100	14344
279100	15151
279100	22378
279100	26673
279100	26725
279100	29429
279100	35391
279100	42410
279100	43232
279100	48533
279100	51969
279100	53376
279100	53564
279100	53774
279100	54755
279100	55061
279100	57474
279100	57492
279100	59805
279100	59943
279100	63084
279100	63472
279100	63615
279100	68179
279100	68661
279100	72736
279100	75230
279100	76646
279100	82982
279100	83031
279100	92668
279100	93871
279100	94887
279100	98740
279100	102835
279100	105943
279100	111120
279100	113516
279100	114274
279100	114719
279100	114981
279100	120939
279100	122097
279100	123255
279100	123932
279100	126655
279100	129430
279100	132360
279100	137343
279100	143604
279100	146656
279100	149463
279100	152967
279100	160151
279100	162794
279100	170327
279100	176930
279100	179161
279100	183080
279100	184264
279100	193800
279100	194974
279100	198410
279100	200322
279100	203842
279100	204441
279100	209574
279100	211522
279100	219058
279100	219574
279100	221376
279100	222663
279100	224865
279100	226411
279100	228641
279100	230972
279100	233428
279100	235612
279100	241834
279100	244598
279100	251943
279100	253570
279100	261001
279100	270237
279100	271023
279100	275692
279100	281836
228641	27992
228641	39193
228641	51898
228641	63472
228641	63717
228641	68179
228641	76646
228641	107503
228641	120939
228641	123255
228641	146656
228641	183080
228641	184264
228641	209574
228641	253570
228641	271023
228641	275692
228641	279100
228641	281836
209574	2073
209574	27992
209574	39193
209574	51898
209574	52860
209574	62998
209574	63472
209574	63717
209574	68179
209574	76646
209574	98716
209574	107503
209574	107902
209574	112061
209574	120939
209574	123255
209574	131762
209574	138280
209574	146656
209574	167929
209574	177028
209574	183080
209574	184264
209574	212149
209574	226411
209574	228641
209574	253570
209574	263411
209574	270237
209574	271023
209574	273164
209574	275692
209574	279100
209574	280346
209574	281836
184264	63472
184264	138280
184264	183080
184264	219782
184264	226411
184264	253570
184264	270237
184264	279100
183080	19572
183080	39193
183080	59943
183080	63472
183080	77400
183080	114886
183080	123255
183080	132360
183080	138280
183080	143604
183080	160151
183080	184264
183080	221376
183080	222663
183080	226411
183080	253570
183080	256298
183080	270237
183080	279100
146656	193309
138280	63472
138280	183080
138280	184264
138280	226411
138280	253570
138280	270237
138280	279100
112061	5097
112061	27992
112061	29896
112061	39193
112061	51898
112061	63472
112061	63717
112061	68179
112061	76646
112061	107503
112061	120939
112061	123255
112061	146656
112061	183080
112061	184264
112061	209574
112061	228641
112061	253570
112061	271023
112061	275692
112061	279100
112061	281155
112061	281836
120939	27992
120939	39193
120939	51898
120939	63472
120939	63717
120939	68179
120939	76646
120939	107503
120939	112061
120939	123255
120939	138280
120939	146656
120939	183080
120939	184264
120939	202402
120939	209574
120939	226411
120939	228641
120939	253570
120939	263411
120939	270237
120939	271023
120939	275692
120939	279100
120939	280346
120939	281836
107503	174914
107503	213818
123255	21519
123255	27992
123255	39193
123255	51898
123255	63472
123255	63717
123255	68179
123255	76646
123255	107503
123255	112061
123255	120939
123255	138280
123255	146656
123255	183080
123255	184264
123255	209574
123255	226411
123255	228641
123255	253570
123255	263411
123255	270237
123255	271023
123255	275692
123255	279100
123255	280346
123255	281836
76646	27992
76646	39193
76646	51898
76646	63472
76646	63717
76646	68179
76646	107503
76646	112061
76646	120939
76646	123255
76646	138280
76646	146656
76646	183080
76646	184264
76646	209574
76646	226411
76646	228641
76646	253570
76646	263411
76646	270237
76646	271023
76646	275692
76646	279100
76646	280346
76646	281836
63717	63472
63717	138280
63717	183080
63717	184264
63717	226411
63717	253570
63717	270237
63717	279100
51898	5097
51898	27992
51898	29896
51898	39193
51898	63472
51898	63717
51898	68179
51898	76646
51898	107503
51898	112061
51898	120939
51898	123255
51898	138280
51898	146656
51898	183080
51898	184264
51898	209574
51898	226411
51898	228641
51898	253570
51898	263411
51898	270237
51898	271023
51898	275692
51898	279100
51898	280346
51898	281155
51898	281836
68179	21066
68179	39261
68179	44910
68179	57788
68179	63472
68179	63717
68179	76632
68179	79658
68179	87425
68179	103871
68179	112061
68179	120939
68179	123255
68179	138280
68179	139527
68179	158485
68179	183080
68179	184264
68179	222198
68179	226411
68179	226800
68179	253570
68179	254401
68179	261573
68179	263411
68179	270237
68179	279100
68179	280346
39193	19572
39193	27992
39193	33822
39193	51898
39193	63472
39193	63717
39193	68179
39193	76646
39193	103704
39193	107503
39193	112061
39193	120939
39193	123255
39193	125833
39193	138280
39193	146656
39193	159957
39193	183080
39193	184264
39193	186407
39193	209574
39193	226411
39193	228641
39193	236522
39193	250274
39193	253570
39193	256630
39193	263411
39193	270237
39193	271023
39193	275692
39193	279100
39193	280346
39193	281836
63472	35457
63472	138280
63472	173057
63472	183080
63472	184264
63472	226411
63472	253570
63472	270237
63472	271023
63472	279100
63472	279638
27992	39193
27992	51898
27992	63472
27992	63717
27992	68179
27992	76646
27992	107503
27992	112061
27992	120939
27992	123255
27992	138280
27992	146656
27992	183080
27992	184264
27992	209574
27992	226411
27992	228641
27992	253570
27992	263411
27992	270237
27992	271023
27992	275692
27992	279100
27992	280346
27992	281836
107	6489
107	59641
107	116869
116869	114666
59641	107
59641	57096
59641	116869
6489	107
6489	116869
6489	122318
108	2656
108	9600
108	36829
108	175144
108	195916
108	207959
207959	108
207959	2656
207959	5247
207959	9600
207959	18093
207959	36829
207959	175144
207959	190468
207959	195916
207959	236876
207959	276059
109	106212
106212	109
106212	82486
106212	129285
106212	254292
110	89073
110	262860
262860	89073
111	279636
279636	111
279636	123240
279636	140413
279636	195970
279636	279732
112	6484
112	67756
112	69358
112	241454
112	257204
257204	112
257204	67756
257204	69358
257204	241454
257204	260164
6484	112
6484	13009
6484	67756
6484	69358
6484	241454
113	8191
113	154350
113	195674
113	204886
113	210908
204886	154350
204886	210908
204886	228465
210908	195674
210908	204886
210908	228465
195674	210908
195674	228465
154350	204886
154350	228465
8191	135807
114	37194
114	55236
114	60303
114	80680
114	108328
114	133797
114	135811
114	145347
114	151939
114	192929
114	213898
114	221920
114	226411
114	264903
114	266528
264903	23038
264903	55236
264903	66263
264903	67056
264903	110853
264903	132021
264903	133797
264903	135909
264903	145347
264903	151939
264903	159607
264903	173462
264903	174205
264903	192929
264903	213898
264903	221228
264903	226411
264903	240639
264903	241267
266528	103843
266528	133797
266528	143080
266528	151939
266528	168795
266528	192766
266528	192929
266528	213898
266528	222442
266528	226411
266528	227252
266528	247486
266528	266497
221920	34933
221920	93333
221920	96231
221920	119953
221920	132021
221920	133797
221920	145347
221920	151939
221920	155074
221920	168353
221920	173462
221920	192929
221920	213898
221920	226411
213898	256
213898	2375
213898	12455
213898	15842
213898	18842
213898	19569
213898	23905
213898	28855
213898	29590
213898	31879
213898	37194
213898	43318
213898	43754
213898	46816
213898	48249
213898	48282
213898	50386
213898	53100
213898	55692
213898	60259
213898	61939
213898	63287
213898	65293
213898	67925
213898	70742
213898	79730
213898	81353
213898	86953
213898	89156
213898	89872
213898	91944
213898	95608
213898	98052
213898	106230
213898	113269
213898	120318
213898	126070
213898	128887
213898	130841
213898	134919
213898	135088
213898	137663
213898	138419
213898	145316
213898	146120
213898	155858
213898	155992
213898	161928
213898	168418
213898	171650
213898	174009
213898	176798
213898	178481
213898	179682
213898	181078
213898	181636
213898	187544
213898	192767
213898	196205
213898	198877
213898	209154
213898	229511
213898	231710
213898	233938
213898	237721
213898	244269
213898	245265
213898	253188
213898	257490
213898	259547
213898	268654
213898	268988
213898	270200
213898	271175
213898	271306
213898	274861
192929	89156
192929	232415
151939	89156
145347	4654
145347	128408
145347	133797
145347	151939
145347	192929
145347	213898
145347	226411
133797	12303
133797	13032
133797	29885
133797	56802
133797	68276
133797	85602
133797	98921
133797	101152
133797	126639
133797	150979
133797	154944
133797	172763
133797	190473
133797	218750
133797	221157
133797	226411
133797	238753
133797	253663
133797	255950
133797	262396
133797	263975
133797	271709
108328	23038
108328	55236
108328	72341
108328	72661
108328	90895
108328	92936
108328	107772
108328	133797
108328	145347
108328	151939
108328	159607
108328	161403
108328	165637
108328	185000
108328	192929
108328	213898
108328	216619
108328	220785
108328	226411
108328	226632
108328	237378
108328	241267
108328	241691
108328	254905
135811	114
135811	60303
135811	80680
135811	100511
135811	108328
135811	117173
135811	130096
135811	133797
135811	145685
135811	151939
135811	192929
135811	213898
135811	226411
135811	230433
135811	246684
80680	37194
80680	117173
80680	133797
80680	135811
80680	145685
80680	151939
80680	192929
80680	213898
80680	226411
55236	43975
55236	87730
55236	92936
55236	133797
55236	151939
55236	159607
55236	192929
55236	213898
55236	226411
37194	114
37194	60303
37194	80680
37194	100511
37194	108328
37194	117173
37194	130096
37194	133797
37194	135811
37194	145685
37194	151939
37194	192929
37194	213898
37194	226411
37194	230433
37194	246684
60303	114
60303	32380
60303	37194
60303	55236
60303	80680
60303	92936
60303	129492
60303	133797
60303	135811
60303	145347
60303	151939
60303	159607
60303	192929
60303	213898
60303	215134
60303	221228
60303	226411
60303	230433
60303	240639
60303	263337
60303	264903
60303	278099
115	2581
115	17781
115	62478
115	77999
115	82526
115	96745
115	101866
115	116126
115	120708
115	137632
115	153744
115	167221
115	176790
115	181701
115	183004
115	221087
115	247241
115	259455
115	259855
259855	2581
259855	17781
259855	22883
259855	62478
259855	77999
259855	82215
259855	82526
259855	96745
259855	101866
259855	116126
259855	120708
259855	137632
259855	167221
259855	176790
259855	181701
259855	183004
259855	221087
259855	247241
259855	259455
259855	271985
153744	115
153744	2581
153744	4190
153744	17781
153744	59574
153744	62478
153744	77999
153744	82526
153744	96745
153744	101866
153744	110262
153744	115588
153744	116126
153744	120708
153744	137632
153744	138688
153744	167221
153744	169651
153744	176790
153744	181701
153744	183004
153744	186882
153744	199023
153744	211334
153744	221087
153744	235271
153744	247241
153744	259455
153744	259855
153744	259991
167221	2581
167221	17781
167221	42076
167221	62478
167221	67402
167221	77999
167221	82526
167221	96745
167221	101866
167221	116126
167221	120708
167221	137632
167221	171357
167221	176790
167221	181701
167221	183004
167221	217656
167221	221087
167221	247241
167221	259455
167221	259855
116126	2581
116126	5199
116126	17781
116126	62478
116126	77999
116126	82526
116126	96745
116126	99943
116126	101866
116126	120708
116126	133234
116126	137632
116126	159163
116126	167221
116126	176790
116126	181701
116126	183004
116126	204325
116126	221087
116126	227583
116126	247241
116126	254273
116126	259455
116126	259855
101866	2581
101866	17781
101866	62478
101866	77999
101866	82526
101866	96745
101866	116126
101866	120708
101866	137632
101866	167221
101866	176790
101866	181701
101866	183004
101866	221087
101866	247241
101866	259455
101866	259855
82526	2581
82526	17781
82526	59574
82526	62478
82526	77999
82526	96745
82526	101866
82526	115588
82526	116126
82526	120708
82526	137632
82526	153744
82526	167221
82526	176790
82526	181701
82526	183004
82526	186882
82526	221087
82526	235271
82526	247241
82526	259455
82526	259855
2581	17781
2581	22883
2581	42076
2581	50957
2581	57725
2581	59574
2581	62478
2581	67402
2581	77999
2581	82215
2581	82526
2581	96745
2581	101866
2581	115588
2581	116126
2581	120708
2581	137632
2581	153744
2581	167221
2581	171357
2581	176790
2581	181701
2581	183004
2581	186882
2581	217656
2581	221087
2581	235271
2581	247241
2581	259455
2581	259855
2581	271985
116	6438
116	28744
116	108800
116	208306
208306	108800
208306	197539
108800	136273
108800	208306
6438	116
6438	13072
6438	108800
6438	208306
28744	116
28744	30934
28744	108800
28744	208306
117	105462
117	245849
245849	5282
245849	47747
245849	105462
245849	106506
245849	117761
245849	123214
245849	236209
105462	117
105462	113926
105462	222639
105462	245849
105462	280863
118	826
118	7143
118	10294
118	16965
118	53153
118	53386
118	55095
118	66238
118	70913
118	73683
118	82538
118	85418
118	88525
118	90466
118	96024
118	104797
118	111350
118	132181
118	132695
118	139301
118	151506
118	159668
118	163141
118	172896
118	172958
118	178134
118	184737
118	185525
118	185975
118	187558
118	191562
118	201333
118	206871
118	209620
118	210166
118	220218
118	231343
118	234704
118	235149
118	239428
118	243977
118	245384
118	245692
118	245763
118	262249
118	268240
118	276406
118	280365
268240	12962
268240	17954
268240	24762
268240	34573
268240	35240
268240	38342
268240	74902
268240	80194
268240	81435
268240	84908
268240	86368
268240	95705
268240	105607
268240	113385
268240	113888
268240	122570
268240	154291
268240	159247
268240	167295
268240	180763
268240	198090
268240	214128
268240	226411
268240	227974
268240	234704
268240	242285
268240	245659
268240	272199
262249	59326
262249	73855
262249	116053
262249	124818
262249	132695
262249	158395
262249	185975
262249	211401
262249	222026
262249	234704
262249	237002
262249	242083
262249	251383
280365	6567
280365	11602
280365	43782
280365	66778
280365	128526
280365	132695
280365	145414
280365	211401
280365	215754
280365	234704
276406	13416
276406	103479
276406	132695
276406	167094
276406	215163
276406	234704
276406	253509
245692	132695
245692	234704
245384	602
245384	19558
245384	38674
245384	42583
245384	48690
245384	52884
245384	53734
245384	132695
245384	143881
245384	155723
245384	165447
245384	168387
245384	192399
245384	195088
245384	220912
245384	234704
245384	237268
245384	251673
245384	264392
245384	276174
231343	132695
231343	234704
220218	14453
220218	66229
220218	132695
220218	218070
220218	234704
220218	279396
245763	15320
245763	33524
245763	63646
245763	107560
245763	112189
245763	132695
245763	137645
245763	163675
245763	212877
245763	213009
245763	234704
243977	132695
243977	234704
235149	132695
235149	234704
239428	31097
239428	55420
239428	71878
239428	104836
239428	124951
239428	132695
239428	134948
239428	159495
239428	182334
239428	205642
239428	222209
239428	222234
239428	232305
239428	234704
239428	235025
239428	264502
185975	116053
185975	132695
185975	234704
201333	22460
201333	26582
201333	37370
201333	44966
201333	60574
201333	69758
201333	72427
201333	74309
201333	74569
201333	77267
201333	80193
201333	83707
201333	100169
201333	101380
201333	114598
201333	132695
201333	136012
201333	137645
201333	142015
201333	155251
201333	156147
201333	168935
201333	171874
201333	180826
201333	184380
201333	186204
201333	199013
201333	201310
201333	203401
201333	211401
201333	219844
201333	234704
201333	235337
201333	237936
201333	241577
201333	245638
201333	255400
201333	269195
185525	9818
185525	61345
185525	178047
185525	239403
185525	267333
185525	269529
187558	132695
187558	234704
209620	6885
209620	18792
209620	59328
209620	71021
209620	72714
209620	76317
209620	77061
209620	85761
209620	85766
209620	94931
209620	101694
209620	108208
209620	118106
209620	132695
209620	178304
209620	193249
209620	205924
209620	212453
209620	222368
209620	225976
209620	232242
209620	234704
209620	241080
209620	272742
209620	278598
209620	281433
184737	132695
184737	234704
184737	249831
184737	263694
206871	13259
206871	47143
206871	57312
206871	76275
206871	116264
206871	132695
206871	145624
206871	171471
206871	188473
206871	190282
206871	193022
206871	204754
206871	212877
206871	234704
206871	240761
206871	256465
206871	257001
206871	272017
206871	279641
210166	66229
210166	89616
210166	132695
210166	234704
210166	263007
210166	273606
191562	132695
191562	234704
178134	140
178134	7554
178134	18131
178134	58112
178134	61173
178134	63351
178134	64793
178134	72836
178134	83794
178134	87634
178134	96024
178134	100504
178134	100844
178134	124818
178134	125566
178134	128526
178134	132695
178134	133195
178134	133235
178134	141248
178134	142656
178134	175712
178134	190668
178134	199750
178134	201990
178134	222026
178134	225610
178134	234704
178134	235422
178134	242385
178134	242518
178134	242536
178134	245692
178134	248128
178134	256882
178134	272793
178134	274069
163141	132695
163141	143332
163141	145752
163141	152297
163141	167634
163141	174196
163141	234704
172896	3889
172896	86087
172896	132695
172896	145414
172896	211401
172896	234704
172896	237746
151506	132695
151506	234704
159668	2249
159668	12094
159668	25971
159668	44469
159668	45282
159668	45585
159668	53537
159668	56493
159668	69393
159668	79381
159668	79498
159668	81301
159668	82537
159668	91230
159668	104340
159668	104704
159668	113281
159668	117607
159668	131430
159668	132695
159668	141570
159668	142001
159668	145256
159668	148939
159668	159229
159668	164203
159668	165728
159668	168905
159668	175133
159668	176815
159668	176947
159668	179954
159668	185047
159668	185472
159668	193178
159668	209734
159668	211401
159668	214319
159668	214617
159668	217793
159668	217830
159668	224639
159668	225296
159668	234144
159668	234704
159668	234946
159668	239191
159668	252862
159668	255346
159668	260350
159668	260870
159668	262737
159668	263007
159668	266555
159668	266766
159668	268240
159668	272478
159668	273432
159668	274714
172958	4393
172958	133878
172958	190849
172958	198904
172958	226411
172958	234704
172958	247608
132181	4393
132181	15121
132181	65463
132181	77580
132181	133878
132181	141271
132181	146428
132181	190849
132181	198904
132181	226411
132181	234704
132181	247608
132181	257344
111350	140
111350	57149
111350	93200
111350	132695
111350	189977
111350	211401
111350	234704
111350	263694
139301	18436
139301	58291
139301	132695
139301	234704
132695	10241
132695	16131
132695	17953
132695	26573
132695	38255
132695	43317
132695	45282
132695	66229
132695	81024
132695	105351
132695	107560
132695	117905
132695	138302
132695	151341
132695	155508
132695	175835
132695	178663
132695	211401
132695	212877
132695	229966
132695	234704
132695	234946
132695	242529
132695	244058
132695	248147
132695	252590
132695	263007
132695	268240
96024	262320
90466	21231
90466	21961
90466	25750
90466	53634
90466	74569
90466	88525
90466	97260
90466	132092
90466	132695
90466	163711
90466	181377
90466	201333
90466	234704
90466	239221
90466	256524
90466	265757
104797	14324
104797	19304
104797	37822
104797	132695
104797	149110
104797	160728
104797	234704
88525	132695
88525	234704
85418	17224
85418	27278
85418	41352
85418	113022
85418	132695
85418	234704
73683	81301
73683	119032
73683	132695
73683	136240
73683	155863
73683	157266
73683	160712
73683	168387
73683	178899
73683	211401
73683	212222
73683	214319
73683	223048
73683	229966
73683	234704
73683	239232
73683	249008
73683	263007
70913	3344
70913	3430
70913	109013
70913	113922
70913	132695
70913	149924
70913	201424
70913	234704
82538	40454
82538	132695
82538	148520
82538	204750
82538	234276
82538	234704
55095	120350
55095	132695
55095	234704
55095	236813
55095	259054
53386	35372
53386	58574
53386	78585
53386	132695
53386	234704
53386	244545
53386	269273
66238	13100
66238	132695
66238	134519
66238	168760
66238	220977
66238	234704
66238	268635
53153	93200
53153	132695
53153	234704
7143	13883
7143	35820
7143	75212
7143	81301
7143	88755
7143	118109
7143	118553
7143	123619
7143	127744
7143	132695
7143	153993
7143	155508
7143	178663
7143	182665
7143	187118
7143	187512
7143	210414
7143	215474
7143	225190
7143	234704
7143	235399
7143	256675
7143	261535
7143	272007
10294	3485
10294	12094
10294	45585
10294	48307
10294	53537
10294	55140
10294	74166
10294	79381
10294	88773
10294	91230
10294	102825
10294	116033
10294	127625
10294	131430
10294	132695
10294	133289
10294	140075
10294	143254
10294	148939
10294	155462
10294	161679
10294	172495
10294	173305
10294	182126
10294	217793
10294	225296
10294	234704
10294	239191
10294	244765
10294	257674
10294	258410
10294	260350
10294	266555
16965	63249
16965	132695
16965	157879
16965	185525
16965	214404
16965	234704
16965	280622
826	24460
826	37656
826	74175
826	81256
826	109307
826	112989
826	116549
826	132695
826	138068
826	186554
826	193256
826	200780
826	207234
826	213582
826	220912
826	234704
826	235746
826	263316
826	264868
119	72900
119	119479
72900	119
72900	16129
72900	78749
72900	119479
72900	144092
72900	156482
72900	236566
120	25353
120	65275
120	72753
120	88748
120	94455
120	260799
260799	88748
260799	94455
260799	190714
260799	275425
72753	120
72753	19590
72753	96165
72753	135457
94455	120
94455	13066
94455	15446
94455	25353
94455	27566
94455	32126
94455	39547
94455	42205
94455	50438
94455	53948
94455	58550
94455	65275
94455	74212
94455	85380
94455	88748
94455	94562
94455	101286
94455	106757
94455	118644
94455	122185
94455	130835
94455	133009
94455	138501
94455	249583
94455	254385
94455	260799
94455	266337
94455	268911
94455	275425
88748	19590
88748	94455
88748	118644
88748	260799
65275	120
65275	50438
65275	88748
65275	94455
65275	135457
65275	260799
25353	120
25353	88748
25353	94455
25353	96165
25353	130835
25353	260799
121	7853
121	48448
121	149232
121	167005
121	196527
121	226314
121	230808
121	236716
121	248681
248681	27662
248681	43215
248681	47292
248681	48448
248681	67199
248681	75825
248681	99818
248681	111070
248681	133938
248681	136763
248681	156922
248681	157914
248681	189268
248681	193687
248681	196527
248681	200779
248681	208268
248681	235689
248681	236716
248681	256320
230808	117905
230808	122638
230808	180763
230808	195085
230808	278497
226314	195085
226314	238128
226314	278497
236716	48448
236716	133938
236716	196527
236716	226411
236716	248681
236716	278497
196527	121
196527	42897
196527	89097
196527	236716
196527	250859
167005	195085
167005	265121
167005	278497
149232	48448
149232	196527
149232	236716
149232	248681
48448	16735
48448	18219
48448	42897
48448	45980
48448	71570
48448	77363
48448	88101
48448	89097
48448	170400
48448	236716
48448	250859
7853	48448
7853	196527
7853	200779
7853	236716
7853	248681
122	59625
122	122266
122266	122
122266	6432
59625	122
59625	57142
59625	218466
123	90954
123	92294
123	126803
123	280750
280750	123
280750	90954
280750	92294
280750	126803
126803	123
126803	90954
126803	92294
126803	92679
126803	272276
126803	280750
92294	123
92294	90954
92294	126803
92294	280750
90954	123
90954	15303
90954	92294
90954	126803
90954	254246
90954	275441
90954	280750
124	25345
124	64206
124	96762
124	103064
124	106767
124	112096
112096	6428
112096	56017
112096	64206
112096	103064
106767	124
106767	60797
106767	64206
106767	103064
106767	112096
106767	130830
96762	124
96762	60797
96762	72032
96762	120966
103064	124
103064	1241
103064	5288
103064	6428
103064	11931
103064	16640
103064	19937
103064	21010
103064	25345
103064	26430
103064	28735
103064	30943
103064	38498
103064	43266
103064	44364
103064	45448
103064	50444
103064	54994
103064	57445
103064	64206
103064	65266
103064	69280
103064	70397
103064	73121
103064	79166
103064	81414
103064	84242
103064	85390
103064	89859
103064	93431
103064	100166
103064	101276
103064	105401
103064	106767
103064	107904
103064	111029
103064	112096
103064	117545
103064	123310
103064	126462
103064	130830
103064	131929
103064	134054
103064	137419
103064	144899
103064	148580
103064	150651
103064	154749
103064	155794
103064	159036
103064	165104
103064	170534
103064	171704
103064	174565
64206	1241
64206	103064
64206	112096
64206	120966
25345	124
25345	50444
25345	64206
25345	72032
25345	103064
25345	112096
125	203947
203947	193224
126	6427
126	15460
126	89073
126	134832
126	231363
15460	126
15460	13057
15460	89073
15460	134832
15460	231363
6427	126
6427	57148
6427	89073
6427	134832
6427	231363
127	6426
127	15461
127	28732
28732	26427
6426	127
6426	28732
6426	57147
15461	127
15461	13056
15461	28732
128	151981
128	241454
128	245838
128	258348
128	267492
245838	128
245838	6421
245838	13062
245838	15456
245838	19946
245838	26424
245838	28739
245838	30937
245838	32104
245838	37417
245838	39985
245838	72181
245838	75708
245838	82394
245838	95521
245838	97770
245838	103320
245838	106943
245838	111959
245838	114019
245838	151981
245838	220418
245838	226168
245838	241454
245838	258348
129	89511
89511	3699
89511	4482
89511	24606
89511	37781
89511	113232
89511	129255
89511	147953
89511	224103
89511	232388
130	26007
130	60996
130	133797
130	151939
130	152131
130	192929
130	213898
130	222442
130	226411
130	240038
222442	255950
240038	130
240038	26007
240038	133797
240038	151939
240038	152131
240038	165262
240038	192929
240038	213898
240038	222442
240038	226411
240038	250076
152131	130
152131	26007
152131	38942
152131	60996
152131	126759
152131	131995
152131	133797
152131	151939
152131	165262
152131	192929
152131	213898
152131	216794
152131	222442
152131	226411
152131	238307
152131	240038
152131	259547
152131	275830
60996	130
60996	26007
60996	133797
60996	151939
60996	152131
60996	192929
60996	213898
60996	222442
60996	226411
26007	130
26007	38942
26007	40050
26007	60996
26007	64276
26007	105363
26007	113038
26007	121469
26007	126759
26007	131995
26007	133797
26007	151939
26007	152131
26007	165262
26007	192929
26007	194569
26007	201349
26007	213898
26007	216794
26007	222442
26007	226411
26007	238307
26007	240038
26007	270200
26007	275830
131	35084
131	41117
131	58764
131	86240
131	222332
131	248139
131	270771
132	203842
203842	8000
203842	14125
203842	19470
203842	20533
203842	36675
203842	49469
203842	61222
203842	64445
203842	64715
203842	71964
203842	82065
203842	84428
203842	86891
203842	89488
203842	91785
203842	92641
203842	95773
203842	96341
203842	97564
203842	112764
203842	116180
203842	117142
203842	117864
203842	129345
203842	129622
203842	141370
203842	144263
203842	151465
203842	157160
203842	159920
203842	165189
203842	167053
203842	177014
203842	187850
203842	198003
203842	217964
203842	226290
203842	240498
203842	243180
203842	244195
203842	245219
203842	247252
203842	281568
133	30419
30419	106503
30419	198601
134	6423
134	28741
134	215184
215184	226247
6423	134
6423	13059
6423	215184
28741	134
28741	30942
28741	215184
135	54670
135	88640
135	93778
135	108521
135	160613
135	196547
135	209683
135	221142
135	225501
225501	135
225501	18696
225501	23885
225501	43959
225501	44569
225501	44879
225501	50197
225501	54437
225501	58009
225501	60766
225501	61280
225501	64707
225501	78197
225501	87254
225501	92015
225501	93778
225501	102588
225501	106279
225501	120357
225501	122665
225501	129573
225501	136977
225501	138605
225501	142039
225501	142487
225501	149267
225501	157316
225501	159287
225501	172163
225501	177432
225501	178208
225501	185028
225501	187420
225501	187587
225501	194442
225501	194834
225501	223882
225501	230069
225501	234689
225501	244436
225501	252652
225501	270727
225501	275810
221142	135
221142	93778
196547	135
196547	93778
209683	135
209683	93778
160613	135
160613	93778
108521	135
108521	93778
93778	158568
88640	135
88640	93778
54670	135
54670	93778
136	6463
136	218321
218321	136
218321	220413
6463	136
6463	257177
137	6467
137	59610
137	67756
137	69358
137	241454
59610	137
59610	57122
59610	67756
59610	69358
59610	208643
59610	241454
6467	137
6467	67756
6467	69358
6467	122294
6467	241454
138	29325
138	56234
138	83603
138	97468
138	99130
138	111198
138	133191
138	185941
138	220604
220604	29325
220604	131009
220604	133191
220604	185941
220604	221725
185941	29325
185941	38559
185941	45302
185941	55410
185941	56234
185941	67599
185941	83603
185941	97468
185941	111198
185941	120560
185941	133191
185941	177088
185941	181459
185941	193429
185941	205822
185941	228484
185941	241455
185941	262061
133191	29325
133191	38559
133191	45302
133191	55410
133191	56234
133191	67599
133191	83603
133191	97468
133191	99130
133191	120560
133191	177088
133191	181459
133191	185941
133191	193429
133191	205822
133191	228484
133191	241455
111198	47149
111198	194523
99130	29325
99130	38559
99130	45302
99130	55410
99130	56234
99130	67599
99130	83603
99130	97468
99130	120560
99130	133191
99130	177088
99130	181459
99130	185941
99130	193429
99130	205822
99130	228484
99130	241455
83603	138
83603	4174
83603	29325
83603	38559
83603	45302
83603	46550
83603	55410
83603	56234
83603	57845
83603	67599
83603	82073
83603	97468
83603	101249
83603	120560
83603	133191
83603	177088
83603	181459
83603	185793
83603	185941
83603	193429
83603	205822
83603	216925
83603	223203
83603	228484
83603	241455
83603	259977
83603	277654
97468	138
97468	29325
97468	38559
97468	40938
97468	45302
97468	55410
97468	56234
97468	66750
97468	67599
97468	81453
97468	83603
97468	94371
97468	106091
97468	120560
97468	133191
97468	137970
97468	157205
97468	158045
97468	163102
97468	164276
97468	177088
97468	181459
97468	184574
97468	185941
97468	193429
97468	201290
97468	205822
97468	221235
97468	228484
97468	241115
97468	241455
97468	267767
97468	279963
56234	29325
56234	38559
56234	45302
56234	55410
56234	67599
56234	83603
56234	97468
56234	120560
56234	133191
56234	177088
56234	181459
56234	185941
56234	193429
56234	205822
56234	223203
56234	228484
56234	241455
29325	138
29325	2761
29325	38559
29325	45302
29325	55410
29325	56234
29325	67599
29325	76322
29325	83603
29325	85612
29325	87983
29325	97468
29325	99130
29325	101249
29325	103766
29325	111198
29325	120560
29325	121744
29325	131009
29325	133191
29325	157205
29325	158045
29325	163102
29325	164276
29325	177088
29325	181459
29325	184574
29325	185941
29325	187385
29325	191931
29325	193429
29325	196947
29325	205822
29325	220604
29325	221725
29325	228484
29325	241115
29325	241455
29325	267767
29325	273770
29325	279963
139	207801
139	218170
218170	25248
218170	95918
218170	101145
218170	136601
218170	191811
218170	199189
218170	214933
218170	226411
218170	227342
218170	236666
207801	21337
207801	36200
207801	47529
207801	120216
207801	136601
207801	218170
207801	227342
140	132695
140	234704
141	216684
141	227795
227795	141
227795	2830
216684	141
216684	19908
142	8261
142	46115
142	89485
142	115566
142	165969
142	166057
142	183865
142	204562
142	226411
142	243109
142	263771
142	265428
142	271053
263771	8261
263771	166057
263771	183865
263771	204562
263771	226411
263771	243109
263771	265428
271053	8261
271053	45170
271053	51300
271053	166057
271053	183865
271053	204562
271053	226411
271053	233675
271053	243109
271053	257155
271053	263771
271053	265428
166057	8261
166057	165336
166057	174036
166057	183865
166057	204380
166057	204562
166057	226411
166057	243109
166057	263771
166057	265428
165969	75566
115566	8261
115566	27082
115566	34272
115566	166057
115566	183865
115566	186522
115566	204562
115566	226411
115566	239719
115566	240084
115566	243109
115566	263771
115566	265428
89485	8261
89485	17642
89485	33713
89485	86044
89485	109132
89485	111418
89485	166057
89485	183865
89485	204562
89485	226411
89485	243109
89485	263771
89485	265428
46115	52023
46115	75566
46115	84428
46115	137219
46115	170281
46115	170578
46115	173057
46115	185718
46115	204925
46115	210579
46115	226411
46115	266335
143	111935
143	202500
202500	143
202500	262742
111935	143
111935	218320
144	197
144	4109
144	7695
144	9469
144	14709
144	15452
144	18522
144	27914
144	36090
144	38908
144	39140
144	44144
144	44867
144	47649
144	52680
144	53085
144	55341
144	62336
144	63856
144	64812
144	68009
144	71958
144	75952
144	83341
144	92121
144	93879
144	94115
144	100000
144	100738
144	101011
144	107368
144	115114
144	120299
144	124579
144	129185
144	130832
144	135264
144	137690
144	139924
144	140547
144	143428
144	145500
144	148626
144	151878
144	152107
144	152360
144	154835
144	162272
144	170063
144	170617
144	173934
144	177176
144	184595
144	185890
144	187986
144	191659
144	192830
144	196367
144	201856
144	204569
144	205831
144	209902
144	215448
144	218460
144	220953
144	222614
144	226137
144	235469
144	236386
144	238139
144	245744
144	246117
144	246928
144	248255
144	256140
144	257566
144	259094
144	265387
144	268119
144	269198
144	272690
144	273292
144	276237
144	278297
144	279226
144	281196
279226	14709
279226	52680
279226	63856
279226	72001
279226	100738
279226	121421
279226	130832
279226	137690
279226	140547
279226	196367
279226	200372
279226	204569
279226	226137
279226	226411
279226	246117
279226	251990
279226	265387
279226	268119
279226	271205
273292	24487
273292	46955
273292	85038
273292	88597
273292	116999
273292	124579
273292	185531
273292	212337
273292	277777
246928	44867
246928	63856
246928	68009
246928	72001
246928	100000
246928	121421
246928	130832
246928	137690
246928	204569
246928	220145
246928	226411
246928	251990
246928	259094
246928	265387
246928	271205
246928	276237
246928	281196
281196	22511
281196	39867
281196	44867
281196	63856
281196	64593
281196	64812
281196	68009
281196	72001
281196	78331
281196	79560
281196	121421
281196	130832
281196	132693
281196	137690
281196	139138
281196	160831
281196	184266
281196	186018
281196	190803
281196	194454
281196	204569
281196	205283
281196	205398
281196	220145
281196	226411
281196	249387
281196	251990
281196	254350
281196	259094
281196	265387
281196	271205
281196	276237
256140	44867
256140	63856
256140	68009
256140	72001
256140	115114
256140	121421
256140	130832
256140	137690
256140	204569
256140	220145
256140	226411
256140	251990
256140	259094
256140	265387
256140	271205
256140	276237
256140	281196
248255	40823
248255	72001
248255	76196
248255	100534
248255	100738
248255	118754
248255	121421
248255	130832
248255	132696
248255	137690
248255	204569
248255	226411
248255	265387
248255	271205
259094	11760
259094	13728
259094	15779
259094	44867
259094	63856
259094	66909
259094	68009
259094	72001
259094	90978
259094	100000
259094	115677
259094	121421
259094	130832
259094	137690
259094	175094
259094	185329
259094	193990
259094	204569
259094	220145
259094	226411
259094	246928
259094	250744
259094	251990
259094	265387
259094	271205
259094	276237
259094	281196
269198	77423
269198	135564
269198	158312
272690	7427
272690	20061
272690	60485
272690	67237
272690	70095
272690	113182
272690	134393
272690	172811
272690	207389
272690	265358
257566	42285
257566	125587
257566	143550
257566	147731
257566	205918
257566	209499
257566	226411
257566	238041
257566	249380
257566	251990
257566	259807
257566	270240
257566	276488
257566	278297
278297	42285
278297	125587
278297	143550
278297	144883
278297	147731
278297	205918
278297	209499
278297	226411
278297	238041
278297	249380
278297	251990
278297	270240
278297	276488
222614	278409
236386	52680
236386	63856
236386	72001
236386	121421
236386	130832
236386	137690
236386	140547
236386	204569
236386	226137
236386	226411
236386	246117
236386	251990
236386	265387
236386	271205
236386	279226
246117	52680
246117	63856
246117	72001
246117	121421
246117	130832
246117	137690
246117	140547
246117	204569
246117	226137
246117	226411
246117	251990
246117	265387
246117	271205
246117	279226
220953	112042
220953	162504
220953	186018
220953	257272
220953	271637
215448	2255
215448	202127
215448	271637
245744	29115
245744	271637
235469	232712
235469	271637
218460	33914
218460	43111
218460	64564
218460	67237
218460	92102
218460	156865
218460	179613
218460	225453
218460	231052
238139	51025
238139	60136
238139	62336
238139	65801
238139	75952
238139	80020
238139	92121
238139	94115
238139	120168
238139	134083
238139	152360
196367	52680
196367	63856
196367	72001
196367	121421
196367	130832
196367	137690
196367	140547
196367	204569
196367	226137
196367	226411
196367	246117
196367	251990
196367	265387
196367	271205
196367	279226
177176	5562
177176	13976
177176	30006
177176	50878
177176	153812
177176	155461
177176	164701
177176	173650
177176	177164
177176	200822
177176	214876
177176	238487
177176	271637
187986	44867
187986	63856
187986	72001
187986	100738
187986	115114
187986	121421
187986	130832
187986	137690
187986	204569
187986	220145
187986	226411
187986	251990
187986	259094
187986	265387
187986	268119
187986	271205
187986	279226
187986	281196
191659	64382
191659	84198
191659	99914
191659	226411
201856	10199
201856	38908
201856	111457
201856	189166
201856	202466
201856	228185
201856	251990
184595	6098
184595	7016
184595	27914
184595	28918
184595	67424
184595	111617
184595	116848
184595	135264
184595	152944
184595	190259
184595	191181
184595	192830
184595	211260
184595	216360
184595	217065
184595	226411
192830	6098
192830	28918
192830	69162
192830	111617
192830	116848
192830	117856
192830	135264
192830	190259
192830	191181
192830	211260
192830	216360
192830	217065
192830	226411
185890	42285
185890	125587
185890	143550
185890	147731
185890	190732
185890	194976
185890	205918
185890	209499
185890	226411
185890	238041
185890	249380
185890	251990
185890	270240
185890	276488
185890	278297
205831	28243
205831	35298
205831	42438
205831	67424
205831	73357
205831	99411
205831	114206
205831	170063
205831	173934
205831	174764
205831	181473
205831	209902
209902	28243
209902	35298
209902	42438
209902	67424
209902	99411
209902	114206
209902	170063
209902	173934
209902	174764
209902	181473
209902	205831
143428	278409
162272	226411
170617	44867
170617	63856
170617	68009
170617	72001
170617	121421
170617	130832
170617	137690
170617	204569
170617	226411
170617	251990
170617	259094
170617	265387
170617	271205
170617	276237
170617	281196
148626	42285
148626	125587
148626	143550
148626	144883
148626	147731
148626	175696
148626	205918
148626	209499
148626	226411
148626	238041
148626	249380
148626	251990
148626	270240
148626	276488
148626	278297
152107	28243
152107	35298
152107	42438
152107	67424
152107	99411
152107	114206
152107	170063
152107	173934
152107	174764
152107	181473
152107	205831
152107	209902
173934	28243
173934	35298
173934	42438
173934	67424
173934	99411
173934	114206
173934	170063
173934	174764
173934	181473
173934	205831
173934	209902
170063	28243
170063	35298
170063	42438
170063	67424
170063	99411
170063	114206
170063	173934
170063	174764
170063	181473
170063	205831
170063	209902
151878	51025
151878	60136
151878	62336
151878	65801
151878	75952
151878	80020
151878	92121
151878	94115
151878	120168
151878	134083
151878	152360
151878	238139
140547	52680
140547	63856
140547	72001
140547	121421
140547	130832
140547	137690
140547	204569
140547	226137
140547	226411
140547	246117
140547	251990
140547	265387
140547	271205
140547	279226
139924	64236
124579	54652
124579	155828
124579	251990
124579	273292
115114	44867
115114	63856
115114	68009
115114	72001
115114	121421
115114	130832
115114	137690
115114	204569
115114	226411
115114	251990
115114	259094
115114	265387
115114	271205
115114	276237
115114	281196
107368	67237
107368	232037
135264	6098
135264	28918
135264	69162
135264	111617
135264	116848
135264	190259
135264	191181
135264	192830
135264	211260
135264	216360
135264	217065
135264	226411
129185	18522
129185	44144
129185	53085
129185	55341
129185	74727
129185	83341
129185	95925
129185	126193
129185	174002
129185	230963
120299	28243
120299	35298
120299	42438
120299	67424
120299	99411
120299	114206
120299	116046
120299	170063
120299	173934
120299	174764
120299	181473
120299	205831
120299	209902
93879	22272
93879	50528
93879	271637
100738	44867
100738	63856
100738	68009
100738	72001
100738	121421
100738	130832
100738	137690
100738	204569
100738	220145
100738	226411
100738	246928
100738	251990
100738	259094
100738	265387
100738	271205
100738	276237
100738	281196
100000	44867
100000	63856
100000	68009
100000	72001
100000	121421
100000	130832
100000	137690
100000	175401
100000	204569
100000	226411
100000	251990
100000	265387
100000	271205
100000	276237
100000	281196
83341	15452
83341	18522
83341	44144
83341	53085
83341	55341
83341	71958
83341	74727
83341	95925
83341	126193
83341	129185
83341	174002
83341	230963
71958	18522
71958	44144
71958	53085
71958	55341
71958	74727
71958	83341
71958	95925
71958	126193
71958	129185
71958	174002
71958	230963
101011	7016
101011	28243
101011	42438
101011	99411
101011	114206
101011	170063
101011	173934
101011	174764
101011	181473
101011	205831
101011	209902
94115	4109
94115	51025
94115	60136
94115	62336
94115	65801
94115	75952
94115	77517
94115	80020
94115	92121
94115	120168
94115	134083
94115	152360
94115	238139
92121	51025
92121	60136
92121	62336
92121	65801
92121	75952
92121	77517
92121	80020
92121	94115
92121	120168
92121	134083
92121	152360
92121	238139
52680	6242
52680	17406
52680	19186
52680	53039
52680	57972
52680	61848
52680	63856
52680	64171
52680	64842
52680	72001
52680	91546
52680	93674
52680	96477
52680	98317
52680	100382
52680	111751
52680	119608
52680	121421
52680	127018
52680	130832
52680	133596
52680	137690
52680	140547
52680	147477
52680	154903
52680	157908
52680	164775
52680	167776
52680	168513
52680	169403
52680	175202
52680	176708
52680	185267
52680	187159
52680	193132
52680	193467
52680	198640
52680	198755
52680	200359
52680	202029
52680	202390
52680	204569
52680	206449
52680	221939
52680	226137
52680	226411
52680	244015
52680	246117
52680	251990
52680	257153
52680	257452
52680	265387
52680	268119
52680	271205
52680	275118
52680	276519
52680	279220
52680	279226
39140	52680
39140	63856
39140	72001
39140	121421
39140	130832
39140	137690
39140	140547
39140	204569
39140	226411
39140	246117
39140	251990
39140	265387
39140	271205
39140	279226
47649	9469
47649	148092
68009	44867
68009	63856
68009	72001
68009	100738
68009	115114
68009	121421
68009	130832
68009	137690
68009	204569
68009	220145
68009	226411
68009	251990
68009	256140
68009	259094
68009	265387
68009	268119
68009	271205
68009	276237
68009	279226
68009	281196
64812	44867
64812	63856
64812	68009
64812	72001
64812	121421
64812	130832
64812	137690
64812	204569
64812	220145
64812	226411
64812	251990
64812	259094
64812	265387
64812	271205
64812	276237
64812	281196
44867	7621
44867	22272
44867	63856
44867	68009
44867	68059
44867	72001
44867	92929
44867	97165
44867	121421
44867	122817
44867	137690
44867	201856
44867	202402
44867	204569
44867	205398
44867	208890
44867	220145
44867	226411
44867	244031
44867	251990
44867	259094
44867	265387
44867	271205
44867	273381
44867	276237
44867	281196
36090	9970
36090	14112
36090	23156
36090	24243
36090	38199
36090	54505
36090	67237
36090	79560
36090	126057
36090	171212
38908	80984
38908	83830
38908	109881
38908	214918
38908	251990
38908	259549
55341	18522
55341	44144
55341	53085
55341	74727
55341	83341
55341	95925
55341	126193
55341	129185
55341	174002
55341	230963
44144	18522
44144	53085
44144	55341
44144	71958
44144	74727
44144	83341
44144	95925
44144	126193
44144	129185
44144	174002
44144	230963
44144	273467
53085	18522
53085	44144
53085	55341
53085	74727
53085	83341
53085	95925
53085	126193
53085	129185
53085	174002
53085	230963
14709	52680
14709	63856
14709	72001
14709	121421
14709	130832
14709	137690
14709	140547
14709	204569
14709	226137
14709	226411
14709	246117
14709	251990
14709	265387
14709	271205
14709	279226
7695	380
7695	6242
7695	11481
7695	17406
7695	19186
7695	53039
7695	57972
7695	61848
7695	64171
7695	64842
7695	86976
7695	91546
7695	93674
7695	96477
7695	98317
7695	100382
7695	111751
7695	119608
7695	127018
7695	133596
7695	147477
7695	152170
7695	154903
7695	157908
7695	164775
7695	165500
7695	167776
7695	168513
7695	169403
7695	175202
7695	176708
7695	183017
7695	185267
7695	187159
7695	187933
7695	193132
7695	193467
7695	198640
7695	198755
7695	200359
7695	202029
7695	202390
7695	206449
7695	221939
7695	224009
7695	244015
7695	257153
7695	257452
7695	275118
7695	276519
7695	279220
9469	47649
9469	251990
197	85817
27914	18522
27914	44144
27914	53085
27914	55341
27914	67424
27914	74727
27914	83341
27914	95925
27914	120168
27914	129185
27914	174002
27914	230963
15452	18522
15452	44144
15452	53085
15452	55341
15452	74727
15452	83341
15452	95925
15452	126193
15452	129185
15452	174002
15452	230963
18522	44144
18522	53085
18522	55341
18522	74727
18522	83341
18522	95925
18522	126193
18522	129185
18522	174002
18522	230963
4109	51025
4109	60136
4109	62336
4109	65801
4109	75952
4109	80020
4109	92121
4109	94115
4109	120168
4109	134083
4109	152360
4109	238139
145	13238
145	22621
145	38377
145	68090
145	86689
145	92929
145	97165
145	104644
145	125833
145	148689
145	194489
145	202313
145	214263
145	215289
145	225495
145	244031
145	251615
145	273194
251615	13238
251615	22621
251615	38377
251615	68090
251615	86689
251615	92929
251615	97165
251615	104644
251615	125833
251615	148689
251615	194489
251615	202313
251615	214263
251615	215289
251615	221844
251615	225495
251615	244031
251615	273194
273194	22621
273194	23874
273194	68090
273194	91840
273194	92929
273194	97165
273194	100643
273194	104055
273194	104644
273194	125693
273194	125833
273194	148689
273194	171778
273194	183328
273194	194489
273194	202313
273194	214263
273194	223352
273194	244031
273194	278162
215289	13238
215289	17542
215289	22621
215289	38377
215289	68090
215289	86689
215289	92929
215289	97165
215289	104644
215289	125833
215289	148689
215289	194489
215289	202313
215289	214263
215289	225495
215289	244031
215289	248758
215289	251615
215289	273194
225495	13238
225495	22621
225495	38377
225495	68090
225495	86689
225495	92929
225495	97165
225495	104644
225495	125833
225495	148689
225495	194489
225495	202313
225495	214263
225495	215289
225495	244031
225495	251615
225495	273194
214263	22621
214263	68090
214263	70033
214263	92929
214263	97165
214263	104644
214263	123194
214263	125833
214263	148689
214263	194489
214263	202313
214263	244031
214263	271165
214263	273194
244031	22621
244031	65850
244031	68090
244031	92929
244031	97165
244031	104644
244031	125833
244031	148689
244031	194489
244031	202313
244031	214263
244031	273194
202313	14399
202313	22621
202313	68090
202313	83517
202313	84428
202313	92929
202313	97165
202313	104644
202313	125833
202313	133471
202313	148689
202313	157702
202313	192120
202313	194489
202313	214043
202313	214263
202313	232381
202313	235204
202313	235977
202313	236305
202313	237169
202313	242921
202313	244031
202313	273194
194489	145
194489	22621
194489	38377
194489	67262
194489	68090
194489	92929
194489	97165
194489	97498
194489	104644
194489	125833
194489	148689
194489	202313
194489	214263
194489	241502
194489	244031
194489	250744
194489	266693
194489	273194
148689	22621
148689	68090
148689	70033
148689	92929
148689	97165
148689	104644
148689	123194
148689	125833
148689	194489
148689	202313
148689	214263
148689	244031
148689	271165
148689	273194
125833	145
125833	17542
125833	22621
125833	38377
125833	64145
125833	67262
125833	68090
125833	92929
125833	97165
125833	97498
125833	104644
125833	117420
125833	124282
125833	141839
125833	148689
125833	163399
125833	166570
125833	179009
125833	184266
125833	194489
125833	202313
125833	207243
125833	214263
125833	226411
125833	244031
125833	273194
125833	273381
125833	273699
125833	277345
86689	13238
86689	22621
86689	38377
86689	67262
86689	68090
86689	92929
86689	97165
86689	97498
86689	104644
86689	125833
86689	148689
86689	194489
86689	202313
86689	214263
86689	215289
86689	225495
86689	244031
86689	251615
86689	273194
104644	22621
104644	25981
104644	68090
104644	86544
104644	92929
104644	96838
104644	97165
104644	110361
104644	125833
104644	141091
104644	148689
104644	157511
104644	194489
104644	202313
104644	214263
104644	244031
104644	273194
92929	22621
92929	50865
92929	68059
92929	68090
92929	97165
92929	102295
92929	104644
92929	108767
92929	125833
92929	148689
92929	194489
92929	202313
92929	212298
92929	214263
92929	244031
92929	273194
97165	19623
97165	22621
97165	68090
97165	92929
97165	104644
97165	107647
97165	125833
97165	148689
97165	194489
97165	202313
97165	208219
97165	214263
97165	244031
97165	273194
97165	273381
38377	145
38377	13238
38377	17542
38377	22621
38377	67262
38377	68090
38377	86689
38377	92929
38377	97165
38377	97498
38377	104644
38377	125833
38377	148689
38377	194489
38377	202313
38377	214263
38377	215289
38377	225495
38377	244031
38377	251615
38377	273194
68090	22621
68090	92929
68090	97165
68090	104644
68090	122598
68090	125833
68090	139930
68090	148689
68090	184266
68090	194489
68090	202313
68090	214263
68090	244031
68090	273194
13238	145
13238	22621
13238	38377
13238	68090
13238	79433
13238	86689
13238	92929
13238	97165
13238	97498
13238	104644
13238	125833
13238	148689
13238	194489
13238	202313
13238	209567
13238	214263
13238	215289
13238	225495
13238	244031
13238	251615
13238	273194
22621	68090
22621	92929
22621	97165
22621	98262
22621	104644
22621	116610
22621	122846
22621	125833
22621	148689
22621	194489
22621	202313
22621	214263
22621	219797
22621	244031
22621	273194
146	61876
146	94374
146	115247
146	118557
146	199978
146	227319
146	239313
146	247380
146	280902
247380	2489
247380	94374
247380	178070
280902	11508
280902	17449
280902	58269
280902	113673
280902	119216
280902	123267
280902	140004
239313	11508
239313	30099
239313	113673
239313	143754
239313	152451
227319	4071
227319	12682
227319	34006
227319	61876
227319	80030
227319	86520
227319	91765
227319	105469
227319	113673
227319	136242
227319	154613
227319	227149
199978	146
199978	374
199978	1503
199978	6452
199978	11508
199978	13045
199978	15434
199978	16858
199978	19926
199978	20252
199978	26125
199978	26406
199978	30971
199978	37179
199978	40236
199978	42681
199978	46699
199978	52525
199978	56762
199978	57128
199978	59606
199978	60035
199978	62225
199978	67867
199978	74326
199978	77960
199978	83620
199978	86502
199978	90916
199978	91789
199978	95279
199978	95886
199978	96812
199978	97751
199978	99057
199978	107122
199978	111786
199978	118287
199978	122514
199978	125667
199978	126918
199978	131416
199978	133626
199978	142060
199978	147024
199978	153519
199978	157403
199978	157420
199978	161894
199978	166665
199978	168843
199978	172972
199978	188155
199978	192761
199978	222469
199978	227642
199978	228537
199978	232844
199978	235831
199978	237993
199978	243939
199978	259328
199978	262593
199978	279696
199978	280902
115247	146
115247	374
115247	6452
115247	11508
115247	13045
115247	15434
115247	16858
115247	19926
115247	26406
115247	30971
115247	57128
115247	59606
115247	95279
115247	97751
115247	157403
115247	210399
115247	227642
115247	280902
118557	11508
118557	53540
118557	61897
118557	113673
118557	231266
94374	146
94374	374
94374	2251
94374	2489
94374	6452
94374	8643
94374	11508
94374	13045
94374	15434
94374	16858
94374	17784
94374	19926
94374	20252
94374	20558
94374	20592
94374	20847
94374	21793
94374	25744
94374	26125
94374	26406
94374	26669
94374	27739
94374	30832
94374	30971
94374	31988
94374	32968
94374	33283
94374	37179
94374	40236
94374	44801
94374	45176
94374	46699
94374	47558
94374	49616
94374	49989
94374	51606
94374	52525
94374	54246
94374	56762
94374	57128
94374	59606
94374	60035
94374	62225
94374	64821
94374	64829
94374	67867
94374	69743
94374	70716
94374	71685
94374	71919
94374	73132
94374	74326
94374	74628
94374	77625
94374	77960
94374	82570
94374	84221
94374	86245
94374	87251
94374	87530
94374	87570
94374	90227
94374	91789
94374	92037
94374	95279
94374	95676
94374	95886
94374	97751
94374	99851
94374	103137
94374	105728
94374	107122
94374	108871
94374	109502
94374	111786
94374	114349
94374	118287
94374	122514
94374	124150
94374	126918
94374	127498
94374	129375
94374	129833
94374	130869
94374	131416
94374	131792
94374	133626
94374	136353
94374	139480
94374	142060
94374	147024
94374	153519
94374	157403
94374	157420
94374	161894
94374	166665
94374	168843
94374	172972
94374	177955
94374	181313
94374	181361
94374	187744
94374	187828
94374	188155
94374	188671
94374	192201
94374	192761
94374	197986
94374	200420
94374	211915
94374	212632
94374	213893
94374	214814
94374	215118
94374	217020
94374	218174
94374	218503
94374	219452
94374	219913
94374	221996
94374	222132
94374	222469
94374	227442
94374	227642
94374	228537
94374	229072
94374	230566
94374	231168
94374	232844
94374	235227
94374	235831
94374	237508
94374	237993
94374	238391
94374	239076
94374	239754
94374	240002
94374	240385
94374	241826
94374	242855
94374	243543
94374	243939
94374	245939
94374	247036
94374	249252
94374	249439
94374	251005
94374	252525
94374	254741
94374	257010
94374	257676
94374	259186
94374	259328
94374	260701
94374	262593
94374	262720
94374	264299
94374	265037
94374	270225
94374	274236
94374	274510
94374	276699
94374	276767
94374	278092
94374	279696
94374	280285
94374	280902
61876	4071
61876	11508
61876	80030
61876	113673
61876	133503
61876	140004
61876	227319
147	6456
147	15432
147	67756
147	69358
147	198269
147	241454
198269	67756
198269	69358
198269	103486
198269	195760
198269	241454
15432	147
15432	13042
15432	67756
15432	69358
15432	241454
6456	147
6456	30973
6456	67756
6456	69358
6456	122041
6456	241454
148	159707
148	205965
205965	148
205965	162774
159707	148
159707	182473
149	10924
149	27672
149	34384
149	39935
149	55947
149	67010
149	82425
149	102047
149	114335
149	125375
149	220940
149	244302
220940	149
220940	114335
220940	244302
244302	149
244302	10924
244302	220940
125375	149
125375	82425
125375	114335
114335	149
114335	125375
114335	220940
102047	149
102047	67010
102047	82425
82425	149
82425	102047
82425	125375
67010	149
67010	102047
39935	149
39935	34384
39935	55947
55947	149
55947	39935
55947	90841
10924	149
10924	34384
10924	244302
34384	149
34384	10924
34384	39935
27672	149
27672	13146
27672	29788
27672	37505
27672	60834
27672	72080
27672	90841
27672	96862
27672	116499
27672	135066
27672	140841
27672	225605
27672	242086
150	6450
150	30968
150	59604
150	74108
74108	30968
74108	78157
59604	150
59604	30968
59604	57130
59604	74108
6450	150
6450	13033
6450	30968
6450	74108
30968	19914
30968	74108
151	31241
151	94266
151	171860
151	183865
151	243109
151	252995
151	265428
252995	8261
252995	24931
252995	166057
252995	183865
252995	204562
252995	226411
252995	243109
252995	263771
252995	265428
252995	272414
171860	151
171860	94266
171860	183865
171860	243109
171860	252995
171860	265428
94266	151
94266	31241
94266	36003
94266	42078
94266	78979
94266	83796
94266	90770
94266	104290
94266	129006
94266	151294
94266	171860
94266	183865
94266	219571
94266	234602
94266	243109
94266	250023
94266	252544
94266	252995
94266	265428
94266	273393
94266	276388
31241	151
31241	83796
31241	94266
31241	183865
31241	243109
31241	252995
31241	265428
152	5261
152	47493
152	62205
152	144760
152	157798
152	214697
152	275519
152	280925
275519	5261
275519	31537
275519	47493
275519	62205
275519	89073
275519	144760
275519	157798
275519	214697
275519	280925
280925	5261
280925	47493
280925	62205
280925	144760
280925	157798
280925	214697
280925	275519
214697	1683
214697	5261
214697	17448
214697	17836
214697	37508
214697	38774
214697	47493
214697	53046
214697	55315
214697	56333
214697	62205
214697	124189
214697	138282
214697	144760
214697	157798
214697	187631
214697	188587
214697	215276
214697	224366
214697	231810
214697	244864
214697	249376
214697	268967
214697	269757
214697	275519
214697	280925
144760	5261
144760	47493
144760	62205
144760	134245
144760	157798
144760	185972
144760	214697
144760	234704
144760	275519
144760	279728
144760	280925
157798	152
157798	5261
157798	7273
157798	26688
157798	30895
157798	47493
157798	56614
157798	62205
157798	82758
157798	89558
157798	113239
157798	116882
157798	120322
157798	128551
157798	140827
157798	144760
157798	145041
157798	156018
157798	201219
157798	201309
157798	214697
157798	224366
157798	275519
157798	280925
47493	5261
47493	62205
47493	144760
47493	157798
47493	187091
47493	201309
47493	214697
47493	275519
47493	280925
62205	5261
62205	31537
62205	38226
62205	47493
62205	57810
62205	77880
62205	144760
62205	157798
62205	214697
62205	275519
62205	280925
5261	47493
5261	62205
5261	144760
5261	157798
5261	214697
5261	275519
5261	280925
153	6444
153	28761
28761	153
28761	30963
6444	153
6444	13037
154	215040
154	218307
215040	154
215040	108822
218307	154
218307	233699
155	35084
155	41117
155	58764
155	86240
155	248139
155	270771
156	6446
156	15437
156	67756
156	69358
156	241454
15437	156
15437	13034
15437	67756
15437	69358
15437	241454
6446	156
6446	30967
6446	67756
6446	69358
6446	199995
6446	241454
157	6402
157	15562
157	36262
36262	15562
15562	157
15562	36262
6402	157
6402	31224
6402	36262
158	2178
158	100595
158	101146
158	103998
158	178204
158	178302
158	224841
158	229661
158	280493
280493	15411
280493	23662
280493	73032
280493	81488
280493	93590
280493	100595
280493	101146
280493	103998
280493	105496
280493	108024
280493	109860
280493	112736
280493	114780
280493	145505
280493	155233
280493	163130
280493	178204
280493	178302
280493	204405
280493	207086
280493	211649
280493	236758
280493	236951
280493	241474
280493	265713
224841	14393
224841	21735
224841	31298
224841	31784
224841	72664
224841	73153
224841	85850
224841	100595
224841	101146
224841	103998
224841	178204
224841	178302
224841	184002
224841	194064
224841	201423
224841	203408
224841	229661
224841	231205
224841	280493
229661	20471
229661	27760
229661	38141
229661	88664
229661	100595
229661	101146
229661	103998
229661	136834
229661	178204
229661	178302
229661	205716
229661	224841
229661	280493
178302	15411
178302	22464
178302	29441
178302	42031
178302	44508
178302	59886
178302	100595
178302	101146
178302	103998
178302	105496
178302	112736
178302	122355
178302	133797
178302	155233
178302	178204
178302	236758
178302	280493
178302	281007
178204	50013
178204	78955
178204	100595
178204	101146
178204	103998
178204	105825
178204	116967
178204	155280
178204	160831
178204	178302
178204	226411
178204	230720
178204	232120
178204	264154
178204	278083
178204	280493
103998	7621
103998	17845
103998	40541
103998	59886
103998	79326
103998	93590
103998	100595
103998	101146
103998	105825
103998	117949
103998	178204
103998	178290
103998	178302
103998	224434
103998	230720
103998	257992
103998	264154
103998	280493
100595	4505
100595	37118
100595	88552
100595	101146
100595	103998
100595	128808
100595	145830
100595	176414
100595	178204
100595	178302
100595	204405
100595	204481
100595	218750
100595	248522
100595	249592
100595	264840
100595	266832
100595	280493
101146	14324
101146	100595
101146	103998
101146	116967
101146	178204
101146	178302
101146	190427
101146	225245
101146	230720
101146	231111
101146	273549
101146	280493
2178	129271
159	17781
159	35176
159	62478
159	77999
159	96745
159	111031
159	120708
159	137632
159	170721
159	176790
159	181701
159	183004
159	193526
159	204064
159	221087
159	247241
159	259455
159	266138
266138	2968
266138	17781
266138	20626
266138	35176
266138	35822
266138	45874
266138	50957
266138	62478
266138	65540
266138	77999
266138	83956
266138	96745
266138	101744
266138	111031
266138	112534
266138	120708
266138	131450
266138	137632
266138	140025
266138	170721
266138	173221
266138	176790
266138	181701
266138	183004
266138	193526
266138	204064
266138	210955
266138	215194
266138	221087
266138	230422
266138	247241
266138	248095
266138	259455
266138	269111
193526	17781
193526	35176
193526	62478
193526	77999
193526	96745
193526	111031
193526	120708
193526	137632
193526	170721
193526	176790
193526	181701
193526	183004
193526	204064
193526	221087
193526	247241
193526	259455
193526	266138
204064	17781
204064	20626
204064	35176
204064	62478
204064	65540
204064	77999
204064	83956
204064	96745
204064	111031
204064	112534
204064	120708
204064	137632
204064	170721
204064	176790
204064	181701
204064	183004
204064	193526
204064	215194
204064	221087
204064	247241
204064	259455
204064	266138
170721	9093
170721	17781
170721	35176
170721	62053
170721	62478
170721	77999
170721	95965
170721	96745
170721	111031
170721	113742
170721	120708
170721	137632
170721	147041
170721	167556
170721	174484
170721	176790
170721	181701
170721	183004
170721	193526
170721	199397
170721	204064
170721	211767
170721	221087
170721	241563
170721	247241
170721	259388
170721	259455
170721	266138
170721	274471
111031	17781
111031	35176
111031	45874
111031	62478
111031	77999
111031	96745
111031	120708
111031	131450
111031	137632
111031	170721
111031	176790
111031	181701
111031	183004
111031	193526
111031	204064
111031	210955
111031	221087
111031	230422
111031	247241
111031	259455
111031	266138
35176	2968
35176	17781
35176	35822
35176	62478
35176	77999
35176	96745
35176	101744
35176	111031
35176	120708
35176	137632
35176	140025
35176	170721
35176	173221
35176	176790
35176	181701
35176	183004
35176	193526
35176	204064
35176	221087
35176	247241
35176	248095
35176	259455
35176	266138
160	27115
160	32916
160	69613
160	73770
160	109477
160	110248
160	116634
160	123915
160	132284
160	143665
160	153450
160	172965
160	174407
160	230882
160	238859
160	239306
160	241883
160	246324
160	271252
271252	27115
271252	32916
271252	33178
271252	55435
271252	69613
271252	73770
271252	109477
271252	110248
271252	116634
271252	123915
271252	132284
271252	143665
271252	153450
271252	172965
271252	174407
271252	230882
271252	238859
271252	239306
271252	241883
271252	246324
241883	23192
241883	27115
241883	32916
241883	33178
241883	56738
241883	109477
241883	132284
241883	153450
241883	158732
241883	172965
241883	239306
241883	239874
241883	247675
241883	259910
241883	278080
246324	27115
246324	32916
246324	69613
246324	73770
246324	109477
246324	110248
246324	116634
246324	123915
246324	132284
246324	143665
246324	153450
246324	172965
246324	174407
246324	230882
246324	238859
246324	239306
246324	241883
246324	271252
230882	27115
230882	32916
230882	69613
230882	73770
230882	109477
230882	110248
230882	116634
230882	123915
230882	132284
230882	143665
230882	153450
230882	172965
230882	174407
230882	238859
230882	239306
230882	241883
230882	246324
230882	271252
238859	160
238859	27115
238859	32916
238859	69613
238859	72111
238859	73770
238859	103666
238859	109477
238859	110248
238859	116634
238859	132284
238859	153450
238859	172965
238859	174407
238859	239306
238859	241883
238859	248129
238859	279914
238859	281033
239306	2035
239306	2404
239306	23192
239306	27115
239306	32916
239306	33178
239306	42507
239306	51897
239306	56738
239306	88696
239306	109477
239306	110248
239306	118758
239306	121061
239306	132284
239306	134351
239306	153450
239306	158732
239306	162545
239306	172965
239306	240796
239306	241883
239306	244687
239306	247675
239306	254896
239306	263177
239306	278080
239306	279914
143665	22617
143665	27115
143665	32916
143665	69613
143665	73770
143665	109477
143665	110248
143665	116634
143665	123915
143665	132284
143665	153450
143665	172965
143665	174407
143665	230882
143665	238859
143665	239306
143665	241883
143665	246324
143665	271252
174407	160
174407	27013
174407	27115
174407	32916
174407	33113
174407	69613
174407	73770
174407	97827
174407	109477
174407	110248
174407	111917
174407	113054
174407	116634
174407	127358
174407	132284
174407	149456
174407	153450
174407	157432
174407	172965
174407	175145
174407	191114
174407	194413
174407	202792
174407	214987
174407	238859
174407	239306
174407	241883
174407	256296
174407	256831
174407	264908
153450	23192
153450	27115
153450	32916
153450	33178
153450	56738
153450	109477
153450	132284
153450	158732
153450	172965
153450	239306
153450	241883
153450	247675
153450	278080
172965	1107
172965	23192
172965	24310
172965	27115
172965	27200
172965	32916
172965	33178
172965	39798
172965	41901
172965	42507
172965	56738
172965	67985
172965	69233
172965	71225
172965	88696
172965	109477
172965	110248
172965	111264
172965	132284
172965	142402
172965	153450
172965	156705
172965	158732
172965	162545
172965	173160
172965	191504
172965	201497
172965	239306
172965	241883
172965	247675
172965	249316
172965	254547
172965	268742
172965	273989
172965	278080
109477	14344
109477	23192
109477	27115
109477	32916
109477	33178
109477	39798
109477	56738
109477	69233
109477	132284
109477	153450
109477	158732
109477	172965
109477	225956
109477	229497
109477	239306
109477	241883
109477	246100
109477	247675
109477	273989
109477	278080
132284	23192
132284	27115
132284	32916
132284	33178
132284	56738
132284	109477
132284	153450
132284	158732
132284	172965
132284	239306
132284	239874
132284	241883
132284	247675
132284	259910
132284	278080
123915	27115
123915	32916
123915	69613
123915	73770
123915	109477
123915	110248
123915	116634
123915	132284
123915	143665
123915	153450
123915	172965
123915	174407
123915	230882
123915	238859
123915	239306
123915	241883
123915	246324
123915	271252
116634	160
116634	27115
116634	32916
116634	69613
116634	73770
116634	109477
116634	110248
116634	132284
116634	153450
116634	172965
116634	174407
116634	197319
116634	238859
116634	239306
116634	241883
116634	244687
110248	160
110248	27115
110248	32916
110248	69613
110248	73770
110248	109477
110248	116634
110248	132284
110248	153450
110248	172965
110248	174407
110248	238859
110248	239306
110248	241883
110248	256296
73770	160
73770	27115
73770	32916
73770	69613
73770	109477
73770	110248
73770	116634
73770	126651
73770	132284
73770	153450
73770	172965
73770	174407
73770	192623
73770	238859
73770	239306
73770	241883
69613	160
69613	17017
69613	27115
69613	32916
69613	33178
69613	38659
69613	44301
69613	55435
69613	73770
69613	79623
69613	89203
69613	104613
69613	109477
69613	110248
69613	116634
69613	129092
69613	132284
69613	153450
69613	153937
69613	165516
69613	171914
69613	172965
69613	174407
69613	202792
69613	238859
69613	239306
69613	241883
69613	259182
69613	280944
27115	270089
32916	3198
32916	12036
32916	20237
32916	23192
32916	27115
32916	29059
32916	33178
32916	54901
32916	56738
32916	67985
32916	68568
32916	69233
32916	87501
32916	99976
32916	107025
32916	109477
32916	117681
32916	121555
32916	129590
32916	132284
32916	148592
32916	153450
32916	158732
32916	167367
32916	167472
32916	172295
32916	172965
32916	175937
32916	191503
32916	201497
32916	239306
32916	241883
32916	247675
32916	254152
32916	255754
32916	273989
32916	278080
32916	280226
161	6401
161	28497
161	67756
161	69358
161	241454
28497	161
28497	31223
28497	67756
28497	69358
28497	241454
6401	161
6401	12953
6401	61823
6401	67756
6401	69358
6401	241454
162	3241
162	61819
61819	162
61819	68305
3241	162
3241	232682
163	151339
163	159656
159656	163
159656	215263
151339	163
151339	171109
164	7819
164	9190
164	9530
164	10070
164	12717
164	15557
164	16444
164	18063
164	19488
164	23474
164	29095
164	32616
164	44474
164	47689
164	58296
164	58700
164	59062
164	59755
164	62745
164	69509
164	70279
164	78766
164	79660
164	87196
164	93950
164	95271
164	99431
164	104275
164	107660
164	112447
164	115564
164	123021
164	126881
164	135819
164	143986
164	149182
164	150475
164	151727
164	156967
164	157331
164	157497
164	158398
164	160864
164	161749
164	171140
164	171515
164	177100
164	181747
164	184613
164	186511
164	186750
164	197946
164	203282
164	203638
164	209093
164	210508
164	213887
164	214927
164	215503
164	217747
164	218163
164	223249
164	225872
164	225940
164	232987
164	235531
164	240533
164	242066
164	242430
164	247765
164	251196
164	253393
164	255867
164	257889
164	258518
164	264143
164	264789
164	266672
164	275566
164	277454
257889	186750
257889	225872
251196	186750
251196	225872
255867	186750
255867	225872
258518	186750
258518	225872
264789	186750
264789	225872
277454	186750
277454	225872
247765	186750
247765	225872
253393	186750
253393	225872
266672	186750
266672	225872
264143	186750
264143	225872
275566	186750
275566	225872
242430	186750
242430	225872
214927	186750
214927	225872
217747	186750
217747	225872
232987	186750
232987	225872
223249	186750
223249	225872
225940	186750
225940	225872
240533	186750
240533	225872
215503	186750
215503	225872
242066	186750
242066	225872
235531	186750
235531	225872
213887	186750
213887	225872
218163	186750
218163	225872
203282	186750
203282	225872
210508	186750
210508	225872
181747	186750
181747	225872
177100	186750
177100	225872
186511	186750
186511	225872
184613	186750
184613	225872
209093	186750
209093	225872
203638	186750
203638	225872
197946	186750
197946	225872
161749	186750
161749	225872
156967	186750
156967	225872
171515	186750
171515	225872
171140	186750
171140	225872
149182	186750
149182	225872
143986	186750
143986	225872
158398	186750
158398	225872
151727	186750
151727	225872
157497	186750
157497	225872
160864	186750
160864	225872
157331	186750
157331	225872
150475	186750
150475	225872
107660	186750
107660	225872
115564	186750
115564	225872
112447	186750
112447	225872
126881	186750
126881	225872
123021	186750
123021	225872
135819	186750
135819	225872
95271	186750
95271	225872
87196	186750
87196	225872
93950	186750
93950	225872
104275	130643
104275	186750
104275	225872
79660	186750
79660	225872
99431	186750
99431	225872
78766	186750
78766	225872
59755	122572
59755	123070
59755	137014
59755	143621
59755	145251
59755	186750
59755	225872
59755	234952
62745	186750
62745	225872
70279	186750
70279	225872
58700	186750
58700	225872
44474	186750
44474	225872
47689	186750
47689	225872
59062	186750
59062	225872
58296	186750
58296	225872
69509	186750
69509	225872
7819	186750
7819	225872
10070	186750
10070	225872
9530	186750
9530	225872
16444	186750
16444	225872
32616	186750
32616	225872
19488	186750
19488	225872
23474	186750
23474	225872
29095	186750
29095	225872
9190	186750
9190	225872
12717	186750
12717	225872
18063	186750
18063	225872
15557	186750
15557	225872
165	3941
165	10222
165	11418
165	19376
165	28141
165	29646
165	41847
165	50311
165	53639
165	68608
165	70315
165	72193
165	84428
165	91585
165	97280
165	99488
165	115052
165	130335
165	138243
165	149762
165	162089
165	169107
165	191378
165	210403
165	213193
165	226779
165	238198
165	256298
165	273997
165	281056
165	281622
273997	165
273997	3941
273997	10222
273997	11418
273997	19376
273997	28141
273997	29646
273997	41847
273997	50311
273997	53639
273997	68608
273997	70315
273997	84428
273997	91585
273997	97280
273997	99488
273997	115052
273997	130335
273997	138243
273997	149762
273997	162089
273997	191378
273997	213193
273997	226779
273997	238198
273997	281056
273997	281622
281056	165
281056	3941
281056	10222
281056	11418
281056	19376
281056	28141
281056	29646
281056	41847
281056	50311
281056	53639
281056	68608
281056	70315
281056	84428
281056	91585
281056	97280
281056	99488
281056	115052
281056	130335
281056	138243
281056	149762
281056	162089
281056	191378
281056	213193
281056	226779
281056	238198
281056	273997
281056	281622
281622	165
281622	3941
281622	10222
281622	11418
281622	12381
281622	16148
281622	19376
281622	28141
281622	29646
281622	41847
281622	46115
281622	50311
281622	50861
281622	53639
281622	61060
281622	64823
281622	66860
281622	68608
281622	70315
281622	80556
281622	84428
281622	91585
281622	97280
281622	99488
281622	115052
281622	116601
281622	129417
281622	130335
281622	135398
281622	138243
281622	144489
281622	149762
281622	162089
281622	191378
281622	201420
281622	213193
281622	214018
281622	217825
281622	226779
281622	238198
281622	238474
281622	248640
281622	250526
281622	273997
281622	281056
226779	177233
238198	165
238198	3941
238198	10222
238198	11418
238198	19376
238198	28141
238198	29646
238198	41847
238198	50311
238198	53639
238198	68608
238198	70315
238198	79927
238198	84428
238198	91585
238198	97280
238198	99488
238198	115052
238198	130335
238198	138243
238198	149762
238198	162089
238198	191378
238198	213193
238198	226779
238198	232979
238198	273997
238198	281056
238198	281622
213193	165
213193	3941
213193	10222
213193	11418
213193	19376
213193	28141
213193	29646
213193	41847
213193	50311
213193	53639
213193	68608
213193	70315
213193	72193
213193	84428
213193	91585
213193	97280
213193	99488
213193	115052
213193	130335
213193	138243
213193	149762
213193	162089
213193	169107
213193	191378
213193	210403
213193	226779
213193	238198
213193	256298
213193	273997
213193	281056
213193	281622
191378	165
191378	3941
191378	10222
191378	11418
191378	19376
191378	28141
191378	29646
191378	41847
191378	50311
191378	53639
191378	68608
191378	70315
191378	84428
191378	91585
191378	97280
191378	99488
191378	115052
191378	130335
191378	138243
191378	149762
191378	162089
191378	213193
191378	226779
191378	238198
191378	273997
191378	281056
191378	281622
169107	756
169107	2627
169107	4279
169107	8238
169107	11564
169107	11673
169107	12381
169107	12672
169107	12943
169107	14743
169107	14966
169107	15122
169107	16148
169107	17185
169107	19087
169107	19256
169107	19875
169107	22057
169107	28218
169107	30664
169107	31320
169107	34059
169107	38661
169107	41292
169107	42029
169107	42321
169107	47163
169107	50686
169107	51989
169107	52501
169107	52637
169107	54029
169107	56261
169107	61060
169107	61810
169107	62910
169107	63256
169107	63860
169107	64823
169107	65892
169107	69131
169107	70185
169107	70655
169107	71624
169107	71771
169107	74465
169107	79223
169107	83413
169107	84428
169107	86370
169107	86994
169107	87800
169107	88857
169107	88905
169107	89652
169107	90320
169107	97517
169107	99293
169107	100076
169107	100715
169107	101250
169107	102149
169107	102928
169107	104103
169107	107637
169107	110177
169107	111765
169107	116601
169107	122179
169107	122642
169107	123564
169107	125259
169107	125358
169107	129417
169107	129493
169107	130299
169107	132738
169107	134390
169107	135398
169107	135792
169107	137604
169107	138682
169107	138868
169107	141405
169107	142355
169107	142674
169107	143689
169107	144489
169107	144662
169107	148464
169107	150036
169107	150698
169107	153418
169107	156879
169107	159263
169107	159860
169107	163615
169107	164868
169107	170281
169107	170578
169107	170859
169107	173057
169107	180227
169107	185718
169107	188515
169107	189571
169107	189958
169107	190256
169107	190309
169107	192411
169107	194988
169107	197258
169107	197772
169107	197936
169107	199667
169107	204804
169107	204925
169107	206742
169107	210906
169107	211233
169107	214018
169107	215794
169107	216426
169107	217513
169107	217764
169107	217825
169107	219027
169107	219516
169107	220777
169107	221928
169107	223262
169107	225592
169107	226411
169107	226914
169107	232171
169107	232609
169107	237563
169107	238474
169107	240256
169107	241973
169107	242662
169107	244822
169107	245469
169107	248126
169107	248292
169107	248640
169107	249528
169107	256298
169107	256626
169107	258313
169107	258600
169107	260743
169107	260828
169107	261778
169107	264086
169107	265202
169107	266116
169107	266335
169107	270898
169107	273332
169107	273518
169107	275676
169107	280238
169107	281653
149762	84428
149762	100044
149762	115052
149762	121067
149762	169107
149762	185718
149762	237749
162089	165
162089	3941
162089	10222
162089	11418
162089	19376
162089	28141
162089	29646
162089	41847
162089	50311
162089	53639
162089	68608
162089	70315
162089	84428
162089	91585
162089	97280
162089	99488
162089	115052
162089	130335
162089	138243
162089	149762
162089	191378
162089	213193
162089	226779
162089	238198
162089	273997
162089	281056
162089	281622
115052	5478
115052	7083
115052	14528
115052	37942
115052	46794
115052	65181
115052	84428
115052	84708
115052	89127
115052	94542
115052	96131
115052	108335
115052	112972
115052	113693
115052	116867
115052	130383
115052	130627
115052	149762
115052	180081
115052	183654
115052	185299
115052	196422
115052	216674
115052	241030
115052	250553
115052	271934
115052	276164
138243	165
138243	3941
138243	10222
138243	11418
138243	15122
138243	19376
138243	28141
138243	29646
138243	41847
138243	50311
138243	53639
138243	66860
138243	68608
138243	70315
138243	84428
138243	91585
138243	97280
138243	99488
138243	115052
138243	130335
138243	149762
138243	162089
138243	191378
138243	213193
138243	226779
138243	238198
138243	248640
138243	273997
138243	281056
138243	281622
130335	165
130335	3941
130335	10222
130335	11418
130335	19376
130335	28141
130335	29646
130335	41847
130335	50311
130335	53639
130335	68608
130335	70315
130335	72193
130335	84428
130335	91585
130335	97280
130335	99488
130335	115052
130335	138243
130335	149762
130335	162089
130335	169107
130335	191378
130335	210403
130335	213193
130335	226779
130335	238198
130335	256298
130335	273997
130335	281056
130335	281622
91585	165
91585	3941
91585	10222
91585	11418
91585	19376
91585	28141
91585	29646
91585	41847
91585	50311
91585	53639
91585	68608
91585	70315
91585	84428
91585	97280
91585	99488
91585	115052
91585	130335
91585	138243
91585	149762
91585	162089
91585	191378
91585	213193
91585	226779
91585	238198
91585	273997
91585	281056
91585	281622
97280	165
97280	3941
97280	10222
97280	11418
97280	19376
97280	28141
97280	29646
97280	41847
97280	50311
97280	53639
97280	68608
97280	70315
97280	84428
97280	91585
97280	99488
97280	115052
97280	130335
97280	138243
97280	149762
97280	162089
97280	191378
97280	213193
97280	226779
97280	238198
97280	273997
97280	281056
97280	281622
99488	165
99488	3941
99488	10222
99488	11418
99488	19367
99488	19376
99488	28141
99488	29646
99488	41847
99488	50311
99488	52884
99488	53639
99488	58932
99488	65325
99488	68608
99488	70315
99488	84428
99488	91585
99488	97280
99488	115052
99488	130335
99488	138243
99488	141577
99488	149762
99488	162089
99488	191378
99488	213193
99488	226779
99488	238198
99488	268285
99488	273997
99488	281056
99488	281622
41847	165
41847	3941
41847	10222
41847	11418
41847	19376
41847	28141
41847	29646
41847	50311
41847	53639
41847	68608
41847	70315
41847	84428
41847	91585
41847	97280
41847	99488
41847	115052
41847	130335
41847	138243
41847	149762
41847	162089
41847	191378
41847	213193
41847	226779
41847	238198
41847	273997
41847	281056
41847	281622
70315	165
70315	3941
70315	10222
70315	11418
70315	19376
70315	28141
70315	29646
70315	41847
70315	50311
70315	53639
70315	68608
70315	84428
70315	91585
70315	97280
70315	99488
70315	115052
70315	130335
70315	138243
70315	149762
70315	162089
70315	191378
70315	213193
70315	226779
70315	238198
70315	273997
70315	281056
70315	281622
68608	165
68608	3941
68608	10222
68608	11418
68608	16148
68608	19376
68608	28141
68608	29646
68608	41847
68608	50311
68608	53639
68608	66860
68608	70315
68608	84428
68608	91585
68608	97280
68608	99488
68608	102928
68608	115052
68608	116601
68608	129417
68608	130335
68608	138243
68608	149762
68608	162089
68608	188515
68608	191378
68608	213193
68608	226779
68608	232609
68608	238198
68608	273997
68608	281056
68608	281622
53639	165
53639	3941
53639	10222
53639	11418
53639	19376
53639	28141
53639	29646
53639	41847
53639	50311
53639	68608
53639	70315
53639	84428
53639	91585
53639	97280
53639	99488
53639	115052
53639	130335
53639	138243
53639	149762
53639	162089
53639	191378
53639	213193
53639	226779
53639	238198
53639	273997
53639	281056
53639	281622
50311	165
50311	3564
50311	3941
50311	10222
50311	11418
50311	19376
50311	28141
50311	29646
50311	41847
50311	53639
50311	68608
50311	70315
50311	84428
50311	91585
50311	97280
50311	99488
50311	115052
50311	130335
50311	138243
50311	149762
50311	162089
50311	191378
50311	213193
50311	226779
50311	238198
50311	273997
50311	281056
50311	281622
3941	165
3941	10222
3941	11418
3941	19376
3941	28141
3941	29646
3941	41847
3941	50311
3941	53639
3941	68608
3941	70315
3941	84428
3941	91585
3941	97280
3941	99488
3941	113681
3941	115052
3941	130335
3941	138243
3941	149762
3941	162089
3941	191378
3941	213193
3941	226779
3941	238198
3941	273997
3941	281056
3941	281622
11418	165
11418	3941
11418	10222
11418	19376
11418	28141
11418	29646
11418	41847
11418	50311
11418	53639
11418	68608
11418	70315
11418	84428
11418	91585
11418	97280
11418	99488
11418	115052
11418	130335
11418	138243
11418	149762
11418	162089
11418	191378
11418	213193
11418	226779
11418	238198
11418	273997
11418	281056
11418	281622
29646	165
29646	3941
29646	10222
29646	11418
29646	19376
29646	28141
29646	41847
29646	50311
29646	53639
29646	68608
29646	70315
29646	84428
29646	91585
29646	97280
29646	99488
29646	115052
29646	130335
29646	138243
29646	149762
29646	162089
29646	191378
29646	213193
29646	226779
29646	238198
29646	273997
29646	281056
29646	281622
28141	165
28141	3941
28141	10222
28141	11418
28141	19376
28141	29646
28141	41847
28141	44552
28141	50311
28141	53639
28141	68608
28141	70315
28141	84428
28141	91585
28141	97280
28141	99488
28141	115052
28141	130335
28141	138243
28141	141577
28141	149762
28141	162089
28141	191378
28141	213193
28141	226779
28141	238198
28141	273997
28141	281056
28141	281622
10222	165
10222	3941
10222	11418
10222	19376
10222	28141
10222	29646
10222	41847
10222	50311
10222	53639
10222	68608
10222	70315
10222	84428
10222	91585
10222	97280
10222	99488
10222	115052
10222	130335
10222	138243
10222	149762
10222	162089
10222	191378
10222	213193
10222	226779
10222	238198
10222	273997
10222	281056
10222	281622
19376	165
19376	3941
19376	10222
19376	11418
19376	28141
19376	29646
19376	41847
19376	50311
19376	53639
19376	68608
19376	70315
19376	84428
19376	91585
19376	97280
19376	99488
19376	115052
19376	130335
19376	138243
19376	149762
19376	162089
19376	191378
19376	213193
19376	226779
19376	238198
19376	273997
19376	281056
19376	281622
166	45
166	1642
166	6164
166	10975
166	20759
166	34573
166	38342
166	38686
166	43199
166	57344
166	73064
166	73816
166	81435
166	105607
166	106237
166	108938
166	109066
166	114275
166	150609
166	164262
166	167295
166	172729
166	198090
166	207322
166	214128
166	214576
166	221115
166	223027
166	226411
166	228532
166	231470
166	234704
166	237611
166	245659
166	248954
166	255614
255614	34573
255614	38342
255614	81435
255614	105607
255614	167295
255614	198090
255614	214128
255614	226411
255614	234704
255614	245659
248954	45
248954	10975
248954	34573
248954	38342
248954	43199
248954	73064
248954	81435
248954	105607
248954	106237
248954	108938
248954	164262
248954	167295
248954	198090
248954	207322
248954	214128
248954	221115
248954	226411
248954	234704
248954	245659
248954	255614
221115	45
221115	10975
221115	34573
221115	38342
221115	43199
221115	73064
221115	81435
221115	105607
221115	106237
221115	108938
221115	164262
221115	167295
221115	198090
221115	207322
221115	214128
221115	226411
221115	234704
221115	245659
221115	248954
221115	255614
228532	34573
228532	38342
228532	81435
228532	105607
228532	167295
228532	198090
228532	214128
228532	226411
228532	234704
228532	245659
231470	34573
231470	38342
231470	81435
231470	105607
231470	167295
231470	198090
231470	214128
231470	226411
231470	234704
231470	245659
214576	34573
214576	38342
214576	81435
214576	105607
214576	167295
214576	198090
214576	214128
214576	226411
214576	234704
214576	245659
237611	34573
237611	38342
237611	81435
237611	105607
237611	167295
237611	198090
237611	214128
237611	226411
237611	234704
237611	245659
223027	34573
223027	38342
223027	81435
223027	105607
223027	167295
223027	198090
223027	214128
223027	226411
223027	234704
223027	245659
207322	45
207322	10975
207322	34573
207322	38342
207322	43199
207322	73064
207322	81435
207322	105607
207322	106237
207322	108938
207322	164262
207322	167295
207322	198090
207322	214128
207322	221115
207322	226411
207322	234704
207322	245659
207322	248954
207322	255614
164262	45
164262	10975
164262	34573
164262	38342
164262	43199
164262	73064
164262	81435
164262	105607
164262	106237
164262	108938
164262	167295
164262	198090
164262	207322
164262	214128
164262	221115
164262	226411
164262	234704
164262	245659
164262	248954
164262	255614
172729	34573
172729	38342
172729	81435
172729	105607
172729	167295
172729	198090
172729	214128
172729	226411
172729	234704
172729	245659
150609	34573
150609	38342
150609	81435
150609	105607
150609	167295
150609	198090
150609	214128
150609	226411
150609	234704
150609	245659
106237	45
106237	10975
106237	34573
106237	38342
106237	43199
106237	73064
106237	81435
106237	105607
106237	108938
106237	164262
106237	167295
106237	198090
106237	207322
106237	214128
106237	221115
106237	226411
106237	234704
106237	245659
106237	248954
106237	255614
108938	45
108938	10975
108938	34573
108938	38342
108938	43199
108938	73064
108938	81435
108938	105607
108938	106237
108938	164262
108938	167295
108938	198090
108938	207322
108938	214128
108938	221115
108938	226411
108938	234704
108938	245659
108938	248954
108938	255614
114275	34573
114275	38342
114275	81435
114275	105607
114275	167295
114275	198090
114275	214128
114275	226411
114275	234704
114275	245659
109066	34573
109066	38342
109066	81435
109066	105607
109066	167295
109066	198090
109066	214128
109066	226411
109066	234704
109066	245659
73064	45
73064	10975
73064	34573
73064	38342
73064	43199
73064	81435
73064	105607
73064	106237
73064	108938
73064	164262
73064	167295
73064	198090
73064	207322
73064	214128
73064	221115
73064	226411
73064	234704
73064	245659
73064	248954
73064	255614
73816	34573
73816	38342
73816	81435
73816	105607
73816	167295
73816	198090
73816	214128
73816	226411
73816	234704
73816	245659
43199	45
43199	10975
43199	34573
43199	38342
43199	73064
43199	81435
43199	105607
43199	106237
43199	108938
43199	164262
43199	167295
43199	198090
43199	207322
43199	214128
43199	221115
43199	226411
43199	234704
43199	245659
43199	248954
43199	255614
57344	34573
57344	38342
57344	81435
57344	105607
57344	167295
57344	198090
57344	214128
57344	226411
57344	234704
57344	245659
38686	45
38686	1642
38686	6164
38686	10975
38686	20759
38686	34573
38686	38342
38686	43199
38686	57344
38686	73064
38686	73816
38686	81435
38686	105607
38686	106237
38686	108938
38686	109066
38686	114275
38686	150609
38686	164262
38686	167295
38686	172729
38686	198090
38686	207322
38686	214128
38686	214576
38686	221115
38686	223027
38686	226411
38686	228532
38686	231470
38686	234704
38686	237611
38686	245659
38686	248954
38686	255614
10975	45
10975	34573
10975	38342
10975	43199
10975	73064
10975	81435
10975	105607
10975	106237
10975	108938
10975	164262
10975	167295
10975	198090
10975	207322
10975	214128
10975	221115
10975	226411
10975	234704
10975	245659
10975	248954
10975	255614
1642	34573
1642	38342
1642	81435
1642	105607
1642	167295
1642	198090
1642	214128
1642	226411
1642	234704
1642	245659
6164	34573
6164	38342
6164	81435
6164	105607
6164	167295
6164	198090
6164	214128
6164	226411
6164	234704
6164	245659
20759	34573
20759	38342
20759	81435
20759	105607
20759	167295
20759	198090
20759	214128
20759	226411
20759	234704
20759	245659
167	7934
167	21748
167	34573
167	38342
167	45615
167	81435
167	81703
167	105607
167	156631
167	167295
167	168447
167	196743
167	198090
167	214128
167	226411
167	234704
167	241787
167	245659
167	256708
167	270838
270838	167
270838	7934
270838	21748
270838	34573
270838	38342
270838	45615
270838	81435
270838	81703
270838	105607
270838	156631
270838	167295
270838	168447
270838	196743
270838	198090
270838	214128
270838	226411
270838	234704
270838	241787
270838	245659
270838	256708
256708	167
256708	7934
256708	21748
256708	34573
256708	38342
256708	45615
256708	81435
256708	81703
256708	105607
256708	156631
256708	167295
256708	168447
256708	196743
256708	198090
256708	214128
256708	226411
256708	234704
256708	241787
256708	245659
256708	270838
241787	34573
241787	38342
241787	81435
241787	105607
241787	167295
241787	198090
241787	214128
241787	226411
241787	234704
241787	245659
196743	167
196743	7934
196743	21748
196743	34573
196743	38342
196743	45615
196743	81435
196743	81703
196743	105607
196743	156631
196743	167295
196743	168447
196743	198090
196743	214128
196743	226411
196743	234704
196743	241787
196743	245659
196743	256708
196743	270838
168447	167
168447	7934
168447	21748
168447	34573
168447	38342
168447	45615
168447	81435
168447	81703
168447	105607
168447	156631
168447	167295
168447	196743
168447	198090
168447	214128
168447	226411
168447	234704
168447	241787
168447	245659
168447	256708
168447	270838
156631	167
156631	7934
156631	21748
156631	34573
156631	38342
156631	45615
156631	81435
156631	81703
156631	105607
156631	167295
156631	168447
156631	196743
156631	198090
156631	214128
156631	226411
156631	234704
156631	241787
156631	245659
156631	256708
156631	270838
81703	34573
81703	38342
81703	81435
81703	105607
81703	167295
81703	198090
81703	214128
81703	226411
81703	234704
81703	245659
45615	167
45615	7934
45615	21748
45615	34573
45615	38342
45615	81435
45615	81703
45615	105607
45615	156631
45615	167295
45615	168447
45615	196743
45615	198090
45615	214128
45615	226411
45615	234704
45615	241787
45615	245659
45615	256708
45615	270838
21748	167
21748	7934
21748	34573
21748	38342
21748	45615
21748	81435
21748	81703
21748	105607
21748	156631
21748	167295
21748	168447
21748	196743
21748	198090
21748	214128
21748	226411
21748	234704
21748	241787
21748	245659
21748	256708
21748	270838
7934	167
7934	21748
7934	34573
7934	38342
7934	45615
7934	81435
7934	81703
7934	105607
7934	156631
7934	167295
7934	168447
7934	196743
7934	198090
7934	214128
7934	226411
7934	234704
7934	241787
7934	245659
7934	256708
7934	270838
168	11689
168	14277
168	21362
168	27115
168	32916
168	42229
168	48370
168	56671
168	57507
168	58309
168	59563
168	67760
168	75851
168	95211
168	109477
168	113368
168	129590
168	131001
168	132284
168	153450
168	158732
168	172965
168	187456
168	201497
168	201696
168	228237
168	229212
168	229236
168	232564
168	236019
168	238443
168	239306
168	240701
168	241883
168	278080
278080	23192
278080	27115
278080	27200
278080	32916
278080	33178
278080	44552
278080	56738
278080	99976
278080	109477
278080	111264
278080	132284
278080	153450
278080	158732
278080	172965
278080	201655
278080	239306
278080	241883
278080	242640
278080	247675
278080	249646
278080	254152
278080	268742
229212	7966
229212	14277
229212	27115
229212	32916
229212	42229
229212	57318
229212	57507
229212	59563
229212	70969
229212	71257
229212	73519
229212	94762
229212	104463
229212	109477
229212	118079
229212	129590
229212	132284
229212	153450
229212	167228
229212	171162
229212	172965
229212	175565
229212	183020
229212	189843
229212	196913
229212	201497
229212	204990
229212	218467
229212	228237
229212	236019
229212	239306
229212	241883
229212	256610
229212	278080
236019	14277
236019	27115
236019	32916
236019	42229
236019	57507
236019	59563
236019	67760
236019	70969
236019	109477
236019	129590
236019	131001
236019	132284
236019	147207
236019	153450
236019	158699
236019	158732
236019	172965
236019	181575
236019	183020
236019	183494
236019	187456
236019	201497
236019	217548
236019	228237
236019	229212
236019	229236
236019	232564
236019	238443
236019	239306
236019	241883
236019	278080
240701	11026
240701	11689
240701	14277
240701	21362
240701	27115
240701	32916
240701	42229
240701	42375
240701	48370
240701	57507
240701	58309
240701	59563
240701	67760
240701	73987
240701	75851
240701	76270
240701	92452
240701	109477
240701	117836
240701	125532
240701	129590
240701	132106
240701	132284
240701	153450
240701	154601
240701	158732
240701	159768
240701	172965
240701	185002
240701	187456
240701	200872
240701	201497
240701	222295
240701	222780
240701	228237
240701	229212
240701	229236
240701	232564
240701	236019
240701	236645
240701	238443
240701	239306
240701	241883
240701	269935
240701	273716
240701	274970
240701	278080
240701	280433
228237	1762
228237	7966
228237	11689
228237	14199
228237	14277
228237	20968
228237	21362
228237	23529
228237	27115
228237	29372
228237	32916
228237	33946
228237	38990
228237	39950
228237	40101
228237	42229
228237	46565
228237	56734
228237	58309
228237	59563
228237	62719
228237	67760
228237	70111
228237	70415
228237	70969
228237	71257
228237	71365
228237	75851
228237	94762
228237	100430
228237	109477
228237	114357
228237	115018
228237	125369
228237	128936
228237	129590
228237	131001
228237	132284
228237	133647
228237	141235
228237	145435
228237	149687
228237	153416
228237	153450
228237	158732
228237	167228
228237	167607
228237	171162
228237	171627
228237	172965
228237	175906
228237	178930
228237	180021
228237	181575
228237	182161
228237	183020
228237	185002
228237	187456
228237	187934
228237	188757
228237	191773
228237	194559
228237	195512
228237	196446
228237	199146
228237	201497
228237	205819
228237	206264
228237	210711
228237	211144
228237	218058
228237	218467
228237	225973
228237	229212
228237	229236
228237	232564
228237	238443
228237	239306
228237	240701
228237	241883
228237	242676
228237	246958
228237	250594
228237	251284
228237	254276
228237	256610
228237	261389
228237	262435
228237	270972
228237	277401
228237	278080
229236	3439
229236	14277
229236	27115
229236	32916
229236	42229
229236	57507
229236	59563
229236	67760
229236	67947
229236	70969
229236	71257
229236	75851
229236	109477
229236	129590
229236	131001
229236	132284
229236	153450
229236	158699
229236	158732
229236	166001
229236	172965
229236	181575
229236	182696
229236	183020
229236	183494
229236	187456
229236	191503
229236	201497
229236	206264
229236	209273
229236	217548
229236	228237
229236	229212
229236	232564
229236	236019
229236	238443
229236	239306
229236	241883
229236	242676
229236	247703
229236	260913
229236	277078
229236	278080
238443	14277
238443	21362
238443	27115
238443	32916
238443	42229
238443	57507
238443	59563
238443	67760
238443	75851
238443	94762
238443	109477
238443	129590
238443	131001
238443	132284
238443	153450
238443	158732
238443	172965
238443	175302
238443	175565
238443	177462
238443	187456
238443	188757
238443	201497
238443	228237
238443	229212
238443	229236
238443	232564
238443	236019
238443	239306
238443	241883
238443	261389
238443	278080
232564	14277
232564	27115
232564	29372
232564	32916
232564	42229
232564	57507
232564	59563
232564	67760
232564	70415
232564	100430
232564	109477
232564	129590
232564	131001
232564	132284
232564	153450
232564	158732
232564	172965
232564	175565
232564	187456
232564	201497
232564	228237
232564	229212
232564	229236
232564	236019
232564	238443
232564	239306
232564	241883
232564	278080
201497	8016
201497	9183
201497	10147
201497	10305
201497	14542
201497	20468
201497	23192
201497	26180
201497	27078
201497	27115
201497	32916
201497	43286
201497	44112
201497	57015
201497	58945
201497	59570
201497	71417
201497	85919
201497	105875
201497	132088
201497	151769
201497	153450
201497	153472
201497	165653
201497	185853
201497	188967
201497	200462
201497	205930
201497	220020
201497	224644
201497	231202
201497	240762
201497	252781
201497	255754
201497	259246
201497	260261
201497	260970
201497	261783
201497	264909
201497	272132
201497	275620
201497	278080
201696	168
201696	11689
201696	21362
201696	27115
201696	32916
201696	42229
201696	56671
201696	58309
201696	59563
201696	62525
201696	67760
201696	75851
201696	95211
201696	109477
201696	113368
201696	131001
201696	132284
201696	153450
201696	158732
201696	172965
201696	187456
201696	228237
201696	229236
201696	232564
201696	238443
201696	239306
201696	240701
201696	241883
201696	246958
187456	20968
187456	27115
187456	32916
187456	33487
187456	42229
187456	59563
187456	67760
187456	109477
187456	131001
187456	132284
187456	147851
187456	153450
187456	158732
187456	172965
187456	178930
187456	196446
187456	199146
187456	210357
187456	228237
187456	229236
187456	232564
187456	238443
187456	239306
187456	241883
187456	250594
187456	262435
158732	14277
158732	27115
158732	32916
158732	42229
158732	59563
158732	67760
158732	67985
158732	71257
158732	75851
158732	109477
158732	131001
158732	132284
158732	153450
158732	167472
158732	172965
158732	187456
158732	189843
158732	215489
158732	228237
158732	229236
158732	232564
158732	238443
158732	239306
158732	240701
158732	241883
158732	246958
158732	255966
129590	4009
129590	14740
129590	23192
129590	27115
129590	32916
129590	33178
129590	35648
129590	56738
129590	60516
129590	74142
129590	88469
129590	88970
129590	109024
129590	109477
129590	112541
129590	123985
129590	132284
129590	152516
129590	153450
129590	158732
129590	172965
129590	173160
129590	183193
129590	202224
129590	202533
129590	239306
129590	241883
129590	246194
129590	247675
129590	258802
129590	270008
129590	278080
113368	168
113368	11689
113368	21362
113368	27115
113368	32916
113368	42229
113368	48370
113368	56671
113368	58309
113368	59563
113368	67760
113368	75851
113368	95211
113368	109477
113368	131001
113368	132284
113368	153450
113368	158732
113368	172965
113368	187456
113368	201696
113368	228237
113368	229236
113368	232564
113368	238443
113368	239306
113368	240701
113368	241883
131001	11689
131001	14277
131001	21362
131001	27115
131001	32916
131001	42229
131001	57507
131001	58309
131001	59563
131001	67760
131001	75851
131001	109477
131001	129590
131001	132284
131001	153450
131001	158732
131001	172965
131001	187456
131001	201497
131001	228237
131001	229212
131001	229236
131001	232564
131001	236019
131001	238443
131001	239306
131001	240701
131001	241883
131001	246958
131001	278080
95211	168
95211	11689
95211	21362
95211	27115
95211	32916
95211	42229
95211	48370
95211	56671
95211	58309
95211	59563
95211	67760
95211	75851
95211	77423
95211	109477
95211	113368
95211	131001
95211	132284
95211	153450
95211	158732
95211	172965
95211	187456
95211	201696
95211	228237
95211	229236
95211	232564
95211	238443
95211	239306
95211	240701
95211	241883
75851	4525
75851	11689
75851	11909
75851	15502
75851	21362
75851	26821
75851	27115
75851	32916
75851	42229
75851	58309
75851	59563
75851	67760
75851	69304
75851	71257
75851	109477
75851	110498
75851	112453
75851	115866
75851	131001
75851	132284
75851	151462
75851	153450
75851	158732
75851	159768
75851	163355
75851	172965
75851	187456
75851	221270
75851	228237
75851	232564
75851	238443
75851	239306
75851	240701
75851	241883
75851	246958
75851	251284
75851	255966
75851	275241
57507	14277
57507	27115
57507	32916
57507	39401
57507	42229
57507	44552
57507	46819
57507	53740
57507	59563
57507	67760
57507	70969
57507	109477
57507	111264
57507	129590
57507	131001
57507	132284
57507	153450
57507	158699
57507	158732
57507	172965
57507	181575
57507	183494
57507	187456
57507	201497
57507	217548
57507	228237
57507	229212
57507	229236
57507	232564
57507	236019
57507	238443
57507	239306
57507	241883
57507	268742
57507	278080
56671	168
56671	11689
56671	21362
56671	23942
56671	27115
56671	32916
56671	42229
56671	58309
56671	59563
56671	67760
56671	75851
56671	95211
56671	109477
56671	113368
56671	131001
56671	132284
56671	153450
56671	158732
56671	172965
56671	187456
56671	201696
56671	206937
56671	228237
56671	229236
56671	232564
56671	238443
56671	239306
56671	240701
56671	241883
56671	246958
56671	247703
48370	11689
48370	14277
48370	21362
48370	27115
48370	32916
48370	42229
48370	57507
48370	58309
48370	59563
48370	67760
48370	75851
48370	109477
48370	129590
48370	131001
48370	132284
48370	153450
48370	158732
48370	172965
48370	187456
48370	201497
48370	228237
48370	229212
48370	229236
48370	232564
48370	236019
48370	238443
48370	239306
48370	240701
48370	241883
48370	278080
58309	11689
58309	14277
58309	21362
58309	27115
58309	32916
58309	42229
58309	57507
58309	59563
58309	67760
58309	75851
58309	109477
58309	129590
58309	131001
58309	132284
58309	148207
58309	152516
58309	153450
58309	158732
58309	172965
58309	187456
58309	201497
58309	228237
58309	229212
58309	229236
58309	232564
58309	236019
58309	238443
58309	239306
58309	240701
58309	241883
58309	246958
58309	278080
59563	1921
59563	27115
59563	32916
59563	39950
59563	42229
59563	57318
59563	67760
59563	109477
59563	131001
59563	132284
59563	153450
59563	158732
59563	167607
59563	172965
59563	187456
59563	205819
59563	228237
59563	229236
59563	232564
59563	238443
59563	239306
59563	241883
59563	270972
59563	277401
42229	14277
42229	23529
42229	27115
42229	32916
42229	57507
42229	59563
42229	59717
42229	67760
42229	71365
42229	109477
42229	129590
42229	131001
42229	132284
42229	133647
42229	153450
42229	158732
42229	171627
42229	172965
42229	182161
42229	187456
42229	194559
42229	201497
42229	228237
42229	229212
42229	229236
42229	232564
42229	236019
42229	238443
42229	239306
42229	241883
42229	251284
42229	276698
42229	278080
67760	14277
67760	27115
67760	32916
67760	42229
67760	46565
67760	56734
67760	59563
67760	109477
67760	129590
67760	131001
67760	132284
67760	153416
67760	153450
67760	158732
67760	159863
67760	172965
67760	185002
67760	187456
67760	188757
67760	201497
67760	210711
67760	221021
67760	225973
67760	228237
67760	229212
67760	229236
67760	232564
67760	238443
67760	239306
67760	241883
67760	277401
67760	278080
14277	15502
14277	17591
14277	27115
14277	31206
14277	32916
14277	38769
14277	42229
14277	64374
14277	109477
14277	117681
14277	118914
14277	129590
14277	132284
14277	153450
14277	172965
14277	175937
14277	182696
14277	183494
14277	189843
14277	197183
14277	201497
14277	225864
14277	229212
14277	229236
14277	236019
14277	239306
14277	240701
14277	241883
14277	251284
14277	261453
14277	275241
14277	278080
11689	14277
11689	21362
11689	27115
11689	32916
11689	42229
11689	48370
11689	57507
11689	58309
11689	59563
11689	67760
11689	75851
11689	102377
11689	109477
11689	129590
11689	131001
11689	132284
11689	153450
11689	158732
11689	163355
11689	172965
11689	187456
11689	201497
11689	228237
11689	229212
11689	229236
11689	232564
11689	236019
11689	238443
11689	239306
11689	240701
11689	241883
11689	278080
21362	11689
21362	14277
21362	27115
21362	32916
21362	33641
21362	42229
21362	47273
21362	57507
21362	58309
21362	59563
21362	67760
21362	75851
21362	109477
21362	110498
21362	115866
21362	129590
21362	131001
21362	132284
21362	152335
21362	153450
21362	158732
21362	172965
21362	175302
21362	175565
21362	176331
21362	187456
21362	188757
21362	201497
21362	214393
21362	221270
21362	228237
21362	229212
21362	232564
21362	236019
21362	238443
21362	239306
21362	240701
21362	241883
21362	246958
21362	261389
21362	278080
21362	280406
169	28925
169	70601
169	72078
169	152431
169	165081
169	206676
169	214377
169	230475
169	265182
169	274973
169	276971
276971	52032
276971	80103
276971	130176
276971	192120
276971	226411
265182	52032
265182	80103
265182	130176
265182	192120
265182	226411
274973	52032
274973	80103
274973	130176
274973	192120
274973	226411
214377	52032
214377	80103
214377	130176
214377	192120
214377	226411
230475	52032
230475	80103
230475	130176
230475	192120
230475	226411
206676	52032
206676	80103
206676	130176
206676	192120
206676	226411
165081	52032
165081	80103
165081	130176
165081	192120
165081	226411
152431	52032
152431	80103
152431	130176
152431	192120
152431	226411
70601	52032
70601	80103
70601	130176
70601	192120
70601	226411
72078	52032
72078	80103
72078	130176
72078	192120
72078	226411
28925	52032
28925	80103
28925	130176
28925	192120
28925	226411
170	22596
170	23195
170	41104
170	59161
170	77762
170	95994
170	114084
170	132695
170	177787
170	180887
170	196124
170	209692
170	225930
170	234704
170	271300
271300	23195
271300	63698
271300	103471
271300	123632
271300	132695
271300	177787
271300	196124
271300	201412
271300	207617
271300	209692
271300	225930
271300	234704
225930	170
225930	12256
225930	23195
225930	31534
225930	63698
225930	81024
225930	83723
225930	132695
225930	177787
225930	196124
225930	207617
225930	209692
225930	210360
225930	234704
225930	271300
180887	23195
180887	132695
180887	177787
180887	196124
180887	209692
180887	218253
180887	225930
180887	234704
180887	271300
209692	23195
209692	63698
209692	132695
209692	132744
209692	149814
209692	177787
209692	196124
209692	207617
209692	225930
209692	234704
209692	271300
196124	170
196124	12256
196124	23195
196124	30070
196124	63698
196124	83723
196124	132695
196124	177787
196124	207617
196124	209692
196124	210360
196124	225930
196124	234704
196124	271300
177787	23195
177787	63698
177787	103471
177787	123632
177787	132695
177787	196124
177787	201412
177787	207617
177787	209692
177787	225930
177787	234704
177787	271300
114084	23195
114084	132695
114084	177787
114084	180887
114084	196124
114084	209692
114084	218253
114084	225930
114084	234704
114084	271300
95994	23195
95994	132695
95994	177787
95994	180887
95994	196124
95994	209692
95994	218253
95994	225930
95994	234704
95994	271300
77762	23195
77762	132695
77762	177787
77762	180887
77762	196124
77762	209692
77762	218253
77762	225930
77762	234704
77762	271300
59161	23195
59161	132695
59161	177787
59161	180887
59161	196124
59161	209692
59161	218253
59161	225930
59161	234704
59161	271300
41104	23195
41104	132695
41104	177787
41104	180887
41104	196124
41104	209692
41104	218253
41104	225930
41104	234704
41104	271300
22596	23195
22596	132695
22596	177787
22596	180887
22596	196124
22596	209692
22596	218253
22596	225930
22596	234704
22596	271300
23195	63698
23195	132695
23195	177787
23195	196124
23195	207617
23195	209692
23195	225930
23195	234704
23195	271300
171	6419
171	15538
171	27684
27684	171
27684	1065
27684	3630
27684	5495
27684	6419
27684	7286
27684	9456
27684	12057
27684	12933
27684	14662
27684	15538
27684	16495
27684	18670
27684	19060
27684	20096
27684	20294
27684	20826
27684	21551
27684	22868
27684	23296
27684	24748
27684	25521
27684	26033
27684	26244
27684	28508
27684	29554
27684	31234
27684	34592
27684	35752
27684	37255
27684	38849
27684	40183
27684	41682
27684	42905
27684	45020
27684	46605
27684	48102
27684	49804
27684	51073
27684	52582
27684	53628
27684	54293
27684	55403
27684	56415
27684	56963
27684	57157
27684	58170
27684	58854
27684	59577
27684	59791
27684	60385
27684	61408
27684	62033
27684	63701
27684	64838
27684	66504
27684	68107
27684	69735
27684	72070
27684	72984
27684	75789
27684	79324
27684	81523
27684	82432
27684	84092
27684	87698
27684	88619
27684	90102
27684	91548
27684	91737
27684	91937
27684	93153
27684	94654
27684	95778
27684	95990
27684	96174
27684	97946
27684	101458
27684	103112
27684	107033
27684	107407
27684	108720
27684	111494
27684	111839
27684	114548
27684	116702
27684	118033
27684	118377
27684	119668
27684	122457
27684	122806
27684	123981
27684	125736
27684	126527
27684	126730
27684	127181
27684	128185
27684	129994
27684	131159
27684	131650
27684	131864
27684	133350
27684	133815
27684	136490
27684	137689
27684	138174
27684	139391
27684	143145
27684	144295
27684	144769
27684	145963
27684	148677
27684	149123
27684	150855
27684	151351
27684	152490
27684	155152
27684	155625
27684	158440
27684	159679
27684	160038
27684	161017
27684	162825
27684	164125
27684	164470
27684	165720
27684	167495
27684	167960
27684	170714
27684	171087
27684	173852
27684	175124
27684	175448
27684	178349
27684	180992
27684	187463
27684	193425
27684	194792
27684	194871
27684	195084
27684	196414
27684	197935
27684	199193
27684	199274
27684	200443
27684	201863
27684	202614
27684	208764
27684	212016
27684	213732
27684	215267
27684	216920
27684	218064
27684	219610
27684	220244
27684	221882
27684	222079
27684	223592
27684	224554
27684	224721
27684	226318
27684	227485
27684	229251
27684	230670
27684	232018
27684	232705
27684	233598
27684	235036
27684	236030
27684	236727
27684	238907
27684	240253
27684	243022
27684	244654
27684	246102
27684	247280
27684	250680
27684	252247
27684	253320
27684	255591
27684	259029
27684	261850
27684	262934
27684	264902
27684	266042
27684	266390
27684	267273
27684	267682
27684	268815
27684	269165
27684	270323
27684	271884
27684	272301
27684	274458
27684	275371
27684	278106
27684	281709
15538	171
15538	6419
15538	12933
15538	27684
15538	57157
15538	59577
15538	194792
15538	195084
15538	215267
15538	218064
15538	220244
15538	226318
15538	230670
15538	233598
15538	240253
15538	246102
15538	264902
6419	171
6419	15538
6419	27684
6419	57157
172	19202
172	23360
172	43094
172	51695
172	60826
172	68658
172	78328
172	81501
172	94207
172	102512
172	123758
172	148876
172	173369
172	202593
172	206122
172	226888
172	241290
172	246741
172	254394
172	268277
172	273803
172	274869
172	281246
281246	19202
281246	23360
281246	43094
281246	51695
281246	60826
281246	68658
281246	78328
281246	81501
281246	102512
281246	123758
281246	148876
281246	173369
281246	202593
281246	206122
281246	226888
281246	241290
281246	246741
281246	247148
281246	254394
281246	268277
281246	273803
281246	274869
246741	19202
246741	23360
246741	43094
246741	51695
246741	60826
246741	68658
246741	78328
246741	81501
246741	102512
246741	123758
246741	148876
246741	173369
246741	202593
246741	206122
246741	226888
246741	241290
246741	254394
246741	261697
246741	268277
246741	273803
246741	274869
246741	281246
273803	19202
273803	23360
273803	43094
273803	51695
273803	60826
273803	68658
273803	78328
273803	81501
273803	102512
273803	123758
273803	148876
273803	173369
273803	202593
273803	206122
273803	226888
273803	241290
273803	246741
273803	254394
273803	268277
273803	274869
273803	281246
268277	19202
268277	23360
268277	43094
268277	51695
268277	60826
268277	68658
268277	78328
268277	81501
268277	102512
268277	123758
268277	148876
268277	173369
268277	202593
268277	206122
268277	226888
268277	241290
268277	246741
268277	254394
268277	273803
268277	274869
268277	281246
254394	19202
254394	23360
254394	43094
254394	51695
254394	60826
254394	68658
254394	78328
254394	81501
254394	102512
254394	123758
254394	148876
254394	153900
254394	173369
254394	202593
254394	206122
254394	224643
254394	226888
254394	241290
254394	246741
254394	268277
254394	273803
254394	274869
254394	281246
274869	172
274869	19202
274869	23360
274869	43094
274869	51695
274869	60826
274869	68658
274869	78328
274869	81501
274869	94207
274869	102512
274869	123758
274869	148876
274869	202593
274869	206122
274869	226888
274869	241290
274869	246741
274869	254394
274869	268277
274869	273803
274869	281246
241290	19202
241290	23360
241290	43094
241290	51695
241290	60826
241290	68658
241290	78328
241290	81501
241290	88352
241290	102512
241290	123758
241290	148876
241290	173369
241290	202593
241290	206122
241290	208209
241290	226888
241290	246741
241290	254394
241290	261697
241290	268277
241290	273803
241290	274869
241290	281246
226888	19202
226888	23360
226888	43094
226888	51695
226888	60826
226888	68658
226888	78328
226888	81501
226888	102512
226888	123758
226888	148876
226888	173369
226888	192120
226888	202593
226888	206122
226888	241290
226888	246741
226888	254394
226888	268277
226888	273803
226888	274869
226888	281246
202593	172
202593	19202
202593	23360
202593	43094
202593	51695
202593	60826
202593	68658
202593	78328
202593	81501
202593	94207
202593	102512
202593	123758
202593	148876
202593	173369
202593	206122
202593	226888
202593	241290
202593	246741
202593	254394
202593	268277
202593	273803
202593	274869
202593	281246
206122	19202
206122	23360
206122	43094
206122	51695
206122	60826
206122	68658
206122	78328
206122	81501
206122	102512
206122	123758
206122	148876
206122	173369
206122	202593
206122	226888
206122	241290
206122	246741
206122	254394
206122	268277
206122	273803
206122	274869
206122	281246
173369	68658
173369	123758
173369	192120
173369	226888
173369	274869
148876	19202
148876	23360
148876	43094
148876	51695
148876	60826
148876	68658
148876	78328
148876	81501
148876	102512
148876	123758
148876	173369
148876	202593
148876	206122
148876	226888
148876	241290
148876	246741
148876	254394
148876	268277
148876	273803
148876	274869
148876	281007
148876	281246
123758	19202
123758	23360
123758	43094
123758	51695
123758	60826
123758	68658
123758	78328
123758	81501
123758	102512
123758	148876
123758	173369
123758	192120
123758	202593
123758	206122
123758	226888
123758	241290
123758	246741
123758	254394
123758	268277
123758	273803
123758	274869
123758	281246
94207	172
94207	19202
94207	23360
94207	43094
94207	51695
94207	60826
94207	68658
94207	78328
94207	81501
94207	102512
94207	123758
94207	148876
94207	173369
94207	202593
94207	206122
94207	226888
94207	241290
94207	246741
94207	254394
94207	268277
94207	273803
94207	274869
94207	281246
81501	19202
81501	23360
81501	43094
81501	51695
81501	60826
81501	68658
81501	78328
81501	102512
81501	123758
81501	148876
81501	173369
81501	202593
81501	206122
81501	226888
81501	241290
81501	246741
81501	254394
81501	268277
81501	273803
81501	274869
81501	281246
78328	172
78328	19202
78328	23360
78328	43094
78328	51695
78328	52951
78328	60826
78328	68658
78328	81501
78328	94207
78328	102512
78328	121643
78328	123758
78328	148876
78328	173369
78328	202593
78328	206122
78328	226888
78328	241290
78328	246741
78328	254394
78328	268277
78328	273803
78328	274869
78328	281246
102512	959
102512	4112
102512	7213
102512	13451
102512	19202
102512	19246
102512	23360
102512	23700
102512	28114
102512	37730
102512	38526
102512	42241
102512	43094
102512	51695
102512	52951
102512	54327
102512	56088
102512	60826
102512	68658
102512	74361
102512	76809
102512	78328
102512	81501
102512	88352
102512	94165
102512	95609
102512	96096
102512	120861
102512	123758
102512	128426
102512	129772
102512	130374
102512	133266
102512	136261
102512	148605
102512	148876
102512	151532
102512	152019
102512	153900
102512	169734
102512	172665
102512	173369
102512	179510
102512	183951
102512	186905
102512	190099
102512	190869
102512	201138
102512	201836
102512	202593
102512	206122
102512	208209
102512	215344
102512	216859
102512	218031
102512	220070
102512	224643
102512	226888
102512	228391
102512	230102
102512	239227
102512	241290
102512	246741
102512	247148
102512	247151
102512	254394
102512	259922
102512	262263
102512	262489
102512	266246
102512	268277
102512	269783
102512	272887
102512	273100
102512	273803
102512	274869
102512	281007
102512	281246
60826	19202
60826	23360
60826	43094
60826	51695
60826	68658
60826	78328
60826	81501
60826	102512
60826	123758
60826	148876
60826	173369
60826	190698
60826	202593
60826	206122
60826	226888
60826	241290
60826	246741
60826	252338
60826	254394
60826	268277
60826	273803
60826	274869
60826	281246
43094	172
43094	19202
43094	23360
43094	51695
43094	60826
43094	68658
43094	78328
43094	81501
43094	102512
43094	123758
43094	148876
43094	173369
43094	202593
43094	206122
43094	226888
43094	241290
43094	246741
43094	254394
43094	268277
43094	273803
43094	274869
43094	281246
51695	19202
51695	23360
51695	43094
51695	60826
51695	68658
51695	78328
51695	81501
51695	102512
51695	123758
51695	148876
51695	173369
51695	202593
51695	206122
51695	226888
51695	241290
51695	246741
51695	254394
51695	268277
51695	273803
51695	274869
51695	281246
68658	19202
68658	23360
68658	43094
68658	51695
68658	60826
68658	78328
68658	81501
68658	102512
68658	123758
68658	148876
68658	173369
68658	192120
68658	202593
68658	206122
68658	226888
68658	241290
68658	246741
68658	254394
68658	268277
68658	273803
68658	274869
68658	281246
19202	23360
19202	38940
19202	43094
19202	51695
19202	60826
19202	68658
19202	78328
19202	81501
19202	102512
19202	105245
19202	123758
19202	126779
19202	148876
19202	173369
19202	202593
19202	206122
19202	226888
19202	239227
19202	241290
19202	246741
19202	254394
19202	268277
19202	273803
19202	274869
19202	281246
23360	7213
23360	10365
23360	18412
23360	21315
23360	25126
23360	28140
23360	40745
23360	47352
23360	58718
23360	60036
23360	100770
23360	120861
23360	123955
23360	133747
23360	146989
23360	152019
23360	153900
23360	158957
23360	176541
23360	192120
23360	198821
23360	215600
23360	220070
23360	224643
23360	226411
23360	239874
23360	255694
23360	264216
23360	266083
23360	268261
173	6412
173	15547
173	103484
173	251876
251876	18855
251876	20519
251876	58592
251876	73580
251876	95918
251876	101145
251876	157264
251876	216677
251876	226411
251876	236666
103484	2614
103484	7494
103484	58043
103484	150067
103484	151532
103484	208252
15547	173
15547	12929
6412	173
6412	185385
6412	254526
6412	261949
174	34573
174	38342
174	52614
174	72841
174	78454
174	81435
174	94625
174	105607
174	131007
174	141988
174	161668
174	167295
174	171514
174	198090
174	213521
174	214128
174	226411
174	229237
174	234704
174	245659
213521	174
213521	34573
213521	38342
213521	52614
213521	72841
213521	78454
213521	81435
213521	94625
213521	105607
213521	131007
213521	141988
213521	161668
213521	167295
213521	171514
213521	198090
213521	214128
213521	226411
213521	229237
213521	234704
213521	245659
229237	174
229237	34573
229237	38342
229237	52614
229237	72841
229237	78454
229237	81435
229237	94625
229237	105607
229237	131007
229237	141988
229237	161668
229237	167295
229237	171514
229237	198090
229237	213521
229237	214128
229237	226411
229237	234704
229237	245659
141988	34573
141988	38342
141988	81435
141988	105607
141988	167295
141988	198090
141988	214128
141988	226411
141988	234704
141988	245659
161668	174
161668	34573
161668	38342
161668	52614
161668	72841
161668	78454
161668	81435
161668	94625
161668	105607
161668	131007
161668	141988
161668	167295
161668	171514
161668	198090
161668	213521
161668	214128
161668	226411
161668	229237
161668	234704
161668	245659
171514	174
171514	34573
171514	38342
171514	52614
171514	72841
171514	78454
171514	81435
171514	94625
171514	105607
171514	131007
171514	141988
171514	161668
171514	167295
171514	198090
171514	213521
171514	214128
171514	226411
171514	229237
171514	234704
171514	245659
131007	174
131007	34573
131007	38342
131007	52614
131007	72841
131007	78454
131007	81435
131007	94625
131007	105607
131007	141988
131007	161668
131007	167295
131007	171514
131007	198090
131007	213521
131007	214128
131007	226411
131007	229237
131007	234704
131007	245659
78454	174
78454	34573
78454	38342
78454	52614
78454	72841
78454	81435
78454	94625
78454	105607
78454	131007
78454	141988
78454	161668
78454	167295
78454	171514
78454	198090
78454	213521
78454	214128
78454	226411
78454	229237
78454	234704
78454	245659
72841	174
72841	34573
72841	38342
72841	52614
72841	78454
72841	81435
72841	94625
72841	105607
72841	131007
72841	141988
72841	161668
72841	167295
72841	171514
72841	198090
72841	213521
72841	214128
72841	226411
72841	229237
72841	234704
72841	245659
94625	174
94625	34573
94625	38342
94625	52614
94625	72841
94625	78454
94625	81435
94625	105607
94625	131007
94625	141988
94625	161668
94625	167295
94625	171514
94625	198090
94625	213521
94625	214128
94625	226411
94625	229237
94625	234704
94625	245659
52614	34573
52614	38342
52614	81435
52614	105607
52614	167295
52614	198090
52614	214128
52614	226411
52614	234704
52614	245659
175	1057
175	5531
175	12136
175	16367
175	20926
175	25395
175	27653
175	32073
175	60398
175	72379
175	75472
175	82176
175	87942
175	92231
175	95469
175	103369
175	126277
175	132110
126277	175
126277	27653
126277	103369
126277	132110
132110	175
132110	72379
132110	103369
132110	126277
72379	175
72379	75472
72379	103369
72379	132110
75472	175
75472	72379
75472	82176
75472	103369
82176	175
82176	75472
82176	87942
82176	103369
87942	175
87942	82176
87942	95469
87942	103369
95469	175
95469	87942
95469	92231
95469	103369
92231	175
92231	95469
92231	103369
103369	175
103369	92231
60398	175
60398	1057
60398	103369
1057	175
1057	5531
1057	60398
1057	103369
5531	175
5531	1057
5531	12136
5531	103369
12136	175
12136	5531
12136	16367
12136	103369
16367	175
16367	12136
16367	25395
16367	103369
25395	175
25395	16367
25395	20926
25395	103369
20926	175
20926	25395
20926	32073
20926	103369
32073	175
32073	20926
32073	27653
32073	103369
27653	175
27653	32073
27653	103369
27653	126277
176	228860
228860	176
228860	21179
228860	123351
228860	136919
228860	139062
228860	148889
228860	149007
228860	185385
228860	226411
228860	276457
177	25158
177	56088
177	65179
177	65238
177	90591
177	94440
177	260899
260899	56088
260899	90591
260899	94440
260899	237569
260899	275186
90591	177
90591	6408
90591	12920
90591	15556
90591	21168
90591	25158
90591	27333
90591	32371
90591	39742
90591	42052
90591	44103
90591	50670
90591	53962
90591	56088
90591	58490
90591	65179
90591	69408
90591	77850
90591	80074
90591	85529
90591	88839
90591	94440
90591	101263
90591	104375
90591	106878
90591	112017
90591	118591
90591	122214
90591	127761
90591	130575
90591	132849
90591	138697
90591	249640
90591	254357
90591	256539
90591	260899
90591	266501
90591	268706
90591	275186
90591	281903
94440	56088
94440	90591
94440	122148
94440	122214
94440	260899
56088	18412
56088	166527
56088	173905
56088	230737
56088	234764
56088	245847
25158	177
25158	50475
25158	56088
25158	90591
25158	94440
25158	130575
25158	260899
178	54832
54832	178
54832	62502
54832	69256
54832	78923
54832	90515
54832	119310
54832	134330
54832	136921
54832	149302
54832	150483
54832	201243
54832	203405
54832	226411
54832	248149
179	68889
179	95163
179	136821
179	251796
179	272442
180	34573
180	38342
180	81435
180	105607
180	167295
180	198090
180	214128
180	226411
180	234704
180	245659
181	13482
181	15738
181	39867
181	64582
181	111214
181	112626
181	214463
181	228926
181	233115
181	262253
181	280673
280673	1332
280673	32707
280673	71218
280673	78287
280673	90879
280673	100026
280673	102437
280673	118244
280673	130596
280673	134777
280673	144564
280673	145748
280673	156223
280673	161890
280673	177223
280673	185472
280673	190538
280673	197498
280673	203263
280673	216896
280673	251373
280673	253689
280673	277878
280673	280539
262253	15738
262253	39867
262253	52022
262253	62045
262253	64582
262253	65463
262253	84428
262253	111214
262253	112626
262253	129885
262253	192120
262253	214463
262253	228926
262253	233115
233115	14344
233115	15738
233115	32916
233115	35459
233115	39867
233115	52022
233115	64582
233115	111214
233115	112626
233115	118094
233115	214463
233115	228926
233115	243109
233115	262253
233115	263232
228926	15738
228926	35459
228926	39867
228926	52022
228926	64582
228926	111214
228926	112626
228926	214463
228926	233115
228926	236118
228926	236851
228926	262253
228926	276987
214463	7008
214463	15738
214463	35459
214463	39867
214463	52022
214463	64582
214463	111214
214463	112626
214463	228926
214463	233115
214463	262253
112626	15738
112626	39867
112626	52022
112626	62045
112626	64582
112626	111214
112626	214463
112626	228926
112626	233115
112626	262253
111214	7008
111214	15738
111214	35459
111214	39867
111214	52022
111214	64582
111214	112626
111214	214463
111214	228926
111214	233115
111214	262253
64582	181
64582	2122
64582	2230
64582	2400
64582	3661
64582	6379
64582	7076
64582	8504
64582	8942
64582	12112
64582	13150
64582	13271
64582	13766
64582	15287
64582	15572
64582	15738
64582	15843
64582	16975
64582	17621
64582	20304
64582	20883
64582	21596
64582	21880
64582	22569
64582	35459
64582	35683
64582	36083
64582	36218
64582	38548
64582	39867
64582	42442
64582	49074
64582	49079
64582	52022
64582	52096
64582	52721
64582	53304
64582	58444
64582	59621
64582	60038
64582	63297
64582	68229
64582	72400
64582	72701
64582	72889
64582	73508
64582	75147
64582	81790
64582	81906
64582	82550
64582	85431
64582	85837
64582	91613
64582	92859
64582	100243
64582	100521
64582	102497
64582	103803
64582	110832
64582	111214
64582	112626
64582	112721
64582	115401
64582	117928
64582	119477
64582	120376
64582	124376
64582	127418
64582	138349
64582	146506
64582	148128
64582	148384
64582	150292
64582	151499
64582	156873
64582	158775
64582	159942
64582	160149
64582	160233
64582	162569
64582	165199
64582	169457
64582	170182
64582	170939
64582	174157
64582	174422
64582	175037
64582	175556
64582	176489
64582	179260
64582	181716
64582	183386
64582	184301
64582	185693
64582	186516
64582	187407
64582	188030
64582	190895
64582	192167
64582	194486
64582	194593
64582	200693
64582	201180
64582	201304
64582	202303
64582	203442
64582	204105
64582	206038
64582	206270
64582	208020
64582	208528
64582	210025
64582	210416
64582	214463
64582	215208
64582	215700
64582	216762
64582	218144
64582	219875
64582	219973
64582	224261
64582	228926
64582	229812
64582	233115
64582	233331
64582	233796
64582	239273
64582	239290
64582	247243
64582	249326
64582	250351
64582	253948
64582	256235
64582	259798
64582	261214
64582	261320
64582	262253
64582	262346
64582	264152
64582	266746
64582	266933
64582	267304
64582	271574
64582	274575
64582	275410
64582	277451
64582	281839
39867	15738
39867	35459
39867	52022
39867	64582
39867	111214
39867	112626
39867	214463
39867	228926
39867	233115
39867	262253
15738	21680
15738	35459
15738	39867
15738	52022
15738	64172
15738	64582
15738	107423
15738	111214
15738	112626
15738	161890
15738	175835
15738	214463
15738	228926
15738	233115
15738	261709
15738	262253
13482	15738
13482	39867
13482	64582
13482	111214
13482	111838
13482	112626
13482	214463
13482	228926
13482	233115
13482	262253
13482	269433
13482	271224
182	6369
182	20152
182	28523
182	250069
250069	182
250069	6369
250069	12995
250069	15525
250069	20152
250069	28523
250069	31184
250069	61854
250069	68262
250069	72132
250069	75773
250069	82449
250069	87642
250069	91965
250069	95719
250069	98007
250069	103087
250069	134038
250069	137479
250069	144274
250069	149173
250069	151280
250069	155176
250069	159630
250069	164490
250069	171062
250069	175182
250069	205628
250069	210149
250069	215205
250069	218085
250069	220229
250069	226381
250069	230660
250069	233646
250069	240191
250069	246121
250069	272328
250069	276853
250069	280144
20152	31184
20152	250069
6369	182
6369	12995
6369	20152
6369	250069
28523	182
28523	20152
28523	31184
28523	250069
183	6370
183	15524
6370	183
6370	26231
6370	31186
15524	183
15524	6370
15524	12994
184	25146
184	65209
184	65546
184	131716
184	212485
212485	25146
212485	131716
212485	275716
131716	83963
131716	84431
131716	212485
65546	184
65546	429
65546	50166
65546	83963
65209	184
65209	429
65209	50656
65209	131716
65209	212485
25146	184
25146	50166
25146	131716
25146	212485
185	52653
52653	185
52653	19364
52653	19401
52653	26724
52653	29544
52653	34972
52653	104582
52653	120170
52653	126043
52653	155865
52653	250097
186	6366
186	59555
186	89073
186	134832
186	231363
59555	186
59555	57207
59555	89073
59555	134832
59555	231363
6366	186
6366	13001
6366	89073
6366	134832
6366	231363
6366	267568
187	34573
187	38342
187	81435
187	105607
187	167295
187	198090
187	214128
187	226411
187	234704
187	245659
188	15528
15528	188
15528	12992
189	199781
189	241150
241150	189
241150	6361
199781	189
199781	245179
190	2265
190	151981
190	241454
190	258348
190	267492
2265	190
2265	6360
2265	12987
2265	15535
2265	20160
2265	26220
2265	31193
2265	32104
2265	75779
2265	82453
2265	87631
2265	91950
2265	95729
2265	98018
2265	114019
2265	118725
2265	151981
2265	241454
2265	258348
191	6359
191	28514
191	188577
188577	20161
28514	191
28514	31194
28514	188577
6359	191
6359	12986
6359	188577
192	6356
192	80643
80643	192
80643	84943
6356	192
6356	12990
193	6358
193	15529
15529	193
15529	12989
6358	193
6358	57219
194	26948
194	32695
194	32769
194	42761
194	59855
194	152038
194	176529
194	182297
194	195971
194	226908
226908	46360
226908	103557
226908	141104
226908	184600
226908	264661
182297	194
182297	129285
182297	160831
182297	226411
195971	66854
195971	209396
195971	226411
176529	42954
176529	50256
176529	129285
176529	139708
176529	145558
176529	184071
152038	24855
152038	30821
152038	37156
152038	62450
152038	74125
152038	95959
152038	97319
152038	105216
152038	121308
152038	137719
152038	147328
152038	178719
152038	207333
152038	227851
59855	15023
59855	33559
59855	42391
59855	49127
59855	145558
59855	183951
59855	209396
59855	220335
59855	236153
42761	28891
42761	29629
42761	33565
42761	40501
42761	51662
42761	57436
42761	65551
42761	65701
42761	66854
42761	67457
42761	78331
42761	86516
42761	92090
42761	92291
42761	103734
42761	111523
42761	116529
42761	121743
42761	122355
42761	129285
42761	136462
42761	160831
42761	164130
42761	168272
42761	175847
42761	188670
42761	193553
42761	203167
42761	221476
42761	223453
42761	226411
42761	233856
42761	235899
42761	238028
42761	241524
42761	247959
42761	274430
42761	275746
32769	15023
32769	59855
32769	66854
26948	66854
26948	172024
32695	59855
32695	145558
32695	236153
195	2963
195	59492
195	71784
195	74506
195	77116
195	92907
195	119221
195	195085
195085	48448
195085	133938
195085	196527
195085	226411
195085	248681
195085	278497
119221	2963
119221	59492
119221	71784
119221	74506
119221	77116
119221	92907
119221	195085
92907	2963
92907	59492
92907	71784
92907	74506
92907	77116
92907	85672
92907	98981
92907	119221
92907	121031
92907	195085
92907	256120
71784	671
71784	2963
71784	59492
71784	74506
71784	77116
71784	92907
71784	119221
71784	195085
74506	2963
74506	59492
74506	71784
74506	77116
74506	92907
74506	119221
74506	195085
77116	2963
77116	59492
77116	71784
77116	74506
77116	92907
77116	119221
77116	195085
59492	2963
59492	71784
59492	74506
59492	77116
59492	92907
59492	119221
59492	195085
2963	59492
2963	71784
2963	74506
2963	77116
2963	92907
2963	119221
2963	195085
196	68325
196	114190
196	139679
196	164039
196	233171
233171	114190
233171	139679
164039	68325
164039	114190
164039	139679
164039	233171
164039	265844
139679	114190
139679	233171
114190	3154
114190	15449
114190	20288
114190	40617
114190	54987
114190	59997
114190	68325
114190	71261
114190	73254
114190	73869
114190	74185
114190	84565
114190	93269
114190	109183
114190	113940
114190	114608
114190	139679
114190	150944
114190	151385
114190	153292
114190	157135
114190	165693
114190	180277
114190	181232
114190	182557
114190	186527
114190	192273
114190	196679
114190	198596
114190	198835
114190	199501
114190	203363
114190	205392
114190	214962
114190	221331
114190	229754
114190	233171
114190	237601
114190	241877
114190	243547
114190	244486
114190	252970
114190	263604
114190	271011
68325	196
68325	10974
68325	11471
68325	17636
68325	18496
68325	20476
68325	21930
68325	24384
68325	26524
68325	26943
68325	30632
68325	31691
68325	33108
68325	48337
68325	50890
68325	57045
68325	75787
68325	78795
68325	82095
68325	82455
68325	85126
68325	86473
68325	87624
68325	88237
68325	89954
68325	91952
68325	95727
68325	97489
68325	108108
68325	108769
68325	114190
68325	119647
68325	128925
68325	133752
68325	135997
68325	139679
68325	161628
68325	164039
68325	176676
68325	178939
68325	182583
68325	182714
68325	189010
68325	194094
68325	195558
68325	196164
68325	197147
68325	204217
68325	204310
68325	204644
68325	206442
68325	207156
68325	209067
68325	209342
68325	233171
68325	245664
68325	265844
68325	271103
68325	276461
68325	276525
85817	7806
85817	13934
85817	81753
85817	105047
85817	108529
85817	114059
85817	162007
85817	171797
85817	211810
85817	214791
85817	218655
85817	235732
85817	239706
85817	257510
85817	265347
198	31871
31871	198
31871	634
31871	3259
31871	5899
31871	6387
31871	6655
31871	7694
31871	10619
31871	12184
31871	12453
31871	12976
31871	13457
31871	15504
31871	16074
31871	16356
31871	19847
31871	20129
31871	20433
31871	20706
31871	22045
31871	25635
31871	25914
31871	26205
31871	27823
31871	28122
31871	28545
31871	28837
31871	31207
31871	37638
31871	37922
31871	38878
31871	39345
31871	39811
31871	42450
31871	42875
31871	43842
31871	44503
31871	45058
31871	47046
31871	49767
31871	50269
31871	52200
31871	54334
31871	54619
31871	57803
31871	58125
31871	64520
31871	64876
31871	69689
31871	70105
31871	72118
31871	74521
31871	75164
31871	75751
31871	77763
31871	80331
31871	81795
31871	82464
31871	85314
31871	87659
31871	88300
31871	91986
31871	92627
31871	94954
31871	95742
31871	97170
31871	97980
31871	103074
31871	103934
31871	106733
31871	108755
31871	109324
31871	112140
31871	113902
31871	114513
31871	116108
31871	116733
31871	119044
31871	119644
31871	120265
31871	121713
31871	124014
31871	124717
31871	129257
31871	129958
31871	135743
31871	136514
31871	139358
31871	140191
31871	141373
31871	143973
31871	144050
31871	144258
31871	147782
31871	149146
31871	149466
31871	151307
31871	151676
31871	153685
31871	154828
31871	155196
31871	157230
31871	159179
31871	159653
31871	164508
31871	164924
31871	171043
31871	171625
31871	174660
31871	175162
31871	177989
31871	178313
31871	179762
31871	179946
31871	180749
31871	181031
31871	181286
31871	182877
31871	183648
31871	183847
31871	185076
31871	185443
31871	185819
31871	187422
31871	187776
31871	190800
31871	191158
31871	191517
31871	193121
31871	193463
31871	195163
31871	195813
31871	197461
31871	197889
31871	198183
31871	198916
31871	200474
31871	200921
31871	202575
31871	204739
31871	205275
31871	208237
31871	208805
31871	210469
31871	211043
31871	212662
31871	214519
31871	215446
31871	216257
31871	217897
31871	218802
31871	220664
31871	221023
31871	222380
31871	225568
31871	225910
31871	228656
31871	230087
31871	234254
31871	240889
31871	245445
31871	246548
31871	247238
31871	248883
31871	249226
31871	252291
31871	253053
31871	254727
31871	255118
31871	256639
31871	257036
31871	257307
31871	258988
31871	259762
31871	260054
31871	260407
31871	260813
31871	262135
31871	262978
31871	264539
31871	265063
31871	266676
31871	267241
31871	270196
31871	270688
31871	272346
31871	272890
31871	274418
31871	275080
31871	276747
31871	277212
31871	277497
31871	278142
31871	279812
31871	280253
199	59026
199	232234
232234	199
232234	43707
232234	58179
232234	73902
232234	207290
232234	209390
59026	25389
59026	129690
200	162591
162591	71572
162591	108781
201	32380
201	133797
201	142267
201	145347
201	151939
201	192929
201	213898
201	216849
201	219328
201	226411
201	245015
201	248096
201	250076
201	263333
250076	62687
250076	133797
250076	151939
250076	157414
250076	192929
250076	213898
250076	226411
250076	231927
250076	232415
250076	270200
248096	18716
248096	100511
248096	133797
248096	172305
248096	179251
248096	210896
263333	201
263333	32380
263333	55264
263333	84290
263333	108116
263333	129492
263333	132021
263333	133797
263333	142267
263333	145347
263333	151939
263333	192929
263333	213898
263333	219328
263333	221228
263333	226411
263333	240639
263333	245015
216849	15970
216849	28983
216849	133797
216849	150464
216849	151939
216849	159027
216849	163163
216849	192929
216849	213898
216849	222442
216849	226411
216849	247486
216849	280646
245015	32024
245015	125644
245015	133797
245015	151939
245015	161928
245015	192929
245015	213898
245015	219328
245015	226411
219328	201
219328	32024
219328	39444
219328	55264
219328	74371
219328	125644
219328	125727
219328	129492
219328	132021
219328	133797
219328	142267
219328	151939
219328	166042
219328	167083
219328	173041
219328	178168
219328	192929
219328	198195
219328	206758
219328	210782
219328	213898
219328	215645
219328	221228
219328	226411
219328	240639
219328	245015
219328	263333
219328	268866
219328	270200
142267	28983
142267	32380
142267	55264
142267	133797
142267	145347
142267	151939
142267	161928
142267	192929
142267	213898
142267	219328
142267	221228
142267	226411
142267	245015
142267	248096
32380	4429
32380	37746
32380	132021
32380	133797
32380	145347
32380	151939
32380	190736
32380	192929
32380	213898
32380	226411
202	26274
202	34372
202	81060
202	97327
202	124303
202	164790
202	193462
202	233244
202	254418
254418	34372
254418	148734
254418	194144
254418	252589
233244	14332
233244	24182
233244	27327
233244	142783
233244	183271
233244	204490
233244	227639
233244	245862
193462	22270
193462	25512
193462	29194
193462	77789
193462	87223
193462	92733
193462	93645
193462	98766
193462	113723
193462	137652
193462	157797
193462	166428
193462	168151
193462	169341
193462	186891
193462	190157
193462	191890
193462	209721
193462	213490
193462	219089
193462	226652
193462	242034
193462	247639
193462	256366
193462	259865
193462	279069
164790	804
164790	56111
164790	81060
124303	118233
124303	152003
124303	183790
124303	226411
81060	6139
81060	123628
81060	164790
81060	216380
97327	14332
97327	24182
97327	61021
97327	81149
97327	89286
97327	184477
97327	218941
97327	259651
97327	275835
26274	33752
34372	124819
34372	254418
34372	275330
203	151981
203	179216
203	241454
203	258348
203	267492
179216	203
179216	6381
179216	12975
179216	15508
179216	20127
179216	26211
179216	28549
179216	31196
179216	32104
179216	46292
179216	56212
179216	72108
179216	82468
179216	87658
179216	91988
179216	97975
179216	118728
179216	151981
179216	241454
179216	258348
179216	267492
204	25129
204	44156
204	65222
204	70790
204	118568
204	189919
189919	204
189919	12973
189919	15509
189919	25129
189919	27376
189919	32334
189919	39769
189919	42026
189919	44156
189919	50633
189919	53983
189919	58465
189919	65222
189919	74414
189919	77888
189919	80043
189919	85551
189919	88808
189919	94477
189919	101237
189919	104405
189919	106842
189919	112058
189919	118568
189919	122239
189919	127709
189919	130618
189919	132824
189919	212506
189919	223088
189919	227932
189919	237449
189919	239683
189919	242270
118568	44156
118568	47715
118568	88808
118568	189919
70790	204
70790	47715
70790	95904
70790	135733
44156	80043
44156	115006
44156	118568
44156	189919
65222	204
65222	44156
65222	50633
65222	118568
65222	135733
65222	189919
25129	204
25129	44156
25129	95904
25129	118568
25129	189919
25129	212506
205	3548
205	7328
205	12214
205	17781
205	46199
205	58008
205	58836
205	62478
205	77999
205	87057
205	94466
205	96745
205	120708
205	131718
205	137632
205	147311
205	151784
205	163038
205	163758
205	176334
205	176790
205	181701
205	183004
205	194254
205	200681
205	221087
205	222440
205	241229
205	247241
205	256323
205	259455
205	261469
256323	205
256323	12214
256323	17781
256323	46199
256323	58836
256323	62478
256323	77999
256323	87057
256323	94466
256323	96745
256323	120708
256323	131718
256323	137632
256323	147311
256323	163038
256323	163758
256323	176790
256323	181701
256323	183004
256323	194254
256323	200681
256323	221087
256323	222440
256323	241229
256323	247241
256323	259455
261469	6264
261469	8068
261469	17781
261469	23839
261469	58008
261469	61144
261469	62478
261469	77999
261469	85449
261469	96745
261469	99274
261469	101717
261469	106690
261469	116835
261469	120708
261469	122593
261469	137632
261469	159046
261469	176334
261469	176790
261469	177608
261469	181701
261469	183004
261469	185944
261469	212568
261469	221087
261469	234050
261469	247241
261469	259455
261469	259697
261469	271326
261469	281494
222440	205
222440	8068
222440	12214
222440	17781
222440	19357
222440	46199
222440	58836
222440	62478
222440	77999
222440	87057
222440	94466
222440	96745
222440	107491
222440	120708
222440	131718
222440	137632
222440	147311
222440	153345
222440	163038
222440	163758
222440	176790
222440	181701
222440	183004
222440	194254
222440	200681
222440	221087
222440	225208
222440	235335
222440	239991
222440	241229
222440	247241
222440	256323
222440	259455
241229	205
241229	12214
241229	17781
241229	46199
241229	50957
241229	58836
241229	62478
241229	77999
241229	87057
241229	96745
241229	120708
241229	131718
241229	137632
241229	147311
241229	163038
241229	163758
241229	176790
241229	181701
241229	183004
241229	194254
241229	200681
241229	221087
241229	222440
241229	234585
241229	247241
241229	256323
241229	259455
200681	205
200681	12214
200681	17781
200681	46199
200681	58836
200681	62478
200681	77999
200681	87057
200681	94466
200681	96745
200681	120708
200681	131718
200681	137632
200681	147311
200681	163038
200681	163758
200681	176790
200681	181701
200681	183004
200681	194254
200681	221087
200681	222440
200681	241229
200681	247241
200681	256323
200681	259455
194254	17781
194254	58836
194254	62478
194254	77999
194254	78719
194254	87057
194254	96447
194254	96745
194254	120708
194254	129762
194254	137632
194254	147311
194254	163038
194254	165684
194254	176790
194254	181701
194254	183004
194254	198768
194254	221087
194254	241229
194254	247241
194254	259455
163758	205
163758	12214
163758	17781
163758	46199
163758	58836
163758	62478
163758	76079
163758	77999
163758	87057
163758	94466
163758	96745
163758	120708
163758	131718
163758	137632
163758	147311
163758	163038
163758	176790
163758	181701
163758	183004
163758	194254
163758	200681
163758	221087
163758	222440
163758	241229
163758	247241
163758	256323
163758	259455
176334	17781
176334	57389
176334	58008
176334	62478
176334	77999
176334	96745
176334	105369
176334	106690
176334	117462
176334	120708
176334	137632
176334	137884
176334	176790
176334	178443
176334	181701
176334	183004
176334	212568
176334	221087
176334	240110
176334	247241
176334	259455
151784	17346
151784	17781
151784	58008
151784	58181
151784	62478
151784	77999
151784	80231
151784	96745
151784	106690
151784	117562
151784	120708
151784	128205
151784	137632
151784	144394
151784	170103
151784	176334
151784	176790
151784	181701
151784	183004
151784	188780
151784	212568
151784	215621
151784	221087
151784	231829
151784	236683
151784	247241
151784	259455
151784	261469
151784	265504
151784	268349
151784	270603
147311	17781
147311	58836
147311	62478
147311	77999
147311	87057
147311	96745
147311	120708
147311	137632
147311	163038
147311	176790
147311	181701
147311	183004
147311	194254
147311	221087
147311	241229
147311	247241
147311	259455
163038	205
163038	12214
163038	17781
163038	46199
163038	58836
163038	62478
163038	77999
163038	87057
163038	94466
163038	96745
163038	120708
163038	131718
163038	137632
163038	147311
163038	163758
163038	176790
163038	181701
163038	183004
163038	194254
163038	200681
163038	221087
163038	222440
163038	241229
163038	247241
163038	256323
163038	259455
131718	205
131718	10405
131718	12214
131718	17781
131718	46199
131718	58836
131718	62478
131718	77999
131718	87057
131718	94466
131718	96745
131718	120708
131718	137632
131718	147311
131718	163038
131718	163758
131718	176790
131718	181701
131718	183004
131718	194254
131718	200681
131718	221087
131718	222440
131718	230095
131718	241229
131718	247241
131718	256323
131718	259455
94466	205
94466	12214
94466	17781
94466	46199
94466	58836
94466	62478
94466	77999
94466	87057
94466	96745
94466	120708
94466	131718
94466	137632
94466	147311
94466	163038
94466	163758
94466	176790
94466	181701
94466	183004
94466	194254
94466	200681
94466	221087
94466	222440
94466	241229
94466	247241
94466	256323
94466	259455
87057	17781
87057	58836
87057	62478
87057	77999
87057	96745
87057	120708
87057	137632
87057	147311
87057	163038
87057	176790
87057	181701
87057	183004
87057	194254
87057	221087
87057	241229
87057	247241
87057	259455
46199	205
46199	12214
46199	17781
46199	58836
46199	62478
46199	75963
46199	77999
46199	87057
46199	94466
46199	96745
46199	120708
46199	131718
46199	134218
46199	137632
46199	147311
46199	147875
46199	163038
46199	163758
46199	176790
46199	181701
46199	183004
46199	194254
46199	199057
46199	200681
46199	221087
46199	222440
46199	241229
46199	247241
46199	256323
46199	259455
46199	270603
58008	17781
58008	47258
58008	62478
58008	77999
58008	89777
58008	96745
58008	120708
58008	137632
58008	176790
58008	181701
58008	183004
58008	210162
58008	221087
58008	233602
58008	247241
58008	247956
58008	259455
58008	272961
58836	17781
58836	62478
58836	77999
58836	87057
58836	96745
58836	120708
58836	137632
58836	147311
58836	163038
58836	176790
58836	181701
58836	183004
58836	194254
58836	221087
58836	241229
58836	247241
58836	259455
12214	205
12214	17781
12214	46199
12214	58836
12214	62478
12214	77999
12214	87057
12214	94466
12214	96745
12214	120708
12214	131718
12214	137632
12214	147311
12214	163038
12214	163758
12214	176790
12214	181701
12214	183004
12214	194254
12214	200681
12214	221087
12214	222440
12214	241229
12214	247241
12214	256323
12214	259455
3548	17781
3548	37201
3548	58008
3548	62478
3548	69063
3548	76406
3548	77999
3548	96745
3548	103924
3548	120708
3548	137632
3548	140363
3548	151784
3548	157132
3548	167760
3548	173065
3548	176334
3548	176790
3548	181701
3548	183004
3548	206287
3548	212568
3548	213763
3548	221087
3548	229716
3548	247241
3548	259455
3548	261469
7328	17781
7328	24336
7328	47258
7328	62478
7328	77999
7328	89777
7328	96745
7328	120708
7328	137632
7328	176790
7328	181701
7328	183004
7328	210162
7328	221087
7328	233602
7328	247241
7328	247956
7328	259455
7328	272961
206	6382
206	91620
206	118727
206	192935
118727	206
118727	91620
118727	122095
118727	192935
6382	206
6382	12972
6382	91620
6382	192935
207	98347
98347	250121
208	6380
208	22258
208	59528
59528	208
59528	22258
59528	57196
6380	208
6380	12964
6380	22258
22258	29060
209	20706
20706	209
20706	1871
20706	3505
20706	4662
20706	6377
20706	7438
20706	9572
20706	11231
20706	12184
20706	12966
20706	14510
20706	15513
20706	16356
20706	17350
20706	18908
20706	20143
20706	21643
20706	22984
20706	24679
20706	25635
20706	26195
20706	26820
20706	28539
20706	29694
20706	29977
20706	31213
20706	31871
20706	32842
20706	34180
20706	34478
20706	38885
20706	42868
20706	45051
20706	45279
20706	48040
20706	49512
20706	49780
20706	51179
20706	54341
20706	58118
20706	61865
20706	64861
20706	68287
20706	69699
20706	71433
20706	72102
20706	73125
20706	75766
20706	76412
20706	79158
20706	81409
20706	81604
20706	82474
20706	83028
20706	84035
20706	84247
20706	87053
20706	87653
20706	88759
20706	91455
20706	91972
20706	94552
20706	95759
20706	96239
20706	97992
20706	98482
20706	99937
20706	101281
20706	102663
20706	103058
20706	104322
20706	105636
20706	108744
20706	110278
20706	112957
20706	114518
20706	115152
20706	115344
20706	116746
20706	118088
20706	119635
20706	120990
20706	121206
20706	122718
20706	124011
20706	125675
20706	128282
20706	129965
20706	134021
20706	134791
20706	136522
20706	137455
20706	139348
20706	141096
20706	141971
20706	144248
20706	144939
20706	147152
20706	148567
20706	149156
20706	150678
20706	151323
20706	152745
20706	153674
20706	155184
20706	155750
20706	157206
20706	158225
20706	159644
20706	160140
20706	161772
20706	163973
20706	164521
20706	166754
20706	169752
20706	170594
20706	171057
20706	172094
20706	175146
20706	175615
20706	176789
20706	178299
20706	181040
20706	182482
20706	186650
20706	187431
20706	188992
20706	189943
20706	191916
20706	193455
20706	196221
20706	197442
20706	197881
20706	200485
20706	200907
20706	202090
20706	202580
20706	204320
20706	205619
20706	207057
20706	208798
20706	210118
20706	212459
20706	213595
20706	215242
20706	216490
20706	218097
20706	219713
20706	220190
20706	222038
20706	223067
20706	223364
20706	224592
20706	226375
20706	227680
20706	227988
20706	229128
20706	230649
20706	232331
20706	233625
20706	235185
20706	236408
20706	238178
20706	238509
20706	240198
20706	241864
20706	243389
20706	243740
20706	244491
20706	246150
20706	247251
20706	247783
20706	251774
20706	252275
20706	255394
20706	258512
20706	258978
20706	262086
20706	262990
20706	263417
20706	267256
20706	267850
20706	271647
20706	272337
20706	273864
20706	274412
20706	276865
20706	278149
20706	278791
20706	280168
210	6378
210	67756
210	69358
210	241454
210	257102
257102	210
257102	67756
257102	69358
257102	241454
257102	260288
6378	210
6378	57201
6378	67756
6378	69358
6378	241454
211	25113
211	271776
271776	211
271776	86539
25113	211
25113	86539
25113	106718
25113	118742
25113	138540
25113	151887
25113	157936
25113	160231
25113	193246
25113	207316
25113	213468
25113	229938
25113	234375
25113	239780
25113	249494
25113	254469
25113	256689
25113	268880
212	6375
212	59523
212	95363
59523	212
59523	57203
59523	95363
6375	212
6375	12957
6375	95363
213	41886
213	92922
213	278394
278394	82409
92922	213
92922	184493
92922	278394
41886	213
41886	152837
41886	278394
214	137082
137082	214
137082	18190
137082	54982
137082	83631
137082	97436
137082	101976
137082	138300
137082	164429
137082	214808
137082	224877
137082	253094
137082	277951
215	6376
215	55788
215	57202
215	59522
215	65358
215	196599
215	202471
215	241454
196599	215
196599	2704
196599	2890
196599	3275
196599	4164
196599	6376
196599	6737
196599	7679
196599	8021
196599	8221
196599	8879
196599	9910
196599	10462
196599	13623
196599	14219
196599	15206
196599	18121
196599	18705
196599	19647
196599	21050
196599	22297
196599	23256
196599	23762
196599	25292
196599	28996
196599	29991
196599	30521
196599	33659
196599	34172
196599	35183
196599	36349
196599	37644
196599	38884
196599	39219
196599	39448
196599	39803
196599	41091
196599	42353
196599	42532
196599	42871
196599	44682
196599	46278
196599	47513
196599	50113
196599	51665
196599	52900
196599	53074
196599	54526
196599	55788
196599	55925
196599	57202
196599	57930
196599	59381
196599	59522
196599	60867
196599	61859
196599	63093
196599	64680
196599	65358
196599	67052
196599	68298
196599	69893
196599	72100
196599	73512
196599	73970
196599	74504
196599	74877
196599	75771
196599	77414
196599	77780
196599	78290
196599	78764
196599	80006
196599	80563
196599	80961
196599	84633
196599	85074
196599	85593
196599	89146
196599	89608
196599	90136
196599	90982
196599	93117
196599	93677
196599	94141
196599	96741
196599	99927
196599	100470
196599	100881
196599	104733
196599	105111
196599	105652
196599	106729
196599	107963
196599	108407
196599	108747
196599	109301
196599	110963
196599	112142
196599	113933
196599	114517
196599	114880
196599	117106
196599	117488
196599	118738
196599	119323
196599	122084
196599	123360
196599	123830
196599	125188
196599	126554
196599	127734
196599	128768
196599	130143
196599	130632
196599	131836
196599	132792
196599	134033
196599	136709
196599	137449
196599	138712
196599	139145
196599	141349
196599	141861
196599	142580
196599	144241
196599	146510
196599	147222
196599	147799
196599	149167
196599	153080
196599	153713
196599	154226
196599	156606
196599	157202
196599	157871
196599	160950
196599	160979
196599	161545
196599	162268
196599	162638
196599	163206
196599	165914
196599	166282
196599	167020
196599	167543
196599	168536
196599	169185
196599	169751
196599	172098
196599	172617
196599	173292
196599	177197
196599	177757
196599	178312
196599	178846
196599	179754
196599	181035
196599	181529
196599	182076
196599	183850
196599	184768
196599	186019
196599	187002
196599	188572
196599	189603
196599	190593
196599	192308
196599	193913
196599	194823
196599	196618
196599	196963
196599	199246
196599	200122
196599	201377
196599	201675
196599	202471
196599	203933
196599	205624
196599	206631
196599	207465
196599	209112
196599	210116
196599	211471
196599	212674
196599	215251
196599	216237
196599	217457
196599	218090
196599	222287
196599	222832
196599	224125
196599	226960
196599	228222
196599	228732
196599	229467
196599	231106
196599	231474
196599	232665
196599	234837
196599	236068
196599	237255
196599	237604
196599	238185
196599	239463
196599	241454
196599	242480
196599	243739
196599	247245
196599	248437
196599	249084
196599	250123
196599	251120
196599	252286
196599	253897
196599	254885
196599	256152
196599	257108
196599	257864
196599	260281
196599	261309
196599	264110
196599	264881
196599	265843
196599	268204
196599	268511
196599	269349
196599	270343
196599	271021
196599	271348
196599	273210
196599	275926
196599	276863
196599	279420
196599	280174
196599	281131
202471	21624
202471	28998
202471	59416
202471	65358
202471	66610
202471	84086
202471	92877
202471	103713
202471	110472
202471	125898
202471	133716
202471	136349
202471	137683
202471	148600
202471	166799
202471	169274
202471	172418
202471	174962
202471	186591
202471	190161
202471	212597
202471	216176
202471	259892
202471	281267
57202	215
57202	55788
57202	59522
57202	65358
57202	68298
57202	196599
57202	202471
57202	241454
59522	215
59522	46278
59522	52900
59522	55788
59522	57202
59522	65358
59522	196599
59522	202471
59522	241454
65358	55788
65358	241454
6376	215
6376	55788
6376	65358
6376	122084
6376	196599
6376	202471
6376	218090
6376	241454
216	6374
216	67756
216	69358
216	72097
216	118734
216	241454
118734	216
118734	67756
118734	69358
118734	122087
118734	241454
72097	67756
72097	69358
72097	75772
72097	186022
72097	241454
6374	216
6374	57204
6374	67756
6374	69358
6374	241454
217	16739
217	17789
217	24727
217	28717
217	40091
217	46675
217	54225
217	55896
217	64857
217	71506
217	74777
217	80070
217	84428
217	88663
217	103816
217	109669
217	115052
217	123488
217	149762
217	159541
217	164962
217	172124
217	183053
217	227457
217	237186
217	256651
217	265278
256651	217
256651	16739
256651	17789
256651	24727
256651	28717
256651	40091
256651	46675
256651	54225
256651	55896
256651	64857
256651	71506
256651	74777
256651	80070
256651	84428
256651	88663
256651	103816
256651	109669
256651	113681
256651	115052
256651	123488
256651	149762
256651	159541
256651	164962
256651	172124
256651	183053
256651	227457
256651	237186
256651	265278
265278	217
265278	16148
265278	16739
265278	17789
265278	24727
265278	28717
265278	40091
265278	46675
265278	54225
265278	55896
265278	64857
265278	66860
265278	71506
265278	74777
265278	80070
265278	84428
265278	88663
265278	102928
265278	103816
265278	109669
265278	115052
265278	116601
265278	123488
265278	129417
265278	149762
265278	159541
265278	164962
265278	172124
265278	183053
265278	188515
265278	227457
265278	232609
265278	237186
265278	256651
237186	217
237186	16739
237186	17789
237186	24727
237186	28717
237186	40091
237186	44552
237186	46675
237186	54225
237186	55896
237186	64857
237186	71506
237186	74777
237186	80070
237186	84428
237186	88663
237186	103816
237186	109669
237186	115052
237186	123488
237186	141577
237186	149762
237186	159541
237186	164962
237186	172124
237186	183053
237186	227457
237186	256651
237186	265278
227457	217
227457	16739
227457	17789
227457	24727
227457	28717
227457	40091
227457	46675
227457	54225
227457	55896
227457	64857
227457	71506
227457	72193
227457	74777
227457	80070
227457	84428
227457	88663
227457	103816
227457	109669
227457	115052
227457	123488
227457	149762
227457	159541
227457	164962
227457	169107
227457	172124
227457	183053
227457	210403
227457	237186
227457	256298
227457	256651
227457	265278
183053	217
183053	16739
183053	17789
183053	24727
183053	28717
183053	40091
183053	46675
183053	54225
183053	55896
183053	64857
183053	71506
183053	74777
183053	80070
183053	84428
183053	88663
183053	103816
183053	109669
183053	115052
183053	123488
183053	149762
183053	159541
183053	164962
183053	172124
183053	227457
183053	237186
183053	256651
183053	265278
159541	217
159541	16739
159541	17789
159541	24727
159541	28717
159541	40091
159541	46675
159541	54225
159541	55896
159541	64857
159541	71506
159541	74777
159541	80070
159541	84428
159541	88663
159541	103816
159541	109669
159541	115052
159541	123488
159541	149762
159541	164962
159541	172124
159541	183053
159541	227457
159541	237186
159541	256651
159541	265278
172124	217
172124	16739
172124	17789
172124	24727
172124	28717
172124	40091
172124	46675
172124	54225
172124	55896
172124	64857
172124	71506
172124	74777
172124	80070
172124	84428
172124	88663
172124	103816
172124	109669
172124	115052
172124	123488
172124	149762
172124	159541
172124	164962
172124	183053
172124	227457
172124	237186
172124	256651
172124	265278
164962	217
164962	16739
164962	17789
164962	24727
164962	28717
164962	40091
164962	46675
164962	54225
164962	55896
164962	64857
164962	71506
164962	74777
164962	80070
164962	84428
164962	88663
164962	103816
164962	109669
164962	115052
164962	123488
164962	149762
164962	159541
164962	172124
164962	183053
164962	227457
164962	237186
164962	256651
164962	265278
123488	217
123488	16739
123488	17789
123488	19367
123488	24727
123488	28717
123488	40091
123488	46675
123488	52884
123488	54225
123488	55896
123488	58932
123488	64857
123488	65325
123488	71506
123488	74777
123488	80070
123488	84428
123488	88663
123488	103816
123488	109669
123488	115052
123488	141577
123488	149762
123488	159541
123488	164962
123488	172124
123488	183053
123488	227457
123488	237186
123488	256651
123488	265278
123488	268285
109669	217
109669	16739
109669	17789
109669	24727
109669	28717
109669	40091
109669	46675
109669	54225
109669	55896
109669	64857
109669	71506
109669	74777
109669	80070
109669	84428
109669	88663
109669	103816
109669	115052
109669	123488
109669	149762
109669	159541
109669	164962
109669	172124
109669	183053
109669	227457
109669	237186
109669	256651
109669	265278
71506	217
71506	16739
71506	17789
71506	24727
71506	28717
71506	40091
71506	46675
71506	54225
71506	55896
71506	64857
71506	74777
71506	80070
71506	84428
71506	88663
71506	103816
71506	109669
71506	115052
71506	123488
71506	149762
71506	159541
71506	164962
71506	172124
71506	183053
71506	227457
71506	237186
71506	256651
71506	265278
88663	217
88663	16739
88663	17789
88663	24727
88663	28717
88663	40091
88663	46675
88663	54225
88663	55896
88663	64857
88663	71506
88663	74777
88663	80070
88663	84428
88663	103816
88663	109669
88663	115052
88663	123488
88663	149762
88663	159541
88663	164962
88663	172124
88663	183053
88663	227457
88663	237186
88663	256651
88663	265278
103816	217
103816	16739
103816	17789
103816	24727
103816	28717
103816	40091
103816	46675
103816	54225
103816	55896
103816	64857
103816	71506
103816	74777
103816	80070
103816	84428
103816	88663
103816	109669
103816	115052
103816	123488
103816	149762
103816	159541
103816	164962
103816	172124
103816	183053
103816	227457
103816	237186
103816	256651
103816	265278
80070	217
80070	15122
80070	16739
80070	17789
80070	24727
80070	28717
80070	40091
80070	46675
80070	54225
80070	55896
80070	64857
80070	66860
80070	71506
80070	74777
80070	84428
80070	88663
80070	103816
80070	109669
80070	115052
80070	123488
80070	149762
80070	159541
80070	164962
80070	172124
80070	183053
80070	227457
80070	237186
80070	248640
80070	256651
80070	265278
74777	217
74777	16739
74777	17789
74777	24727
74777	28717
74777	40091
74777	46675
74777	54225
74777	55896
74777	64857
74777	71506
74777	72193
74777	80070
74777	84428
74777	88663
74777	103816
74777	109669
74777	115052
74777	123488
74777	149762
74777	159541
74777	164962
74777	169107
74777	172124
74777	183053
74777	210403
74777	227457
74777	237186
74777	256298
74777	256651
74777	265278
55896	42420
64857	217
64857	16739
64857	17789
64857	24727
64857	28717
64857	40091
64857	46675
64857	54225
64857	55896
64857	71506
64857	74777
64857	80070
64857	84428
64857	88663
64857	103816
64857	109669
64857	115052
64857	123488
64857	149762
64857	159541
64857	164962
64857	172124
64857	183053
64857	227457
64857	237186
64857	256651
64857	265278
46675	217
46675	16739
46675	17789
46675	24727
46675	28717
46675	40091
46675	54225
46675	55896
46675	64857
46675	71506
46675	74777
46675	80070
46675	84428
46675	88663
46675	103816
46675	109669
46675	115052
46675	123488
46675	149762
46675	159541
46675	164962
46675	172124
46675	183053
46675	227457
46675	237186
46675	256651
46675	265278
54225	217
54225	12381
54225	16148
54225	16739
54225	17789
54225	24727
54225	28717
54225	40091
54225	46115
54225	46675
54225	50861
54225	55896
54225	61060
54225	64823
54225	64857
54225	66860
54225	71506
54225	74777
54225	80070
54225	80556
54225	84428
54225	88663
54225	103816
54225	109669
54225	115052
54225	116601
54225	123488
54225	129417
54225	135398
54225	144489
54225	149762
54225	159541
54225	164962
54225	172124
54225	183053
54225	201420
54225	214018
54225	217825
54225	227457
54225	237186
54225	238474
54225	248640
54225	250526
54225	256651
54225	265278
40091	217
40091	16739
40091	17789
40091	24727
40091	28717
40091	46675
40091	54225
40091	55896
40091	64857
40091	71506
40091	74777
40091	80070
40091	84428
40091	88663
40091	103816
40091	109669
40091	115052
40091	123488
40091	149762
40091	159541
40091	164962
40091	172124
40091	183053
40091	227457
40091	237186
40091	256651
40091	265278
17789	217
17789	16739
17789	24727
17789	28717
17789	40091
17789	46675
17789	54225
17789	55896
17789	64857
17789	71506
17789	74777
17789	80070
17789	84428
17789	88663
17789	103816
17789	109669
17789	115052
17789	123488
17789	149762
17789	159541
17789	164962
17789	172124
17789	183053
17789	227457
17789	237186
17789	256651
17789	265278
24727	217
24727	16739
24727	17789
24727	28717
24727	40091
24727	46675
24727	54225
24727	55896
24727	64857
24727	71506
24727	74777
24727	79927
24727	80070
24727	84428
24727	88663
24727	103816
24727	109669
24727	115052
24727	123488
24727	149762
24727	159541
24727	164962
24727	172124
24727	183053
24727	227457
24727	232979
24727	237186
24727	256651
24727	265278
16739	217
16739	17789
16739	24727
16739	28717
16739	40091
16739	46675
16739	54225
16739	55896
16739	64857
16739	71506
16739	72193
16739	74777
16739	80070
16739	84428
16739	88663
16739	103816
16739	109669
16739	115052
16739	123488
16739	149762
16739	159541
16739	164962
16739	169107
16739	172124
16739	183053
16739	210403
16739	227457
16739	237186
16739	256298
16739	256651
16739	265278
28717	217
28717	16739
28717	17789
28717	24727
28717	40091
28717	46675
28717	54225
28717	55896
28717	64857
28717	71506
28717	74777
28717	80070
28717	84428
28717	88663
28717	103816
28717	109669
28717	115052
28717	123488
28717	149762
28717	159541
28717	164962
28717	172124
28717	183053
28717	227457
28717	237186
28717	256651
28717	265278
218	100115
100115	218
100115	21048
100115	60130
100115	63340
100115	79963
100115	87063
100115	101132
100115	116537
100115	117801
100115	118917
100115	121445
100115	125380
100115	151868
100115	152824
100115	172052
100115	213886
100115	215245
100115	231649
100115	238769
100115	243254
100115	267004
100115	268666
100115	271334
100115	273437
219	6332
219	59519
219	67756
219	69358
219	241454
59519	219
59519	57240
59519	67756
59519	69358
59519	241454
6332	219
6332	12884
6332	67756
6332	69358
6332	241454
220	9122
220	17781
220	62478
220	71385
220	77999
220	95032
220	96745
220	109565
220	120708
220	137632
220	173885
220	174893
220	176790
220	181701
220	183004
220	221087
220	247241
220	253145
220	259455
253145	9122
253145	17781
253145	62478
253145	71385
253145	77999
253145	95032
253145	96745
253145	109565
253145	120708
253145	137632
253145	157149
253145	173885
253145	176790
253145	181701
253145	183004
253145	189726
253145	221087
253145	247241
253145	259455
253145	267582
174893	220
174893	1328
174893	9122
174893	17781
174893	39696
174893	62478
174893	71385
174893	77999
174893	95032
174893	96745
174893	105592
174893	109565
174893	120708
174893	137632
174893	138275
174893	146335
174893	168012
174893	173885
174893	176790
174893	181701
174893	183004
174893	193813
174893	199129
174893	207069
174893	221087
174893	247241
174893	249751
174893	253145
174893	259455
173885	9122
173885	17781
173885	19010
173885	62478
173885	62702
173885	71385
173885	77999
173885	87832
173885	95032
173885	96745
173885	109565
173885	113090
173885	120708
173885	137632
173885	176790
173885	181701
173885	183004
173885	211311
173885	221087
173885	247241
173885	253145
173885	259455
109565	7040
109565	9122
109565	17236
109565	17781
109565	40555
109565	62478
109565	71385
109565	77999
109565	81809
109565	89614
109565	95032
109565	96745
109565	98113
109565	120708
109565	134704
109565	137632
109565	169501
109565	173885
109565	176790
109565	181701
109565	183004
109565	187063
109565	205797
109565	219373
109565	221087
109565	242928
109565	247241
109565	252688
109565	253145
109565	259455
109565	272348
95032	9122
95032	17781
95032	62478
95032	71385
95032	77999
95032	96745
95032	109565
95032	120708
95032	137632
95032	173885
95032	176790
95032	181701
95032	183004
95032	221087
95032	247241
95032	253145
95032	259455
71385	1328
71385	9122
71385	17781
71385	39696
71385	62478
71385	77999
71385	95032
71385	96745
71385	105592
71385	109565
71385	120708
71385	137632
71385	138275
71385	173885
71385	174893
71385	176790
71385	181701
71385	183004
71385	193813
71385	207069
71385	221087
71385	247241
71385	249751
71385	253145
71385	259455
9122	1328
9122	14947
9122	17781
9122	19010
9122	39696
9122	50957
9122	62478
9122	62702
9122	71385
9122	77999
9122	87832
9122	95032
9122	96745
9122	105592
9122	109565
9122	113090
9122	120708
9122	137632
9122	138275
9122	157149
9122	173885
9122	174893
9122	176790
9122	181701
9122	183004
9122	189726
9122	193813
9122	207069
9122	211311
9122	221087
9122	247241
9122	249751
9122	253145
9122	259455
9122	267582
221	3649
221	7554
221	13326
221	51404
221	66229
221	76058
221	96024
221	104797
221	128957
221	132695
221	139834
221	144729
221	163141
221	171836
221	172460
221	172896
221	185975
221	194925
221	206871
221	209620
221	211401
221	218070
221	232046
221	234704
221	235422
221	239428
221	251383
221	276406
221	280365
251383	7554
251383	12613
251383	44294
251383	81024
251383	86719
251383	88990
251383	132695
251383	144729
251383	189977
251383	234704
251383	244058
251383	281586
211401	3008
211401	11602
211401	14748
211401	18880
211401	19304
211401	26488
211401	43224
211401	45381
211401	58514
211401	59326
211401	63646
211401	74502
211401	79191
211401	81024
211401	92464
211401	93479
211401	114804
211401	121559
211401	124379
211401	125210
211401	132695
211401	134366
211401	158032
211401	161856
211401	164237
211401	166074
211401	182334
211401	184681
211401	192324
211401	210979
211401	217649
211401	234704
211401	237002
211401	249545
211401	250501
211401	253980
235422	83794
235422	87634
235422	132695
235422	178134
235422	225610
235422	234704
218070	14453
218070	66229
218070	132695
218070	171836
218070	185975
218070	220218
218070	234704
218070	279396
232046	221
232046	7617
232046	13326
232046	48568
232046	51404
232046	66229
232046	93278
232046	118583
232046	132695
232046	234704
194925	66229
194925	132695
194925	210166
194925	234704
194925	279396
144729	140
144729	39625
144729	44294
144729	132695
144729	234704
144729	244058
172460	103271
172460	103328
172460	124504
172460	132695
172460	132924
172460	161508
172460	178704
172460	207065
172460	234704
172460	257935
171836	132695
171836	234704
171836	279396
128957	48568
128957	132695
128957	150316
128957	171836
128957	234704
128957	242083
139834	7554
139834	14313
139834	73855
139834	124818
139834	132695
139834	145414
139834	234704
76058	221
76058	48568
76058	51404
76058	66229
76058	124818
76058	128957
76058	132695
76058	222461
76058	232046
76058	234704
76058	235422
76058	268475
66229	44216
66229	132695
66229	234704
51404	132695
51404	157021
51404	234704
7554	12613
7554	44294
7554	81024
7554	86719
7554	88990
7554	132695
7554	143716
7554	144729
7554	189977
7554	234704
7554	244058
7554	251383
7554	281586
3649	132695
3649	234704
3649	279396
13326	221
13326	51404
13326	66229
13326	88803
13326	128957
13326	132695
13326	195227
13326	232046
13326	234704
13326	264079
222	6329
222	15641
222	38079
222	67503
222	134375
222	170452
222	255281
255281	26317
255281	38079
255281	67503
255281	134375
255281	170452
38079	222
38079	6329
38079	15641
38079	26317
38079	28556
38079	31141
38079	67503
38079	124518
38079	134375
38079	170452
38079	255281
6329	222
6329	31141
6329	38079
6329	67503
6329	134375
6329	170452
6329	255281
15641	222
15641	38079
15641	67503
15641	134375
15641	170452
15641	255281
223	2260
223	19189
223	98387
223	186902
223	205477
224	18848
224	26642
224	46028
224	48901
224	50320
224	54169
224	54598
224	60129
224	81580
224	115882
224	133978
224	135001
224	135729
224	142601
224	143879
224	160857
224	201824
224	226715
224	229256
224	239678
224	279289
224	281757
279289	224
279289	2079
279289	27036
279289	33090
281757	224
229256	224
226715	224
239678	30369
239678	47427
239678	50320
239678	78087
239678	84906
239678	93315
239678	100426
239678	102811
239678	110900
239678	145160
239678	151472
239678	172025
201824	43424
201824	50320
201824	65463
201824	71585
201824	84906
201824	132259
201824	144259
201824	165205
201824	172195
201824	186898
201824	203473
201824	215521
201824	215675
201824	230411
160857	224
142601	224
143879	224
143879	61521
143879	99593
135001	224
133978	224
133978	51385
115882	50320
115882	65463
135729	224
135729	3413
135729	10665
135729	13083
135729	22967
135729	30109
135729	32186
135729	33383
135729	51572
135729	64041
135729	65463
135729	67077
135729	76123
135729	92617
135729	95242
135729	97785
135729	106893
135729	120236
135729	132413
135729	152734
135729	166977
135729	170954
135729	172817
135729	180253
135729	197487
135729	211526
135729	221740
135729	231400
135729	247271
135729	260976
135729	269002
81580	224
54169	15584
54169	50320
54169	84906
54169	119285
54169	200477
54169	215550
54169	235457
54169	273971
48901	52
48901	39798
48901	50320
48901	59271
48901	84906
48901	100326
48901	170954
48901	201653
48901	206853
48901	218653
54598	224
60129	224
60129	280153
46028	224
50320	3164
50320	18879
50320	54169
50320	61521
50320	65463
50320	76255
50320	99593
50320	100426
50320	131387
50320	145854
50320	151472
50320	151707
50320	175703
50320	179131
50320	207517
50320	219645
50320	231145
50320	239678
18848	65463
26642	224
225	6327
225	15635
15635	225
15635	12886
6327	225
6327	260341
226	63808
63808	84428
63808	115052
63808	170281
63808	170578
63808	173057
63808	185718
63808	204925
63808	226411
63808	266335
227	167295
227	207995
227	232996
232996	167295
232996	201973
232996	207995
207995	167295
207995	201973
207995	232996
228	6325
228	46348
228	59511
59511	228
59511	46348
59511	57246
46348	39884
6325	228
6325	46348
6325	133591
229	226411
230	9872
230	85371
230	88214
230	125205
230	177065
177065	9872
177065	88214
177065	125205
177065	164129
177065	167086
177065	176855
177065	210005
177065	247823
177065	248140
125205	44508
125205	62284
125205	86686
125205	103349
125205	137472
125205	176855
125205	184397
125205	226411
125205	248140
125205	253266
125205	273429
125205	273597
85371	125205
88214	9872
88214	125205
88214	176855
88214	177065
88214	248140
9872	44508
9872	88214
9872	125205
9872	126001
9872	176855
9872	177065
9872	226411
9872	248140
231	34573
231	38342
231	81435
231	105607
231	167295
231	198090
231	214128
231	226411
231	234704
231	245659
232	6433
232	14527
232	34420
232	34573
232	35139
232	35329
232	38342
232	39390
232	48386
232	73345
232	73765
232	81435
232	84817
232	84826
232	85318
232	93374
232	101275
232	105591
232	105607
232	131286
232	134553
232	150700
232	163977
232	167295
232	173208
232	174532
232	180171
232	198090
232	200610
232	214128
232	226411
232	234704
232	245659
232	256322
232	277918
232	278377
278377	3309
278377	6433
278377	11303
278377	23091
278377	32464
278377	34573
278377	38342
278377	39390
278377	48386
278377	71992
278377	72933
278377	73345
278377	73765
278377	79819
278377	81435
278377	85318
278377	91567
278377	105607
278377	109813
278377	150700
278377	154977
278377	164145
278377	167295
278377	174532
278377	198090
278377	200610
278377	214128
278377	219683
278377	226411
278377	231341
278377	234704
278377	235922
278377	245659
278377	256322
256322	6433
256322	23543
256322	34573
256322	38342
256322	39390
256322	41751
256322	48386
256322	67879
256322	70171
256322	73345
256322	73765
256322	81435
256322	82851
256322	85318
256322	87418
256322	100128
256322	105607
256322	121495
256322	122163
256322	141497
256322	150700
256322	151696
256322	167295
256322	172784
256322	174532
256322	198090
256322	200610
256322	214128
256322	226411
256322	234704
256322	245659
256322	257264
256322	278377
256322	279623
277918	6433
277918	14527
277918	34420
277918	34573
277918	35139
277918	35329
277918	38342
277918	39390
277918	48386
277918	73345
277918	73765
277918	81435
277918	84817
277918	84826
277918	85318
277918	93374
277918	101275
277918	105591
277918	105607
277918	131286
277918	134553
277918	150700
277918	163977
277918	167295
277918	173208
277918	174532
277918	180171
277918	198090
277918	200610
277918	214128
277918	226411
277918	234704
277918	245659
277918	256322
277918	278377
200610	10071
200610	25607
200610	27392
200610	28562
200610	34573
200610	34836
200610	38342
200610	39229
200610	41924
200610	44719
200610	65875
200610	81435
200610	97488
200610	105607
200610	122604
200610	135697
200610	140053
200610	142427
200610	142659
200610	144299
200610	167295
200610	174687
200610	187901
200610	189271
200610	195685
200610	198090
200610	202884
200610	209318
200610	214128
200610	222476
200610	226411
200610	231101
200610	234704
200610	245659
200610	274565
180171	11883
180171	18092
180171	22363
180171	23743
180171	34573
180171	38164
180171	38342
180171	46117
180171	62222
180171	62241
180171	67587
180171	67812
180171	69446
180171	81435
180171	105607
180171	106334
180171	134374
180171	158587
180171	167295
180171	177697
180171	182158
180171	184686
180171	194699
180171	198090
180171	204055
180171	206334
180171	214128
180171	226411
180171	234704
180171	236368
180171	245559
180171	245659
180171	245889
180171	258078
180171	267640
180171	279108
150700	6433
150700	23543
150700	34573
150700	38342
150700	39390
150700	41751
150700	48386
150700	67879
150700	70171
150700	73345
150700	73765
150700	81435
150700	82851
150700	85318
150700	87418
150700	100128
150700	105607
150700	121495
150700	122163
150700	141497
150700	151696
150700	167295
150700	172784
150700	174532
150700	198090
150700	200610
150700	214128
150700	226411
150700	234704
150700	245659
150700	256322
150700	257264
150700	278377
150700	279623
174532	6433
174532	34573
174532	38342
174532	39390
174532	44561
174532	48386
174532	53238
174532	62482
174532	66598
174532	73345
174532	73765
174532	81435
174532	83610
174532	85318
174532	87970
174532	105607
174532	109093
174532	136121
174532	141847
174532	148335
174532	150700
174532	151248
174532	167295
174532	198090
174532	200610
174532	214128
174532	226411
174532	227530
174532	234704
174532	245659
174532	256322
174532	272466
174532	278377
174532	281817
173208	11883
173208	18092
173208	22363
173208	23743
173208	34573
173208	38164
173208	38342
173208	46117
173208	62222
173208	62241
173208	67587
173208	67812
173208	69446
173208	81435
173208	105607
173208	106334
173208	134374
173208	158587
173208	167295
173208	177697
173208	182158
173208	184686
173208	194699
173208	198090
173208	204055
173208	206334
173208	214128
173208	226411
173208	234704
173208	236368
173208	245559
173208	245659
173208	245889
173208	258078
173208	267640
173208	279108
163977	11883
163977	18092
163977	22363
163977	23743
163977	34573
163977	38164
163977	38342
163977	46117
163977	62222
163977	62241
163977	67587
163977	67812
163977	69446
163977	81435
163977	105607
163977	106334
163977	134374
163977	158587
163977	167295
163977	177697
163977	182158
163977	184686
163977	194699
163977	198090
163977	204055
163977	206334
163977	214128
163977	226411
163977	234704
163977	236368
163977	245559
163977	245659
163977	245889
163977	258078
163977	267640
163977	279108
134553	11883
134553	18092
134553	22363
134553	23743
134553	34573
134553	38164
134553	38342
134553	46117
134553	62222
134553	62241
134553	67587
134553	67812
134553	69446
134553	81435
134553	105607
134553	106334
134553	134374
134553	158587
134553	167295
134553	177697
134553	182158
134553	184686
134553	194699
134553	198090
134553	204055
134553	206334
134553	214128
134553	226411
134553	234704
134553	236368
134553	245559
134553	245659
134553	245889
134553	258078
134553	267640
134553	279108
131286	11883
131286	18092
131286	22363
131286	23743
131286	34573
131286	38164
131286	38342
131286	46117
131286	62222
131286	62241
131286	67587
131286	67812
131286	69446
131286	81435
131286	105607
131286	106334
131286	134374
131286	158587
131286	167295
131286	177697
131286	182158
131286	184686
131286	194699
131286	198090
131286	204055
131286	206334
131286	214128
131286	226411
131286	234704
131286	236368
131286	245559
131286	245659
131286	245889
131286	258078
131286	267640
131286	279108
73765	6433
73765	34573
73765	38342
73765	39390
73765	44561
73765	48386
73765	53238
73765	62482
73765	66598
73765	73345
73765	81435
73765	83610
73765	85318
73765	87970
73765	105607
73765	109093
73765	136121
73765	141847
73765	148335
73765	150700
73765	151248
73765	167295
73765	174532
73765	198090
73765	200610
73765	214128
73765	226411
73765	227530
73765	234704
73765	245659
73765	256322
73765	272466
73765	278377
73765	281817
73345	725
73345	6433
73345	8071
73345	9921
73345	20694
73345	22032
73345	34573
73345	35024
73345	38342
73345	39390
73345	41855
73345	48386
73345	73765
73345	81435
73345	85318
73345	93368
73345	105607
73345	150700
73345	155666
73345	164789
73345	167295
73345	174532
73345	198090
73345	200610
73345	214128
73345	218179
73345	223951
73345	226411
73345	228549
73345	234704
73345	244578
73345	245659
73345	256322
73345	278377
85318	6433
85318	34573
85318	38342
85318	39390
85318	48386
85318	69734
85318	73345
85318	73765
85318	81435
85318	92486
85318	105607
85318	129660
85318	137691
85318	150700
85318	167295
85318	174532
85318	192868
85318	193683
85318	197948
85318	198090
85318	200610
85318	202081
85318	202343
85318	206565
85318	214128
85318	226411
85318	228687
85318	234704
85318	237667
85318	245659
85318	251023
85318	251562
85318	256322
85318	278377
84826	11883
84826	18092
84826	22363
84826	23743
84826	34573
84826	38164
84826	38342
84826	46117
84826	62222
84826	62241
84826	67587
84826	67812
84826	69446
84826	81435
84826	105607
84826	106334
84826	134374
84826	158587
84826	167295
84826	177697
84826	182158
84826	184686
84826	194699
84826	198090
84826	204055
84826	206334
84826	214128
84826	226411
84826	234704
84826	236368
84826	245559
84826	245659
84826	245889
84826	258078
84826	267640
84826	279108
105591	11883
105591	18092
105591	22363
105591	23743
105591	34573
105591	38164
105591	38342
105591	46117
105591	62222
105591	62241
105591	67587
105591	67812
105591	69446
105591	81435
105591	105607
105591	106334
105591	134374
105591	158587
105591	167295
105591	177697
105591	182158
105591	184686
105591	194699
105591	198090
105591	204055
105591	206334
105591	214128
105591	226411
105591	234704
105591	236368
105591	245559
105591	245659
105591	245889
105591	258078
105591	267640
105591	279108
93374	11883
93374	18092
93374	22363
93374	23743
93374	34573
93374	38164
93374	38342
93374	46117
93374	62222
93374	62241
93374	67587
93374	67812
93374	69446
93374	81435
93374	105607
93374	106334
93374	134374
93374	158587
93374	167295
93374	177697
93374	182158
93374	184686
93374	194699
93374	198090
93374	204055
93374	206334
93374	214128
93374	226411
93374	234704
93374	236368
93374	245559
93374	245659
93374	245889
93374	258078
93374	267640
93374	279108
101275	11883
101275	18092
101275	22363
101275	23743
101275	34573
101275	38164
101275	38342
101275	46117
101275	62222
101275	62241
101275	67587
101275	67812
101275	69446
101275	81435
101275	105607
101275	106334
101275	134374
101275	158587
101275	167295
101275	177697
101275	182158
101275	184686
101275	194699
101275	198090
101275	204055
101275	206334
101275	214128
101275	226411
101275	234704
101275	236368
101275	245559
101275	245659
101275	245889
101275	258078
101275	267640
101275	279108
84817	11883
84817	18092
84817	22363
84817	23743
84817	34573
84817	38164
84817	38342
84817	46117
84817	62222
84817	62241
84817	67587
84817	67812
84817	69446
84817	81435
84817	105607
84817	106334
84817	134374
84817	158587
84817	167295
84817	177697
84817	182158
84817	184686
84817	194699
84817	198090
84817	204055
84817	206334
84817	214128
84817	226411
84817	234704
84817	236368
84817	245559
84817	245659
84817	245889
84817	258078
84817	267640
84817	279108
48386	10071
48386	27392
48386	34573
48386	35447
48386	38342
48386	39229
48386	39937
48386	41924
48386	65875
48386	81435
48386	90092
48386	97488
48386	99946
48386	105607
48386	113524
48386	128079
48386	142659
48386	157756
48386	166831
48386	167295
48386	174687
48386	186091
48386	187901
48386	198090
48386	206605
48386	209318
48386	211138
48386	214128
48386	226411
48386	234704
48386	242138
48386	245659
48386	253937
48386	263374
48386	274565
39390	6433
39390	34573
39390	38342
39390	41632
39390	47655
39390	48386
39390	50634
39390	60602
39390	63092
39390	67413
39390	73345
39390	73765
39390	81435
39390	85318
39390	96485
39390	105607
39390	117002
39390	149732
39390	150700
39390	167295
39390	168624
39390	174532
39390	198090
39390	200610
39390	214128
39390	224310
39390	226411
39390	232874
39390	234704
39390	245659
39390	256322
39390	266596
39390	277051
39390	278377
6433	13711
6433	31402
6433	34573
6433	38204
6433	38342
6433	39390
6433	48386
6433	73345
6433	73765
6433	81435
6433	85318
6433	95172
6433	105607
6433	105696
6433	147680
6433	150700
6433	167295
6433	168894
6433	173156
6433	174532
6433	180781
6433	198090
6433	200610
6433	201415
6433	206507
6433	214128
6433	226411
6433	228052
6433	234704
6433	245659
6433	251012
6433	256322
6433	277739
6433	278377
35329	11883
35329	18092
35329	22363
35329	23743
35329	34573
35329	38164
35329	38342
35329	46117
35329	62222
35329	62241
35329	67587
35329	67812
35329	69446
35329	81435
35329	105607
35329	106334
35329	134374
35329	158587
35329	167295
35329	177697
35329	182158
35329	184686
35329	194699
35329	198090
35329	204055
35329	206334
35329	214128
35329	226411
35329	234704
35329	236368
35329	245559
35329	245659
35329	245889
35329	258078
35329	267640
35329	279108
34420	11883
34420	18092
34420	22363
34420	23743
34420	34573
34420	38164
34420	38342
34420	46117
34420	62222
34420	62241
34420	67587
34420	67812
34420	69446
34420	81435
34420	105607
34420	106334
34420	134374
34420	158587
34420	167295
34420	177697
34420	182158
34420	184686
34420	194699
34420	198090
34420	204055
34420	206334
34420	214128
34420	226411
34420	234704
34420	236368
34420	245559
34420	245659
34420	245889
34420	258078
34420	267640
34420	279108
14527	11883
14527	18092
14527	22363
14527	23743
14527	34573
14527	38164
14527	38342
14527	46117
14527	62222
14527	62241
14527	67587
14527	67812
14527	69446
14527	81435
14527	105607
14527	106334
14527	134374
14527	158587
14527	167295
14527	177697
14527	182158
14527	184686
14527	194699
14527	198090
14527	204055
14527	206334
14527	214128
14527	226411
14527	234704
14527	236368
14527	245559
14527	245659
14527	245889
14527	258078
14527	267640
14527	279108
35139	11883
35139	18092
35139	22363
35139	23743
35139	34573
35139	38164
35139	38342
35139	46117
35139	62222
35139	62241
35139	67587
35139	67812
35139	69446
35139	81435
35139	105607
35139	106334
35139	134374
35139	158587
35139	167295
35139	177697
35139	182158
35139	184686
35139	194699
35139	198090
35139	204055
35139	206334
35139	214128
35139	226411
35139	234704
35139	236368
35139	245559
35139	245659
35139	245889
35139	258078
35139	267640
35139	279108
233	40373
233	55141
233	61336
233	84004
233	87536
233	103392
233	129245
233	130165
233	135127
233	151302
233	197034
233	219567
233	234048
233	241263
233	250545
233	276763
250545	233
250545	40373
250545	55141
250545	61336
250545	84004
250545	87536
250545	135127
250545	209712
250545	238225
250545	269080
250545	276763
276763	233
276763	18698
276763	29916
276763	40373
276763	55141
276763	61336
276763	87536
276763	111680
276763	129245
276763	135127
276763	158820
276763	186836
276763	187485
276763	250545
234048	233
234048	18698
234048	40373
234048	55141
234048	61336
234048	84004
234048	87536
234048	129245
234048	135127
234048	187485
234048	219567
219567	233
219567	29916
219567	40373
219567	55141
219567	61336
219567	87536
219567	111680
219567	135127
219567	158820
219567	186836
219567	187485
219567	234048
241263	233
241263	33086
241263	40373
241263	48943
241263	55141
241263	61336
241263	88419
241263	101037
241263	135127
241263	213338
197034	233
197034	18698
197034	29916
197034	40373
197034	55141
197034	61336
197034	84004
197034	87536
197034	111680
197034	135127
197034	151302
197034	158820
197034	186836
197034	187485
197034	256603
151302	233
151302	40373
151302	55141
151302	61336
151302	84004
151302	87536
151302	103392
151302	111680
151302	135127
151302	158820
151302	186836
151302	187485
151302	197034
151302	209712
151302	256603
129245	233
129245	29916
129245	40373
129245	55141
129245	61336
129245	87536
129245	111680
129245	135127
129245	158820
129245	186836
129245	187485
129245	209712
129245	219567
129245	225717
129245	234048
129245	276763
129245	280214
129245	281451
130165	233
130165	9464
130165	16288
130165	40373
130165	55141
130165	61336
130165	135127
135127	233
135127	19983
135127	30761
135127	33745
135127	40373
135127	55141
135127	61336
135127	61836
135127	72250
135127	88419
135127	91140
135127	109928
135127	117625
135127	122525
135127	130165
135127	161530
135127	173483
135127	174547
135127	187625
135127	188395
135127	209608
135127	226692
135127	236860
135127	241263
135127	242514
135127	244855
135127	247292
135127	254605
135127	254703
135127	265859
103392	233
103392	40373
103392	55141
103392	61336
103392	87536
103392	111680
103392	135127
103392	151302
103392	158820
103392	186836
103392	187485
103392	209712
84004	233
84004	40373
84004	55141
84004	61336
84004	87536
84004	135127
84004	151302
84004	187485
84004	197034
84004	234048
84004	250545
87536	233
87536	16288
87536	18698
87536	19983
87536	29916
87536	40373
87536	55141
87536	61336
87536	84004
87536	101037
87536	103392
87536	111680
87536	129245
87536	135127
87536	151302
87536	186836
87536	187485
87536	197034
87536	209712
87536	219567
87536	225717
87536	234048
87536	238225
87536	250545
87536	269080
87536	276763
87536	281451
40373	62067
40373	135127
40373	221586
61336	19983
61336	40373
61336	55141
61336	135127
55141	19983
55141	40373
55141	61336
55141	73663
55141	123976
55141	135127
55141	135701
55141	139650
55141	191642
55141	238091
55141	242643
234	9926
234	57920
234	133797
234	151939
234	159607
234	164843
234	181639
234	192929
234	201233
234	213898
234	226411
234	233786
233786	271709
181639	234
181639	9926
181639	18080
181639	57920
181639	101313
181639	111588
181639	133797
181639	151939
181639	159607
181639	164843
181639	192929
181639	201233
181639	211864
181639	213898
181639	226411
181639	233786
181639	246597
181639	265187
201233	234
201233	9926
201233	21909
201233	57920
201233	133797
201233	151939
201233	159607
201233	171409
201233	181639
201233	192929
201233	213898
201233	226411
201233	233786
201233	247093
201233	265187
159607	58917
159607	89872
159607	124147
159607	133797
159607	151939
159607	192929
159607	199451
159607	213898
159607	226411
159607	233786
159607	241267
164843	234
164843	9926
164843	57920
164843	111588
164843	133797
164843	151939
164843	159607
164843	181639
164843	192929
164843	213898
164843	226411
164843	233786
57920	256
57920	9926
57920	23038
57920	38065
57920	111588
57920	119489
57920	132021
57920	133797
57920	151620
57920	151939
57920	159607
57920	164843
57920	171409
57920	181639
57920	185794
57920	192929
57920	213898
57920	221228
57920	226411
57920	231809
57920	233786
57920	241267
57920	264903
9926	234
9926	977
9926	2302
9926	8729
9926	10503
9926	13234
9926	18080
9926	24601
9926	26509
9926	30382
9926	33749
9926	35034
9926	35104
9926	35868
9926	37111
9926	38036
9926	38065
9926	45694
9926	47071
9926	50126
9926	54119
9926	55405
9926	56476
9926	57195
9926	57920
9926	76773
9926	80593
9926	86834
9926	90369
9926	95677
9926	95681
9926	95813
9926	95901
9926	99804
9926	101313
9926	104348
9926	106897
9926	109370
9926	111588
9926	113399
9926	113727
9926	119489
9926	132466
9926	133797
9926	136017
9926	138122
9926	141824
9926	145109
9926	151620
9926	151939
9926	162765
9926	164843
9926	169524
9926	169827
9926	171409
9926	173761
9926	181411
9926	181639
9926	184587
9926	187615
9926	188164
9926	192929
9926	201233
9926	207416
9926	209847
9926	211864
9926	213898
9926	215864
9926	219920
9926	226411
9926	228757
9926	228995
9926	231809
9926	233786
9926	235678
9926	236191
9926	241059
9926	241691
9926	244120
9926	246597
9926	247157
9926	247787
9926	250111
9926	262408
9926	265027
9926	265187
9926	267411
9926	268482
9926	270200
9926	270333
9926	272226
9926	274633
9926	275914
9926	275949
235	35353
235	53262
235	61538
235	61682
235	69005
235	100957
235	119296
235	162445
235	170615
235	173147
235	183233
235	226411
235	231903
235	279362
279362	235
279362	35353
279362	53262
279362	61538
279362	61682
279362	69005
279362	100957
279362	119296
279362	162445
279362	170615
279362	173147
279362	177768
279362	183233
279362	188658
279362	203042
279362	226411
279362	231903
231903	16185
231903	34297
231903	35353
231903	61682
231903	69005
231903	86227
231903	150249
231903	162445
231903	164525
231903	170615
231903	171353
231903	173147
231903	179748
231903	183233
231903	183855
231903	212779
231903	218241
231903	226411
231903	235784
231903	248873
231903	257313
231903	260047
231903	278088
183233	35353
183233	61682
183233	68243
183233	69005
183233	70936
183233	89893
183233	93020
183233	100957
183233	119165
183233	119296
183233	146271
183233	162445
183233	170615
183233	173147
183233	203193
183233	226411
183233	231903
183233	278088
162445	35353
162445	61682
162445	69005
162445	102720
162445	170615
162445	173147
162445	183233
162445	226411
162445	231903
170615	16185
170615	17139
170615	35353
170615	69005
170615	99918
170615	119296
170615	162445
170615	173147
170615	201567
170615	226411
170615	231397
170615	263659
170615	270017
173147	52598
173147	52966
173147	61682
173147	69005
173147	96932
173147	100957
173147	115153
173147	141671
173147	162445
173147	168634
173147	170615
173147	171829
173147	183233
173147	193780
173147	231903
119296	35353
119296	61682
119296	69005
119296	162445
119296	170615
119296	173147
119296	183233
119296	226411
119296	231903
100957	2384
100957	7052
100957	35353
100957	61682
100957	68243
100957	69005
100957	70936
100957	93020
100957	113225
100957	119296
100957	125592
100957	129938
100957	146271
100957	162445
100957	170615
100957	173147
100957	177768
100957	183233
100957	203042
100957	203193
100957	226411
100957	226953
100957	231903
100957	248082
69005	35353
69005	60692
69005	61682
69005	87260
69005	119296
69005	162445
69005	170615
69005	173147
69005	183233
69005	226411
69005	231903
69005	264246
69005	278088
53262	235
53262	28340
53262	35353
53262	61538
53262	61682
53262	69005
53262	100957
53262	119296
53262	162445
53262	170615
53262	170907
53262	173147
53262	183233
53262	217674
53262	226411
53262	231903
53262	279362
61538	235
61538	35353
61538	53262
61538	61682
61538	69005
61538	99918
61538	100957
61538	119296
61538	162445
61538	173147
61538	201567
61538	226411
61538	235784
61538	263659
61538	270017
61538	279362
61682	56249
61682	69005
61682	76923
61682	81520
61682	119296
61682	162445
61682	170615
61682	170907
61682	173147
61682	183233
61682	211533
61682	226411
61682	231903
61682	278088
35353	52598
35353	52966
35353	61682
35353	69005
35353	96932
35353	100957
35353	115153
35353	141671
35353	162445
35353	168634
35353	170615
35353	171829
35353	183233
35353	193780
35353	231903
236	6318
236	15648
236	89073
236	134832
236	231363
15648	236
15648	12873
15648	89073
15648	134832
15648	226270
15648	231363
6318	236
6318	57262
6318	89073
6318	134832
6318	231363
237	37740
237	38299
237	100595
237	101146
237	103998
237	178204
237	178302
237	253886
237	280493
253886	38299
253886	51377
253886	59926
253886	75423
253886	83577
253886	84953
253886	100595
253886	101146
253886	101370
253886	103998
253886	178204
253886	178302
253886	194817
253886	208227
253886	210029
253886	247552
253886	263276
253886	266144
253886	280493
38299	17632
38299	80725
38299	100595
38299	101146
38299	103998
38299	117053
38299	147021
38299	176232
38299	178204
38299	178302
38299	200516
38299	253886
38299	280493
37740	18718
37740	114998
37740	139925
37740	192479
37740	228172
238	8261
238	38783
238	72193
238	77498
238	92583
238	125372
238	175106
238	183865
238	204562
238	210403
238	216433
238	219782
238	226411
238	243109
238	256298
238	265428
77498	8261
77498	38783
77498	72193
77498	92583
77498	125372
77498	175106
77498	183865
77498	204562
77498	210403
77498	216433
77498	219782
77498	226411
77498	243109
77498	256298
77498	265428
239	25230
239	65130
239	244749
239	253026
253026	239
253026	244749
253026	245227
253026	267634
244749	239
244749	6349
244749	21108
244749	25230
244749	50600
244749	65130
244749	69455
244749	80143
244749	101209
244749	104437
244749	106936
244749	111966
244749	127678
244749	130649
244749	260980
244749	275264
65130	239
65130	50600
65130	244749
65130	245227
25230	239
25230	130649
25230	244749
25230	267634
240	6348
240	48476
240	67503
240	134375
240	170452
240	262532
262532	240
262532	48476
262532	67503
262532	134375
262532	170452
48476	240
48476	6348
48476	12866
48476	15616
48476	20032
48476	26306
48476	31160
48476	67503
48476	114660
48476	134375
48476	170452
48476	196188
48476	229170
48476	262532
6348	240
6348	12866
6348	48476
6348	67503
6348	134375
6348	170452
6348	262532
241	6346
241	15614
241	67756
241	69358
241	241454
15614	241
15614	12870
15614	67756
15614	69358
15614	241454
6346	241
6346	31157
6346	67756
6346	69358
6346	241454
242	19596
242	51517
242	65815
242	70188
242	70298
242	92327
242	170390
242	172962
242	176211
242	196409
196409	242
196409	23541
196409	172962
196409	175016
196409	197997
170390	242
170390	19596
170390	23541
170390	64131
170390	66332
170390	92327
170390	172962
170390	267136
176211	242
176211	19596
176211	23541
176211	66332
176211	70614
176211	85538
176211	92327
176211	151024
176211	153557
176211	172962
176211	179594
176211	242246
176211	264755
172962	25495
172962	104303
172962	175016
92327	242
92327	19596
92327	51517
92327	65815
92327	70298
92327	98527
92327	172962
65815	242
65815	19596
65815	51517
65815	70298
65815	92327
65815	172962
65815	235902
70298	242
70298	9522
70298	11217
70298	19139
70298	19596
70298	23541
70298	51517
70298	65815
70298	70614
70298	92327
70298	108182
70298	112687
70298	155214
70298	156314
70298	172962
70298	175016
70298	194963
70298	238131
70298	247330
70188	242
70188	9522
70188	23541
70188	151024
70188	172962
70188	175016
51517	242
51517	19596
51517	32177
51517	65815
51517	70298
51517	86722
51517	92327
51517	172962
51517	278023
19596	242
19596	51517
19596	65815
19596	70298
19596	92327
19596	172962
243	67503
243	103327
243	134375
243	170452
243	217383
217383	243
217383	67503
217383	72196
217383	75699
217383	82385
217383	97761
217383	103327
217383	134375
217383	170452
217383	183478
103327	243
103327	67503
103327	97761
103327	134375
103327	170452
103327	217383
244	24726
244	45822
244	94459
244	118948
244	129971
244	170670
244	194930
244	213780
213780	8343
213780	13682
213780	22649
213780	24726
213780	32249
213780	38995
213780	44543
213780	56024
213780	73438
213780	78677
213780	81025
213780	84696
213780	91683
213780	95872
213780	97300
213780	118948
213780	120699
213780	126127
213780	129971
213780	132386
213780	137726
213780	150041
213780	161684
213780	166998
213780	169296
213780	178629
213780	184850
213780	194930
213780	197658
213780	200617
213780	208228
213780	217803
213780	225757
213780	237208
213780	249662
213780	249863
213780	273419
194930	24726
194930	118948
194930	129971
194930	213780
170670	24726
170670	45822
170670	118948
170670	129971
170670	140775
170670	194641
170670	194930
170670	213780
118948	24726
118948	129971
118948	194930
118948	213780
129971	24726
129971	32249
129971	52820
129971	72398
129971	89150
129971	118948
129971	126127
129971	194930
129971	213780
94459	24726
94459	45822
94459	118948
94459	129971
94459	194641
94459	194930
94459	213780
94459	246421
45822	17366
45822	23664
45822	24726
45822	27021
45822	32798
45822	35422
45822	55555
45822	56328
45822	64778
45822	73010
45822	82801
45822	88704
45822	94459
45822	107120
45822	109356
45822	111902
45822	118948
45822	121363
45822	140775
45822	141766
45822	147506
45822	150688
45822	170670
45822	193411
45822	194641
45822	194930
45822	199287
45822	216997
45822	235863
45822	236713
45822	246421
45822	258168
45822	264612
45822	269427
45822	278826
24726	118948
24726	129971
24726	194930
24726	213780
245	10483
245	24356
245	36919
245	59404
245	61980
245	125416
245	163865
245	177171
245	183417
245	186419
245	191977
245	243337
245	243445
245	246126
245	249842
245	252716
245	261866
245	265791
245	281157
281157	183417
281157	243445
265791	183417
265791	243445
261866	243445
261866	249842
249842	245
249842	163865
249842	177171
249842	243445
249842	261866
249842	268586
252716	245
252716	11810
252716	170225
246126	245
246126	243445
243445	10483
243445	147006
243445	243337
243337	245
243337	45856
243337	106547
243337	168809
243337	170225
243337	201090
243337	205393
243337	213523
243337	243445
243337	252011
177171	58858
177171	191977
177171	243445
177171	249842
191977	177171
191977	243445
186419	245
186419	36919
186419	243445
183417	245
183417	24356
183417	59404
183417	125416
183417	243445
183417	265791
183417	281157
163865	243445
163865	249842
125416	183417
125416	243445
36919	186419
36919	243445
59404	183417
59404	243445
61980	245
61980	11810
61980	45856
61980	106547
61980	151922
61980	168809
61980	170225
61980	205393
61980	213523
61980	243337
61980	252011
24356	183417
24356	243445
10483	245
10483	796
10483	17541
10483	28636
10483	45856
10483	69902
10483	108760
10483	113554
10483	116042
10483	118469
10483	123105
10483	124026
10483	152593
10483	165452
10483	166365
10483	189011
10483	196145
10483	202723
10483	208617
10483	216648
10483	224656
10483	237328
10483	237853
10483	239956
10483	243445
10483	252011
10483	252657
10483	258219
10483	266566
10483	267177
10483	268582
10483	279406
10483	281569
246	6343
246	59497
246	67756
246	69358
246	241454
59497	246
59497	57230
59497	67756
59497	69358
59497	241454
59497	257086
6343	246
6343	67756
6343	69358
6343	241454
6343	260313
247	87813
247	170924
170924	247
170924	24841
170924	53489
170924	55510
170924	87813
170924	121477
170924	157707
170924	193927
170924	210981
170924	230683
170924	269325
87813	75094
87813	116292
87813	123372
87813	170924
87813	253389
87813	270871
248	34573
248	38342
248	42261
248	53367
248	81435
248	87769
248	93049
248	104359
248	105607
248	120773
248	126465
248	129369
248	131000
248	131797
248	140294
248	167295
248	181456
248	189325
248	195934
248	198090
248	204328
248	208480
248	214128
248	215166
248	217082
248	219919
248	226411
248	229718
248	234548
248	234704
248	241341
248	245659
248	253130
248	276605
276605	34573
276605	38342
276605	53367
276605	81435
276605	93049
276605	105607
276605	131797
276605	167295
276605	181456
276605	189325
276605	195934
276605	198090
276605	214128
276605	215166
276605	219919
276605	226411
276605	234704
276605	241341
276605	245659
253130	34573
253130	38342
253130	81435
253130	105607
253130	167295
253130	198090
253130	214128
253130	226411
253130	234704
253130	245659
219919	34573
219919	38342
219919	81435
219919	105607
219919	167295
219919	198090
219919	214128
219919	226411
219919	234704
219919	245659
241341	34573
241341	38342
241341	53367
241341	81435
241341	93049
241341	105607
241341	131797
241341	167295
241341	181456
241341	189325
241341	195934
241341	198090
241341	214128
241341	215166
241341	219919
241341	226411
241341	234704
241341	245659
241341	276605
215166	34573
215166	38342
215166	53367
215166	81435
215166	93049
215166	105607
215166	131797
215166	167295
215166	181456
215166	189325
215166	195934
215166	198090
215166	214128
215166	219919
215166	226411
215166	234704
215166	241341
215166	245659
215166	276605
229718	34573
229718	38342
229718	81435
229718	105607
229718	167295
229718	198090
229718	214128
229718	226411
229718	234704
229718	245659
234548	34573
234548	38342
234548	81435
234548	105607
234548	167295
234548	198090
234548	214128
234548	226411
234548	234704
234548	245659
217082	34573
217082	38342
217082	81435
217082	105607
217082	167295
217082	198090
217082	214128
217082	226411
217082	234704
217082	245659
195934	34573
195934	38342
195934	53367
195934	81435
195934	93049
195934	105607
195934	131797
195934	167295
195934	181456
195934	189325
195934	198090
195934	214128
195934	215166
195934	219919
195934	226411
195934	234704
195934	241341
195934	245659
195934	276605
181456	34573
181456	38342
181456	53367
181456	81435
181456	93049
181456	105607
181456	131797
181456	167295
181456	189325
181456	195934
181456	198090
181456	214128
181456	215166
181456	219919
181456	226411
181456	234704
181456	241341
181456	245659
181456	276605
189325	34573
189325	38342
189325	53367
189325	81435
189325	93049
189325	105607
189325	131797
189325	167295
189325	181456
189325	195934
189325	198090
189325	214128
189325	215166
189325	219919
189325	226411
189325	234704
189325	241341
189325	245659
189325	276605
208480	34573
208480	38342
208480	81435
208480	105607
208480	167295
208480	198090
208480	214128
208480	226411
208480	234704
208480	245659
204328	34573
204328	38342
204328	81435
204328	105607
204328	167295
204328	198090
204328	214128
204328	226411
204328	234704
204328	245659
131797	34573
131797	38342
131797	53367
131797	81435
131797	93049
131797	105607
131797	167295
131797	181456
131797	189325
131797	195934
131797	198090
131797	214128
131797	215166
131797	219919
131797	226411
131797	234704
131797	241341
131797	245659
131797	276605
126465	34573
126465	38342
126465	81435
126465	105607
126465	167295
126465	198090
126465	214128
126465	226411
126465	234704
126465	245659
129369	34573
129369	38342
129369	81435
129369	105607
129369	167295
129369	198090
129369	214128
129369	226411
129369	234704
129369	245659
140294	34573
140294	38342
140294	81435
140294	105607
140294	167295
140294	198090
140294	214128
140294	226411
140294	234704
140294	245659
120773	34573
120773	38342
120773	81435
120773	105607
120773	167295
120773	198090
120773	214128
120773	226411
120773	234704
120773	245659
131000	34573
131000	38342
131000	81435
131000	105607
131000	167295
131000	198090
131000	214128
131000	226411
131000	234704
131000	245659
93049	34573
93049	38342
93049	81435
93049	105607
93049	167295
93049	198090
93049	214128
93049	226411
93049	234704
93049	245659
104359	34573
104359	38342
104359	81435
104359	105607
104359	167295
104359	198090
104359	214128
104359	226411
104359	234704
104359	245659
87769	34573
87769	38342
87769	81435
87769	105607
87769	167295
87769	198090
87769	214128
87769	226411
87769	234704
87769	245659
53367	34573
53367	38342
53367	81435
53367	93049
53367	105607
53367	131797
53367	167295
53367	181456
53367	189325
53367	195934
53367	198090
53367	214128
53367	215166
53367	219919
53367	226411
53367	234704
53367	241341
53367	245659
53367	276605
42261	34573
42261	38342
42261	81435
42261	105607
42261	167295
42261	198090
42261	214128
42261	226411
42261	234704
42261	245659
249	2260
249	19189
249	98387
249	138156
249	186902
249	205477
138156	2260
138156	9556
138156	19189
138156	74238
138156	87407
138156	98387
138156	113777
138156	128304
138156	161687
138156	173893
138156	186902
138156	198659
138156	205477
138156	212007
138156	226411
250	6342
250	50065
250	89073
250	134832
250	231363
250	269464
269464	89073
269464	134832
269464	231363
269464	261413
269464	265730
269464	266440
50065	250
50065	44727
50065	89073
50065	119425
50065	134832
50065	231363
6342	250
6342	57232
6342	89073
6342	134832
6342	231363
251	103930
251	121928
251	133615
251	226411
121928	48062
121928	115740
133615	251
133615	14318
133615	34582
133615	49158
133615	103930
133615	121928
133615	161613
133615	182437
133615	211145
133615	226411
133615	279302
103930	10727
103930	13343
103930	13456
103930	39699
103930	44215
103930	50562
103930	55092
103930	57319
103930	62759
103930	64101
103930	70533
103930	161016
103930	163911
103930	186424
103930	209434
103930	212072
103930	226411
103930	238033
252	25818
252	64355
252	114510
252	139025
252	159110
252	202079
252	208086
202079	16684
202079	60249
202079	171099
202079	194977
202079	208086
202079	242522
202079	250307
159110	252
159110	1301
159110	22353
159110	25818
159110	30913
159110	35368
159110	63794
159110	124903
159110	144746
159110	148289
159110	156847
159110	186290
159110	202079
159110	208086
159110	215835
114510	252
114510	6270
114510	17420
114510	25818
114510	32272
114510	37542
114510	64355
114510	74642
114510	99051
114510	154590
114510	159110
114510	202079
114510	202280
114510	208086
114510	213816
114510	216438
114510	258617
139025	252
139025	195570
139025	208086
64355	252
64355	114510
64355	202079
64355	208086
25818	6270
25818	9954
25818	32272
25818	37542
25818	37591
25818	41876
25818	49325
25818	61305
25818	71028
25818	74642
25818	78847
25818	99051
25818	109691
25818	114510
25818	154590
25818	159110
25818	197052
25818	202079
25818	203883
25818	208086
25818	212380
25818	216438
25818	242522
25818	258617
25818	264664
25818	271044
253	50785
253	60210
253	67124
253	89073
253	93989
67124	253
67124	12858
67124	15627
67124	20040
67124	26295
67124	28569
67124	31169
67124	32104
67124	46315
67124	60210
67124	89073
67124	93989
67124	165023
254	18751
254	20465
254	26758
254	50899
254	82476
254	84906
254	173614
254	200974
254	210873
210873	18751
210873	20465
210873	26758
210873	50899
210873	82476
210873	84906
210873	130306
210873	164220
210873	173614
210873	200974
200974	18751
200974	20465
200974	24545
200974	26758
200974	50899
200974	68810
200974	77234
200974	82476
200974	84906
200974	173614
200974	206936
200974	210873
200974	254392
173614	254
173614	18751
173614	20465
173614	26758
173614	50899
173614	82476
173614	84906
173614	200974
173614	210873
82476	11685
82476	12270
82476	61310
82476	72936
82476	84906
82476	164623
82476	165699
82476	213643
82476	245749
82476	256596
82476	271408
82476	271669
84906	1738
84906	2379
84906	3164
84906	3413
84906	8056
84906	10342
84906	10665
84906	11315
84906	15541
84906	18879
84906	19832
84906	21434
84906	25211
84906	25793
84906	30100
84906	30133
84906	31495
84906	32603
84906	33383
84906	34140
84906	36797
84906	43575
84906	48380
84906	48948
84906	50320
84906	50963
84906	55031
84906	57552
84906	59271
84906	65463
84906	66058
84906	66294
84906	66296
84906	73530
84906	73929
84906	74204
84906	75246
84906	75724
84906	79683
84906	79687
84906	82476
84906	86057
84906	92617
84906	95781
84906	97458
84906	102262
84906	110583
84906	113032
84906	113987
84906	116041
84906	120761
84906	122021
84906	125567
84906	128405
84906	129659
84906	130401
84906	136342
84906	138918
84906	139883
84906	143528
84906	143766
84906	144565
84906	145755
84906	147340
84906	148158
84906	150144
84906	152838
84906	157049
84906	166697
84906	170922
84906	170954
84906	171369
84906	171484
84906	171804
84906	181368
84906	185611
84906	192852
84906	193155
84906	194304
84906	197493
84906	199632
84906	201531
84906	202020
84906	204315
84906	204601
84906	204834
84906	207517
84906	208489
84906	213051
84906	213687
84906	214763
84906	215660
84906	218043
84906	218653
84906	221740
84906	221742
84906	223488
84906	226411
84906	228468
84906	230329
84906	230881
84906	233919
84906	239866
84906	240018
84906	241459
84906	247098
84906	247271
84906	247759
84906	248796
84906	249552
84906	250312
84906	252445
84906	253557
84906	260007
84906	264482
84906	266375
84906	267455
84906	267800
84906	278270
84906	281049
50899	18751
50899	20465
50899	26758
50899	82476
50899	84906
50899	173614
50899	200974
50899	210873
26758	18751
26758	20465
26758	50899
26758	82476
26758	84906
26758	173614
26758	200974
26758	210873
18751	20465
18751	26758
18751	50899
18751	82476
18751	84906
18751	173614
18751	200974
18751	210873
20465	18751
20465	26758
20465	50899
20465	82476
20465	84906
20465	173614
20465	200974
20465	210873
255	151981
255	241454
255	241659
255	258348
255	258632
255	267492
258632	69300
258632	151981
258632	241454
258632	258348
258632	267492
258632	281012
241659	255
241659	6339
241659	12855
241659	20039
241659	28570
241659	31172
241659	32104
241659	61756
241659	92003
241659	95712
241659	97886
241659	103177
241659	114019
241659	151981
241659	241454
241659	258348
241659	267492
256	234
256	977
256	2302
256	8729
256	9926
256	10503
256	13234
256	18080
256	24601
256	26509
256	30382
256	33749
256	35034
256	35104
256	35868
256	37111
256	38036
256	38065
256	45694
256	47071
256	50126
256	54119
256	55405
256	56476
256	57195
256	57920
256	76773
256	80593
256	86834
256	90369
256	95677
256	95681
256	95813
256	95901
256	99804
256	101313
256	104348
256	106897
256	109370
256	111588
256	113399
256	113727
256	119489
256	132466
256	133797
256	136017
256	138122
256	141824
256	145109
256	151620
256	151939
256	162765
256	164843
256	169524
256	169827
256	171409
256	173761
256	181411
256	181639
256	184587
256	187615
256	188164
256	192929
256	201233
256	207416
256	209847
256	211864
256	213898
256	215864
256	219920
256	226411
256	228757
256	228995
256	231809
256	233786
256	235678
256	236191
256	241059
256	241691
256	244120
256	246597
256	247157
256	247787
256	250111
256	262408
256	265027
256	265187
256	267411
256	268482
256	270200
256	270333
256	272226
256	274633
256	275914
256	275949
272226	9926
272226	57920
272226	109370
272226	113727
272226	133797
272226	145109
272226	151939
272226	192929
272226	213898
272226	226411
272226	233786
275914	2302
275914	9926
275914	13234
275914	15970
275914	57920
275914	132021
275914	133797
275914	135909
275914	145347
275914	151939
275914	159607
275914	162765
275914	173761
275914	192929
275914	213898
275914	221920
275914	226411
275914	233786
275914	264903
275914	274633
274633	2302
274633	9926
274633	13234
274633	57195
274633	57920
274633	105244
274633	109370
274633	133797
274633	151939
274633	159607
274633	162765
274633	173761
274633	192929
274633	193985
274633	213898
274633	226411
274633	233786
274633	275914
275949	9926
275949	23038
275949	57920
275949	133797
275949	151939
275949	159607
275949	164843
275949	192929
275949	213898
275949	226411
275949	233786
275949	236191
275949	241267
275949	247157
275949	268482
268482	9926
268482	23038
268482	57920
268482	133797
268482	136017
268482	151939
268482	174205
268482	192929
268482	213898
268482	226411
268482	233786
268482	247157
268482	275949
247157	9926
247157	30382
247157	57920
247157	119489
247157	132466
247157	133797
247157	136017
247157	151939
247157	185794
247157	192929
247157	213898
247157	226411
247157	233786
247157	236191
247157	241267
247157	267411
247157	268482
247157	275949
267411	9926
267411	30382
267411	57920
267411	119489
267411	133797
267411	151939
267411	185794
267411	192929
267411	213898
267411	226411
267411	233786
267411	247157
270333	9926
270333	35868
270333	57920
270333	67772
270333	95677
270333	119489
270333	133797
270333	151939
270333	192929
270333	213898
270333	226411
270333	233786
265027	9926
265027	18080
265027	23038
265027	57920
265027	66263
265027	132021
265027	133797
265027	151939
265027	159607
265027	173462
265027	174205
265027	192929
265027	213898
265027	226411
265027	233786
265027	240639
265027	244120
265027	247787
265027	264903
247787	9926
247787	18080
247787	57920
247787	132021
247787	133797
247787	151939
247787	159607
247787	174205
247787	192929
247787	213898
247787	226411
247787	233786
247787	241267
247787	262408
247787	264903
247787	265027
262408	9926
262408	18080
262408	23038
262408	57920
262408	86834
262408	111588
262408	133797
262408	150430
262408	151939
262408	159607
262408	171409
262408	181639
262408	192929
262408	213898
262408	226411
262408	226632
262408	233786
262408	241267
262408	247787
265187	9926
265187	18080
265187	57920
265187	132021
265187	133797
265187	145347
265187	151939
265187	171409
265187	181639
265187	192929
265187	201233
265187	213898
265187	226411
265187	233786
246597	234
246597	256
246597	977
246597	8729
246597	9926
246597	10503
246597	18080
246597	24601
246597	30382
246597	33749
246597	35034
246597	35104
246597	35868
246597	37111
246597	38036
246597	43724
246597	45694
246597	50126
246597	54119
246597	55405
246597	56476
246597	57920
246597	79503
246597	80593
246597	86834
246597	90369
246597	95677
246597	95813
246597	95901
246597	99804
246597	101313
246597	104348
246597	106897
246597	111588
246597	113399
246597	119489
246597	132466
246597	133797
246597	136017
246597	138122
246597	141824
246597	151620
246597	151939
246597	164347
246597	164843
246597	169524
246597	169827
246597	171409
246597	181411
246597	181639
246597	187615
246597	187991
246597	188164
246597	190380
246597	192929
246597	201233
246597	209847
246597	211864
246597	213898
246597	219920
246597	226411
246597	228757
246597	228995
246597	233786
246597	235678
246597	236191
246597	241059
246597	241691
246597	244120
246597	247157
246597	247787
246597	250111
246597	255338
246597	262408
246597	265027
246597	265187
246597	267411
246597	268482
246597	270333
246597	275949
246597	276743
270200	29468
270200	36281
270200	50886
270200	71864
270200	89156
270200	100511
270200	104280
270200	115782
270200	131471
270200	131933
270200	142613
270200	187837
270200	204935
270200	213898
270200	226411
270200	229614
270200	237721
270200	268654
270200	270706
270200	273536
270200	279002
250111	256
250111	9926
250111	10466
250111	23038
250111	32380
250111	57920
250111	119953
250111	132021
250111	133797
250111	145347
250111	150430
250111	151939
250111	156626
250111	159607
250111	171409
250111	181639
250111	185794
250111	192929
250111	213898
250111	226411
250111	233786
250111	244120
250111	246597
250111	278099
231809	256
231809	9926
231809	16791
231809	57920
231809	133797
231809	151939
231809	192929
231809	213898
231809	226411
231809	232415
231809	233786
215864	9926
215864	47071
215864	57920
215864	62860
215864	76773
215864	133797
215864	151939
215864	192929
215864	213898
215864	226411
215864	233786
215864	235678
235678	256
235678	9926
235678	32380
235678	47071
235678	57920
235678	62860
235678	76773
235678	95681
235678	109370
235678	119953
235678	132021
235678	133797
235678	150430
235678	151939
235678	169524
235678	171409
235678	184587
235678	192929
235678	207416
235678	213898
235678	215864
235678	226411
235678	233786
235678	246597
235678	264903
241691	9926
241691	23038
241691	54119
241691	57920
241691	133797
241691	151939
241691	159607
241691	169524
241691	181411
241691	185794
241691	192929
241691	213898
241691	219920
241691	226411
241691	233786
241691	241267
219920	9926
219920	54119
219920	55405
219920	57920
219920	133797
219920	151939
219920	192929
219920	213898
219920	221228
219920	226411
219920	233786
219920	241691
228995	9926
228995	43724
228995	54119
228995	57920
228995	99804
228995	113399
228995	133797
228995	151939
228995	164347
228995	190380
228995	192929
228995	193985
228995	213898
228995	226411
228995	233786
228757	977
228757	8729
228757	9926
228757	23038
228757	57920
228757	106897
228757	133797
228757	151939
228757	159607
228757	161755
228757	185794
228757	192929
228757	213898
228757	226411
228757	233786
228757	241267
228757	264903
236191	9926
236191	23038
236191	57920
236191	67772
236191	119489
236191	132466
236191	133797
236191	151939
236191	159607
236191	164843
236191	181639
236191	192929
236191	213898
236191	226411
236191	233786
236191	241267
236191	247157
236191	270333
236191	275949
241059	9926
241059	32380
241059	35034
241059	57920
241059	95901
241059	132021
241059	133688
241059	133797
241059	145347
241059	151939
241059	173462
241059	192929
241059	193985
241059	213898
241059	221228
241059	226411
241059	226632
241059	233786
241059	244120
244120	9926
244120	18080
244120	57920
244120	95901
244120	132021
244120	133688
244120	133797
244120	145347
244120	151939
244120	192929
244120	193985
244120	194251
244120	210044
244120	213898
244120	226411
244120	233786
244120	246597
244120	265027
244120	278099
211864	9926
211864	32380
211864	57920
211864	101313
211864	105244
211864	133797
211864	151620
211864	151939
211864	159607
211864	181639
211864	192929
211864	213898
211864	226411
211864	233786
211864	250076
211864	278099
184587	9926
184587	57920
184587	74135
184587	95681
184587	105324
184587	109370
184587	133797
184587	145347
184587	151939
184587	156626
184587	192929
184587	207416
184587	213898
184587	221920
184587	226411
184587	233786
184587	247358
207416	9926
207416	57920
207416	95681
207416	133797
207416	151939
207416	184587
207416	192929
207416	213898
207416	226411
207416	233786
181411	8729
181411	9926
181411	33749
181411	37111
181411	43724
181411	54119
181411	55405
181411	57920
181411	79503
181411	80593
181411	90369
181411	95813
181411	99804
181411	106897
181411	113399
181411	119489
181411	133797
181411	151939
181411	164347
181411	169524
181411	190380
181411	192929
181411	209847
181411	213898
181411	219920
181411	226411
181411	228757
181411	228995
181411	233786
181411	241691
181411	246597
209847	9926
209847	57920
209847	111588
209847	133797
209847	141824
209847	151939
209847	181411
209847	188164
209847	192929
209847	213898
209847	226411
209847	233786
209847	241267
188164	9926
188164	57920
188164	119489
188164	132466
188164	133797
188164	138122
188164	141824
188164	151939
188164	159607
188164	169827
188164	192929
188164	209847
188164	213898
188164	226411
188164	233786
188164	241267
187615	9926
187615	9978
187615	35104
187615	38036
187615	50126
187615	57920
187615	133797
187615	151939
187615	159607
187615	171409
187615	185794
187615	192929
187615	213898
187615	221228
187615	226411
187615	233786
187615	244120
187615	264903
145109	9926
145109	57195
145109	57920
145109	109370
145109	133797
145109	151939
145109	192929
145109	213898
145109	226411
145109	233786
145109	272226
173761	9926
173761	13234
173761	32380
173761	57920
173761	133797
173761	151939
173761	159607
173761	162765
173761	192929
173761	193985
173761	207416
173761	213898
173761	221920
173761	226411
173761	233786
173761	274633
173761	275914
162765	9926
162765	32380
162765	57920
162765	66263
162765	132021
162765	133797
162765	145347
162765	151939
162765	159607
162765	173462
162765	173761
162765	192929
162765	213898
162765	226411
162765	233786
162765	240639
162765	264066
162765	264903
162765	274633
162765	275914
169524	9926
169524	18694
169524	32380
169524	57920
169524	105244
169524	129492
169524	132021
169524	133688
169524	133797
169524	145347
169524	151620
169524	151939
169524	181411
169524	192929
169524	213898
169524	221228
169524	226411
169524	226632
169524	233786
169524	235678
169524	237378
169524	240639
169524	241691
169524	246597
169524	250076
169524	278099
141824	9926
141824	23038
141824	57920
141824	111588
141824	133797
141824	151939
141824	159607
141824	169827
141824	174205
141824	188164
141824	192929
141824	209847
141824	213898
141824	226411
141824	233786
141824	241267
169827	9926
169827	23038
169827	57920
169827	133797
169827	138122
169827	141824
169827	151939
169827	174205
169827	188164
169827	192929
169827	213898
169827	226411
169827	233786
151620	9926
151620	18694
151620	32380
151620	57920
151620	101313
151620	105244
151620	132021
151620	133797
151620	151939
151620	159607
151620	171409
151620	192929
151620	211864
151620	213898
151620	226411
151620	233786
151620	250076
151620	278099
171409	9926
171409	57920
171409	101313
171409	133797
171409	151620
171409	151939
171409	159607
171409	192929
171409	213898
171409	226411
171409	233786
113727	9926
113727	26509
113727	57920
113727	109370
113727	133797
113727	151939
113727	192929
113727	213898
113727	226411
113727	233786
113727	272226
109370	256
109370	2302
109370	9926
109370	13234
109370	26509
109370	57195
109370	57920
109370	113727
109370	133797
109370	145109
109370	145347
109370	151939
109370	159607
109370	162765
109370	173761
109370	184587
109370	192929
109370	193985
109370	213898
109370	226411
109370	233786
109370	235678
109370	272226
109370	274633
109370	275914
113399	9926
113399	54119
113399	57920
113399	79503
113399	133797
113399	151939
113399	159607
113399	164347
113399	164843
113399	192929
113399	193985
113399	213898
113399	226411
113399	228995
113399	233786
106897	8729
106897	9926
106897	37111
106897	57920
106897	104348
106897	119489
106897	133797
106897	151939
106897	159607
106897	181411
106897	192929
106897	213898
106897	226411
106897	228757
106897	233786
106897	241267
106897	264903
138122	9926
138122	57920
138122	119489
138122	133797
138122	151939
138122	159607
138122	169827
138122	174205
138122	185794
138122	188164
138122	192929
138122	213898
138122	226411
138122	233786
138122	241267
132466	9926
132466	57920
132466	92936
132466	111588
132466	119489
132466	133797
132466	151939
132466	159607
132466	161755
132466	188164
132466	192929
132466	213898
132466	226411
132466	233786
132466	236191
132466	241267
132466	247157
136017	9926
136017	57920
136017	133797
136017	151939
136017	159607
136017	174205
136017	185794
136017	192929
136017	213898
136017	226411
136017	233786
136017	247157
136017	268482
119489	9926
119489	23038
119489	30382
119489	35868
119489	55236
119489	57920
119489	92936
119489	111588
119489	132466
119489	133797
119489	136017
119489	138122
119489	141824
119489	151939
119489	159607
119489	169827
119489	181411
119489	185794
119489	188164
119489	192929
119489	209847
119489	213898
119489	226411
119489	233786
119489	236191
119489	241267
119489	246597
119489	247157
119489	267411
119489	268482
119489	270333
119489	275949
111588	9926
111588	57920
111588	133797
111588	151939
111588	159607
111588	164843
111588	181639
111588	192929
111588	213898
111588	226411
111588	233786
95681	9926
95681	18694
95681	28983
95681	32380
95681	57920
95681	62860
95681	76773
95681	105324
95681	132021
95681	133797
95681	145347
95681	151939
95681	171409
95681	184587
95681	185794
95681	192929
95681	207416
95681	213898
95681	221920
95681	226411
95681	233786
95681	235678
95681	237378
95681	248096
76773	9926
76773	10466
76773	57920
76773	95681
76773	132021
76773	133797
76773	151939
76773	192929
76773	213898
76773	215864
76773	226411
76773	233786
76773	235678
76773	244120
99804	9926
99804	43724
99804	54119
99804	55405
99804	57920
99804	133797
99804	151939
99804	192929
99804	193985
99804	213898
99804	226411
99804	228995
99804	233786
90369	9926
90369	54119
90369	57920
90369	95813
90369	119489
90369	129492
90369	132021
90369	133797
90369	151939
90369	171409
90369	192929
90369	213898
90369	221228
90369	226411
90369	233786
90369	264903
95813	9926
95813	23038
95813	37111
95813	54119
95813	57920
95813	67772
95813	90369
95813	92936
95813	104348
95813	111588
95813	119489
95813	133797
95813	151939
95813	159607
95813	161755
95813	171409
95813	181411
95813	185794
95813	192929
95813	213898
95813	226411
95813	233786
95813	241267
80593	8729
80593	9926
80593	33749
80593	57920
80593	133797
80593	151939
80593	174205
80593	192929
80593	213898
80593	226411
80593	233786
95677	9926
95677	35868
95677	56476
95677	57920
95677	133797
95677	151939
95677	159607
95677	174205
95677	192929
95677	213898
95677	226411
95677	233786
95677	264903
95677	270333
104348	977
104348	9926
104348	35868
104348	56476
104348	57920
104348	119953
104348	133797
104348	151939
104348	159607
104348	174205
104348	192929
104348	213898
104348	221228
104348	226411
104348	233786
104348	264903
95901	9926
95901	10503
95901	32380
95901	35034
95901	35868
95901	57920
95901	132021
95901	133797
95901	145347
95901	151939
95901	171409
95901	192929
95901	193985
95901	213898
95901	221228
95901	226411
95901	233786
95901	241059
95901	244120
95901	246597
86834	9926
86834	18080
86834	23038
86834	57920
86834	92936
86834	133797
86834	151939
86834	159607
86834	161755
86834	174205
86834	192929
86834	213898
86834	226411
86834	233786
86834	262408
101313	9926
101313	57920
101313	133797
101313	151620
101313	151939
101313	159607
101313	171409
101313	181639
101313	192929
101313	211864
101313	213898
101313	226411
101313	233786
101313	246597
38065	256
38065	9926
38065	10466
38065	23038
38065	26509
38065	31879
38065	55236
38065	57920
38065	62860
38065	71864
38065	76357
38065	84290
38065	96155
38065	97743
38065	129492
38065	133797
38065	145347
38065	146593
38065	151939
38065	159607
38065	161403
38065	161928
38065	178168
38065	181639
38065	183256
38065	185794
38065	187837
38065	192929
38065	213898
38065	214070
38065	215134
38065	219248
38065	221228
38065	226411
38065	231710
38065	233786
38065	237378
38065	244120
38065	246023
38065	247093
38065	250076
38065	264066
38065	270200
38065	278099
57195	2302
57195	9926
57195	57920
57195	109370
57195	133797
57195	145109
57195	151939
57195	192929
57195	213898
57195	226411
57195	233786
57195	274633
47071	9926
47071	18694
47071	37746
47071	57920
47071	132021
47071	133797
47071	151939
47071	159607
47071	171409
47071	192929
47071	213898
47071	215864
47071	216849
47071	226411
47071	233786
47071	235678
55405	9926
55405	54119
55405	57920
55405	99804
55405	133797
55405	151939
55405	192929
55405	213898
55405	219920
55405	226411
55405	233786
54119	977
54119	9926
54119	23038
54119	43724
54119	55405
54119	57920
54119	79503
54119	90369
54119	95813
54119	99804
54119	113399
54119	133797
54119	151939
54119	159607
54119	164347
54119	181411
54119	190380
54119	192929
54119	213898
54119	219920
54119	226411
54119	228995
54119	233786
54119	241691
37111	977
37111	9926
37111	57920
37111	95813
37111	104348
37111	106897
37111	133797
37111	151939
37111	159607
37111	164843
37111	171409
37111	174205
37111	181411
37111	185794
37111	192929
37111	213898
37111	226411
37111	233786
37111	241267
56476	9926
56476	35868
56476	57920
56476	95677
56476	104348
56476	119953
56476	133797
56476	151939
56476	159607
56476	171409
56476	192929
56476	213898
56476	226411
56476	233786
56476	264903
50126	977
50126	9926
50126	35868
50126	38036
50126	57920
50126	133797
50126	151939
50126	159607
50126	187615
50126	192929
50126	213898
50126	221228
50126	226411
50126	233786
50126	241267
50126	264903
45694	9926
45694	24601
45694	38036
45694	57920
45694	133797
45694	151939
45694	159607
45694	174205
45694	192929
45694	213898
45694	226411
45694	233786
45694	241267
45694	264903
45694	278099
38036	9926
38036	24601
38036	35104
38036	35868
38036	45694
38036	50126
38036	57920
38036	133797
38036	151939
38036	159607
38036	187615
38036	187991
38036	192929
38036	213898
38036	226411
38036	233786
38036	255338
38036	276743
38036	278099
35868	977
35868	9926
35868	10503
35868	23038
35868	24601
35868	35104
35868	38036
35868	45694
35868	50126
35868	56476
35868	57920
35868	67772
35868	92936
35868	95677
35868	95901
35868	104348
35868	111588
35868	119489
35868	133797
35868	151939
35868	171409
35868	181639
35868	185794
35868	187615
35868	187991
35868	192929
35868	213898
35868	221228
35868	226411
35868	233786
35868	241267
35868	241691
35868	244120
35868	246597
35868	255338
35868	270333
35868	276743
26509	256
26509	9926
26509	38065
26509	57920
26509	73415
26509	109370
26509	113727
26509	129492
26509	133797
26509	151939
26509	169524
26509	181639
26509	185794
26509	192929
26509	213898
26509	226411
26509	233786
26509	244120
2302	9926
2302	13234
2302	18694
2302	57195
2302	57920
2302	133797
2302	145347
2302	151939
2302	192929
2302	193985
2302	213898
2302	221920
2302	226411
2302	233786
2302	275914
13234	2302
13234	9926
13234	57920
13234	105244
13234	133797
13234	145347
13234	151939
13234	159607
13234	173462
13234	173761
13234	192766
13234	192929
13234	213898
13234	226411
13234	233786
13234	264066
13234	264903
13234	274633
13234	275914
8729	977
8729	9926
8729	33749
8729	57920
8729	80593
8729	104348
8729	106897
8729	133797
8729	151939
8729	159607
8729	181411
8729	192929
8729	213898
8729	226411
8729	228757
8729	233786
33749	977
33749	8729
33749	9926
33749	57920
33749	80593
33749	133797
33749	151939
33749	159607
33749	174205
33749	181411
33749	192929
33749	213898
33749	221228
33749	226411
33749	233786
33749	264903
30382	9926
30382	23038
30382	57920
30382	92936
30382	119489
30382	133797
30382	151939
30382	159607
30382	161755
30382	164843
30382	174205
30382	185794
30382	192929
30382	213898
30382	226411
30382	233786
30382	241267
30382	247157
30382	267411
977	9926
977	35868
977	50126
977	57920
977	104348
977	119489
977	119953
977	133797
977	151939
977	159607
977	192929
977	213898
977	221228
977	226411
977	233786
977	241267
977	264903
35104	9926
35104	24601
35104	38036
35104	57920
35104	133797
35104	151939
35104	159607
35104	187615
35104	187991
35104	192929
35104	213898
35104	226411
35104	233786
35104	264903
24601	9926
24601	35104
24601	38036
24601	45694
24601	57920
24601	133797
24601	151939
24601	187991
24601	192929
24601	213898
24601	226411
24601	233786
24601	255338
24601	276743
10503	9926
10503	35034
10503	35868
10503	57920
10503	133797
10503	151939
10503	185794
10503	192929
10503	213898
10503	221228
10503	226411
10503	233786
35034	9926
35034	10503
35034	57920
35034	64659
35034	95901
35034	119953
35034	133797
35034	145347
35034	148617
35034	151939
35034	159607
35034	192929
35034	194251
35034	213898
35034	221228
35034	226411
35034	233786
35034	241059
35034	255866
18080	9926
18080	23038
18080	48515
18080	57920
18080	86834
18080	133797
18080	151939
18080	159607
18080	174205
18080	181639
18080	192929
18080	213898
18080	226411
18080	233786
18080	241267
18080	244120
18080	246597
18080	247787
18080	262408
18080	265027
18080	265187
257	5562
257	14112
257	17737
257	17750
257	22272
257	23156
257	29115
257	41235
257	43111
257	44867
257	50528
257	62336
257	63856
257	72687
257	75952
257	88679
257	92121
257	98783
257	111457
257	112742
257	121421
257	126057
257	130832
257	132693
257	137690
257	145500
257	154835
257	161093
257	162504
257	164701
257	189166
257	201856
257	202127
257	203887
257	204569
257	223222
257	226137
257	232712
257	238139
257	242941
257	246117
257	249496
257	251990
257	253245
257	257272
257	259094
257	265387
257	271205
257	276237
257	278409
257	281196
257272	5562
257272	29115
257272	50528
257272	63856
257272	72001
257272	121421
257272	130832
257272	137690
257272	162504
257272	202127
257272	204569
257272	226411
257272	232712
257272	251990
257272	265387
257272	271205
242941	91
242941	2151
242941	15309
242941	29115
242941	33178
242941	33524
242941	38949
242941	44249
242941	44552
242941	52022
242941	60440
242941	66945
242941	74148
242941	84785
242941	86421
242941	88636
242941	89616
242941	89806
242941	90515
242941	90978
242941	96358
242941	110876
242941	112742
242941	120065
242941	131122
242941	136198
242941	137690
242941	139138
242941	141271
242941	141577
242941	144555
242941	145892
242941	148909
242941	151011
242941	151428
242941	155446
242941	156223
242941	159929
242941	161890
242941	164206
242941	169971
242941	170752
242941	171551
242941	175444
242941	176374
242941	185472
242941	187802
242941	199487
242941	204569
242941	205928
242941	208542
242941	209489
242941	210313
242941	211862
242941	217122
242941	222873
242941	223063
242941	223686
242941	224434
242941	231853
242941	233172
242941	236866
242941	239017
242941	239224
242941	240742
242941	242157
242941	248088
242941	251467
242941	258143
242941	258173
242941	263768
242941	265387
242941	268003
242941	268285
242941	271503
242941	273653
242941	273989
242941	277845
242941	278083
242941	278986
203887	2616
203887	40541
203887	51841
203887	84861
203887	96404
203887	113638
203887	131899
203887	140167
203887	148889
203887	171390
203887	191123
203887	198033
203887	225412
203887	226411
203887	231111
203887	235899
203887	248050
203887	280826
189166	10199
189166	14344
189166	111457
189166	202466
189166	228185
189166	251990
132693	14123
132693	17408
132693	71307
132693	135868
132693	153773
132693	207631
132693	226411
132693	251990
132693	272876
111457	10199
111457	189166
111457	202466
111457	228185
111457	251990
98783	484
98783	41366
98783	68059
98783	72517
98783	94163
98783	122498
98783	145995
98783	181601
98783	188568
98783	201856
98783	214095
98783	226411
98783	229446
98783	254154
98783	265486
98783	268357
98783	271847
72687	278083
14112	22918
14112	43111
14112	63856
14112	70095
14112	72001
14112	72744
14112	115813
14112	121421
14112	126057
14112	130832
14112	137690
14112	183810
14112	204569
14112	224434
14112	226411
14112	229862
14112	232037
14112	249008
14112	251990
14112	265387
14112	271205
258	6334
258	89073
258	118646
258	134832
258	231363
118646	258
118646	89073
118646	122183
118646	134832
118646	231363
6334	258
6334	57235
6334	89073
6334	134832
6334	136743
6334	231363
259	14344
259	25167
259	47708
259	50711
259	128316
259	187739
259	215718
259	226411
259	227111
259	275041
275041	46657
275041	62261
275041	78999
275041	90515
275041	110539
275041	147253
275041	213455
275041	216094
275041	232542
275041	248326
215718	14344
215718	25167
215718	50711
215718	52733
215718	125594
215718	187739
215718	191763
215718	210182
215718	226411
215718	227111
215718	275041
227111	259
227111	14344
227111	25167
227111	49732
227111	50711
227111	73929
227111	102034
227111	103522
227111	115924
227111	140643
227111	161198
227111	226411
227111	237888
227111	275041
187739	197073
128316	197073
47708	197073
50711	14344
50711	25167
50711	226411
50711	227111
50711	237888
50711	275041
14344	91
14344	38949
14344	52022
14344	60440
14344	96358
14344	112742
14344	118244
14344	145892
14344	151428
14344	161890
14344	185472
14344	208542
14344	222873
14344	258580
14344	273989
25167	14344
25167	50711
25167	77466
25167	79613
25167	85986
25167	90330
25167	92930
25167	99673
25167	105929
25167	226411
25167	227111
25167	237888
25167	275041
260	11143
260	95207
260	167295
95207	11143
95207	167295
95207	193726
11143	95207
11143	167295
11143	193726
261	226411
262	6297
262	15596
262	67756
262	69358
262	241454
6297	262
6297	31098
6297	67756
6297	69358
6297	241454
15596	262
15596	12918
15596	67756
15596	69358
15596	241454
15596	275895
263	2281
263	9130
263	25422
263	94199
263	116298
263	140232
263	150733
263	184377
263	200612
263	202641
263	221158
263	226411
263	240220
221158	9130
221158	116298
221158	150733
221158	202641
221158	226411
240220	9130
240220	25422
240220	94199
240220	116298
240220	150733
240220	184377
240220	200612
240220	202641
240220	221158
240220	226411
200612	263
200612	9130
200612	116298
200612	150733
200612	202641
200612	226411
200612	240220
184377	263
184377	2281
184377	9130
184377	94199
184377	116298
184377	140232
184377	150733
184377	202641
184377	221158
184377	226411
184377	240220
202641	9130
202641	15339
202641	22527
202641	63801
202641	88697
202641	107486
202641	121965
202641	146877
202641	150733
202641	180526
202641	207435
202641	226411
150733	9130
150733	15339
150733	22527
150733	121965
150733	146877
150733	172238
150733	180526
150733	202641
150733	207435
150733	226411
140232	263
140232	2281
140232	9130
140232	94199
140232	116298
140232	150733
140232	184377
140232	202641
140232	226411
140232	240220
116298	172238
94199	263
94199	2281
94199	9130
94199	116298
94199	140232
94199	150733
94199	184377
94199	202641
94199	226411
94199	240220
25422	9130
25422	116298
25422	150733
25422	202641
25422	226411
2281	263
2281	9130
2281	25422
2281	94199
2281	116298
2281	140232
2281	150733
2281	184377
2281	200612
2281	202641
2281	226411
2281	240220
9130	15339
9130	22527
9130	42477
9130	85775
9130	100425
9130	110133
9130	121965
9130	137644
9130	146877
9130	150733
9130	180526
9130	202068
9130	202641
9130	207435
9130	226411
9130	253496
264	17781
264	22305
264	62478
264	77999
264	96745
264	120708
264	123305
264	137632
264	160032
264	176790
264	180960
264	181701
264	183004
264	196487
264	221087
264	247241
264	259455
264	275624
275624	6466
275624	17781
275624	22305
275624	34221
275624	50957
275624	59442
275624	60852
275624	62478
275624	70929
275624	77999
275624	96745
275624	100972
275624	116612
275624	118515
275624	120708
275624	123305
275624	134136
275624	137632
275624	150556
275624	160032
275624	176790
275624	177816
275624	180960
275624	181701
275624	183004
275624	196487
275624	203036
275624	221087
275624	235661
275624	247241
275624	253257
275624	259455
275624	281391
275624	281786
180960	17781
180960	22305
180960	62478
180960	77999
180960	96745
180960	120708
180960	123305
180960	137632
180960	160032
180960	176790
180960	181701
180960	183004
180960	196487
180960	221087
180960	247241
180960	259455
180960	275624
196487	17781
196487	22305
196487	59442
196487	62478
196487	77999
196487	96745
196487	118515
196487	120708
196487	123305
196487	137632
196487	150556
196487	160032
196487	176790
196487	177816
196487	180960
196487	181701
196487	183004
196487	221087
196487	235661
196487	247241
196487	259455
196487	275624
196487	281786
160032	7857
160032	17781
160032	22305
160032	24180
160032	41960
160032	62478
160032	77999
160032	83167
160032	96745
160032	99010
160032	120708
160032	123305
160032	136041
160032	137632
160032	152452
160032	168139
160032	176790
160032	180960
160032	181701
160032	183004
160032	185696
160032	196487
160032	197630
160032	204988
160032	218007
160032	221087
160032	234353
160032	247241
160032	251829
160032	259455
160032	261198
160032	271007
160032	275624
123305	17781
123305	22305
123305	34221
123305	60852
123305	62478
123305	70929
123305	77999
123305	96745
123305	116612
123305	120708
123305	137632
123305	160032
123305	176790
123305	180960
123305	181701
123305	183004
123305	196487
123305	221087
123305	247241
123305	253257
123305	259455
123305	275624
22305	6466
22305	17781
22305	62478
22305	77999
22305	96745
22305	100972
22305	120708
22305	123305
22305	134136
22305	137632
22305	160032
22305	176790
22305	180960
22305	181701
22305	183004
22305	196487
22305	203036
22305	221087
22305	247241
22305	259455
22305	275624
265	2653
265	47121
265	52600
265	73085
265	81508
265	88180
265	124875
265	132695
265	135307
265	138699
265	143947
265	154292
265	201979
265	220581
265	220893
265	234704
265	238111
265	238594
265	267047
265	272017
272017	9170
272017	132695
272017	145624
272017	163414
272017	171471
272017	206871
272017	234704
272017	239649
272017	240761
267047	265
267047	2653
267047	47121
267047	52600
267047	73085
267047	81508
267047	88180
267047	124875
267047	132695
267047	135307
267047	138699
267047	143947
267047	154292
267047	201979
267047	220581
267047	220893
267047	234704
267047	238111
267047	238594
267047	272017
220893	265
220893	2653
220893	47121
220893	52600
220893	73085
220893	81508
220893	88180
220893	124875
220893	132695
220893	135307
220893	138699
220893	143947
220893	154292
220893	201979
220893	220581
220893	234704
220893	238111
220893	238594
220893	267047
220893	272017
238111	265
238111	2653
238111	47121
238111	52600
238111	73085
238111	81508
238111	88180
238111	124875
238111	132695
238111	135307
238111	138699
238111	143947
238111	154292
238111	201979
238111	220581
238111	220893
238111	234704
238111	238594
238111	267047
238111	272017
220581	265
220581	2653
220581	47121
220581	52600
220581	73085
220581	73633
220581	81508
220581	88180
220581	124875
220581	132695
220581	135307
220581	138699
220581	143947
220581	154292
220581	201979
220581	220893
220581	234704
220581	238111
220581	238594
220581	267047
220581	272017
238594	265
238594	2653
238594	47121
238594	52600
238594	73085
238594	81508
238594	88180
238594	124875
238594	132695
238594	135307
238594	138699
238594	143947
238594	154292
238594	201979
238594	220581
238594	220893
238594	234704
238594	238111
238594	267047
238594	272017
201979	265
201979	2653
201979	47121
201979	52600
201979	73085
201979	81508
201979	88180
201979	124875
201979	132695
201979	135307
201979	138699
201979	143947
201979	154292
201979	220581
201979	220893
201979	234704
201979	238111
201979	238594
201979	267047
201979	272017
143947	265
143947	2653
143947	47121
143947	52600
143947	73085
143947	81508
143947	88180
143947	124875
143947	132695
143947	135307
143947	138699
143947	154292
143947	201979
143947	220581
143947	220893
143947	234704
143947	238111
143947	238594
143947	267047
143947	272017
154292	265
154292	2653
154292	47121
154292	52600
154292	73085
154292	81508
154292	88180
154292	124875
154292	132695
154292	135307
154292	138699
154292	143947
154292	201979
154292	220581
154292	220893
154292	234704
154292	238111
154292	238594
154292	267047
135307	265
135307	2653
135307	47121
135307	52600
135307	73085
135307	81508
135307	88180
135307	124875
135307	132695
135307	138699
135307	143947
135307	154292
135307	201979
135307	220581
135307	220893
135307	234704
135307	238111
135307	238594
135307	267047
135307	272017
138699	265
138699	2653
138699	47121
138699	52600
138699	73085
138699	81508
138699	88180
138699	124875
138699	132695
138699	135307
138699	143947
138699	154292
138699	201979
138699	220581
138699	220893
138699	234704
138699	238111
138699	238594
138699	267047
138699	272017
124875	265
124875	2653
124875	47121
124875	52600
124875	73085
124875	81508
124875	88180
124875	132695
124875	135307
124875	138699
124875	143947
124875	154292
124875	201979
124875	220581
124875	220893
124875	234704
124875	238111
124875	238594
124875	267047
124875	272017
73085	265
73085	2653
73085	47121
73085	52600
73085	81508
73085	88180
73085	124875
73085	132695
73085	135307
73085	138699
73085	143947
73085	154292
73085	201979
73085	220581
73085	220893
73085	234704
73085	238111
73085	238594
73085	267047
73085	272017
88180	265
88180	2653
88180	47121
88180	52600
88180	73085
88180	81508
88180	124875
88180	132695
88180	135307
88180	138699
88180	143947
88180	154292
88180	201979
88180	220581
88180	220893
88180	234704
88180	238111
88180	238594
88180	267047
88180	272017
81508	265
81508	2653
81508	47121
81508	52600
81508	73085
81508	88180
81508	124875
81508	132695
81508	135307
81508	138699
81508	143947
81508	154292
81508	201979
81508	220581
81508	220893
81508	234704
81508	238111
81508	238594
81508	267047
81508	272017
52600	265
52600	2653
52600	47121
52600	73085
52600	81508
52600	88180
52600	124875
52600	132695
52600	135307
52600	138699
52600	143947
52600	154292
52600	201979
52600	220581
52600	220893
52600	234704
52600	238111
52600	238594
52600	238954
52600	267047
52600	272017
47121	265
47121	2653
47121	52600
47121	73085
47121	81508
47121	88180
47121	124875
47121	132695
47121	135307
47121	138699
47121	143947
47121	154292
47121	201979
47121	220581
47121	220893
47121	234704
47121	238111
47121	238594
47121	267047
47121	272017
2653	265
2653	47121
2653	52600
2653	73085
2653	81508
2653	88180
2653	124875
2653	132695
2653	135307
2653	138699
2653	143947
2653	154292
2653	201979
2653	220581
2653	220893
2653	234704
2653	238111
2653	238594
2653	267047
2653	272017
266	11421
266	166976
166976	4765
166976	11421
166976	17153
166976	35693
166976	37170
166976	41695
166976	50986
166976	55516
166976	60033
166976	61334
166976	63657
166976	65297
166976	66517
166976	73088
166976	81504
166976	84148
166976	85606
166976	88602
166976	94708
166976	101545
166976	104099
166976	110469
166976	112796
166976	121328
166976	128166
166976	177199
166976	177576
166976	189263
166976	193409
166976	223798
166976	244329
166976	247474
166976	278689
11421	166976
267	34071
267	65150
65150	267
65150	41985
34071	267
34071	41985
34071	119654
34071	274534
268	6291
268	15600
268	67756
268	69358
268	149666
268	241454
149666	5846
149666	67756
149666	69358
149666	143733
149666	151871
149666	241454
6291	268
6291	31094
6291	67756
6291	69358
6291	241454
6291	275654
15600	268
15600	12914
15600	67756
15600	69358
15600	123086
15600	241454
269	6292
269	257068
257068	269
257068	260370
6292	269
6292	12913
270	77423
270	137943
270	192777
270	239005
270	257875
270	262588
257875	262588
262588	257875
239005	5321
239005	25575
239005	54859
239005	56457
239005	84422
239005	234981
239005	248689
239005	251999
239005	278601
192777	247461
137943	5321
137943	77423
77423	53379
77423	105245
77423	118726
77423	166209
77423	226411
271	50785
271	60210
271	76979
271	89073
271	93989
76979	271
76979	6287
76979	12910
76979	15604
76979	26285
76979	32104
76979	60210
76979	75840
76979	82534
76979	87544
76979	89073
76979	92021
76979	93989
76979	95652
76979	97939
76979	103157
76979	118663
76979	122130
76979	165023
272	20090
272	269082
269082	272
269082	250406
20090	272
20090	95651
273	275292
275292	273
275292	121332
275292	122438
275292	143441
274	69604
69604	2682
69604	37226
69604	55584
69604	87567
69604	106973
69604	119038
69604	128689
69604	194415
69604	249567
275	146034
275	187381
187381	275
187381	193549
146034	275
146034	161053
276	2260
276	19189
276	49524
276	59022
276	61152
276	72203
276	84523
276	89801
276	98387
276	120924
276	156017
276	179397
276	186902
276	205477
276	206924
276	227793
276	238197
227793	276
227793	2260
227793	19189
227793	49524
227793	59022
227793	61152
227793	72203
227793	84523
227793	89801
227793	98387
227793	120924
227793	156017
227793	179397
227793	186902
227793	205477
227793	206924
227793	238197
238197	276
238197	2260
238197	19189
238197	49524
238197	59022
238197	61152
238197	72203
238197	84523
238197	89801
238197	98387
238197	120924
238197	156017
238197	179397
238197	186902
238197	205477
238197	206924
238197	227793
179397	276
179397	2260
179397	19189
179397	49524
179397	59022
179397	61152
179397	72203
179397	84523
179397	89801
179397	98387
179397	120924
179397	156017
179397	186902
179397	205477
179397	206924
179397	227793
179397	238197
206924	276
206924	2260
206924	19189
206924	49524
206924	59022
206924	61152
206924	72203
206924	84523
206924	89801
206924	98387
206924	120924
206924	156017
206924	179397
206924	186902
206924	205477
206924	222125
206924	227793
206924	238197
206924	265362
156017	276
156017	1277
156017	2260
156017	9833
156017	13788
156017	19189
156017	26559
156017	30507
156017	34504
156017	44325
156017	49524
156017	54091
156017	59022
156017	61152
156017	66125
156017	72203
156017	84523
156017	89801
156017	98387
156017	102189
156017	112285
156017	120924
156017	125233
156017	140808
156017	146908
156017	147784
156017	147792
156017	156164
156017	163894
156017	171246
156017	179397
156017	181272
156017	182592
156017	186902
156017	190176
156017	203625
156017	205036
156017	205477
156017	206924
156017	208136
156017	209564
156017	211456
156017	215669
156017	227793
156017	238197
156017	238499
156017	249571
156017	256611
156017	264461
156017	275098
120924	276
120924	2260
120924	19189
120924	49524
120924	59022
120924	61152
120924	72203
120924	84523
120924	89801
120924	98387
120924	156017
120924	179397
120924	186902
120924	205477
120924	206924
120924	227793
120924	238197
72203	276
72203	2260
72203	19189
72203	21443
72203	28863
72203	42016
72203	49524
72203	59022
72203	61152
72203	81781
72203	84523
72203	89801
72203	98387
72203	103689
72203	120924
72203	156017
72203	179397
72203	182322
72203	183739
72203	186902
72203	197164
72203	205477
72203	205731
72203	206924
72203	223993
72203	225183
72203	227793
72203	228025
72203	229921
72203	238197
72203	261322
72203	265362
84523	276
84523	2260
84523	19189
84523	49524
84523	59022
84523	61152
84523	72203
84523	75059
84523	89801
84523	98387
84523	120924
84523	148662
84523	156017
84523	179397
84523	186902
84523	205477
84523	206924
84523	227793
84523	238197
89801	276
89801	2260
89801	19189
89801	49524
89801	59022
89801	61152
89801	72203
89801	84523
89801	98387
89801	120924
89801	156017
89801	179397
89801	186902
89801	205477
89801	206924
89801	227793
89801	238197
59022	276
59022	2260
59022	19189
59022	49524
59022	61152
59022	72203
59022	84523
59022	89801
59022	98387
59022	120924
59022	130255
59022	156017
59022	179397
59022	183739
59022	186902
59022	197164
59022	202681
59022	205477
59022	206596
59022	206924
59022	227793
59022	238197
61152	276
61152	2260
61152	19189
61152	49524
61152	59022
61152	72203
61152	84523
61152	89801
61152	98387
61152	120924
61152	156017
61152	179397
61152	186902
61152	205477
61152	206924
61152	227793
61152	238197
49524	276
49524	2260
49524	19189
49524	59022
49524	61152
49524	72203
49524	84523
49524	89801
49524	98387
49524	120924
49524	156017
49524	179397
49524	186902
49524	205477
49524	206924
49524	227793
49524	238197
277	6314
277	7432
277	31117
277	59467
277	237189
277	249989
249989	7432
249989	37334
249989	43609
249989	70600
249989	95227
249989	128210
249989	145505
249989	160831
249989	226411
249989	258327
249989	280810
237189	277
237189	6314
237189	7432
237189	12901
237189	15580
237189	20059
237189	26273
237189	31117
237189	57266
237189	59467
237189	92044
237189	97914
237189	103144
237189	249989
59467	277
59467	7432
59467	31117
59467	57266
59467	237189
59467	249989
7432	8083
7432	21459
7432	25000
7432	44799
7432	50132
7432	63306
7432	98224
7432	113706
7432	131572
7432	161439
7432	189852
7432	208557
7432	226541
7432	242262
7432	268559
7432	271099
31117	7432
31117	20059
31117	237189
31117	249989
6314	277
6314	7432
6314	12901
6314	31117
6314	237189
6314	249989
278	8753
278	84891
278	105261
278	146909
278	192197
278	218888
218888	192197
218888	236109
192197	8405
146909	8753
84891	149002
84891	166150
84891	192197
105261	56110
8753	208113
279	6173
279	6264
279	17781
279	38608
279	50789
279	62478
279	77999
279	85449
279	96745
279	101717
279	104505
279	118264
279	120708
279	122593
279	131789
279	137632
279	139713
279	146325
279	155108
279	159046
279	169822
279	175934
279	176790
279	181701
279	183004
279	208132
279	212421
279	221087
279	247241
279	250833
279	259455
279	259697
279	272528
250833	3242
250833	6173
250833	6264
250833	17781
250833	38061
250833	38608
250833	62478
250833	77999
250833	85449
250833	96745
250833	101717
250833	104505
250833	120708
250833	122593
250833	131789
250833	137632
250833	146325
250833	150814
250833	159046
250833	169822
250833	175934
250833	176790
250833	176805
250833	181701
250833	183004
250833	208132
250833	212421
250833	221087
250833	229149
250833	229992
250833	247241
250833	259455
250833	259697
250833	280287
272528	7192
272528	17781
272528	17884
272528	26560
272528	50789
272528	56821
272528	61646
272528	62478
272528	64889
272528	77999
272528	78013
272528	96745
272528	98094
272528	101084
272528	111076
272528	120708
272528	130633
272528	137632
272528	149675
272528	176790
272528	181701
272528	182190
272528	183004
272528	186402
272528	200844
272528	221087
272528	225703
272528	230254
272528	238717
272528	247241
272528	259455
272528	277232
259697	6264
259697	17781
259697	43509
259697	62478
259697	77999
259697	85449
259697	96745
259697	100629
259697	101717
259697	120708
259697	122593
259697	134413
259697	137632
259697	159046
259697	176790
259697	181701
259697	183004
259697	221087
259697	247241
259697	259455
212421	6173
212421	6264
212421	17781
212421	38608
212421	62478
212421	77999
212421	85449
212421	91766
212421	91857
212421	96745
212421	101717
212421	101940
212421	104505
212421	120708
212421	122593
212421	131789
212421	137632
212421	146325
212421	159046
212421	168318
212421	169822
212421	175934
212421	176790
212421	177782
212421	181701
212421	183004
212421	208132
212421	221087
212421	228945
212421	236896
212421	247241
212421	250833
212421	259455
212421	259697
208132	6173
208132	6264
208132	17781
208132	38608
208132	47119
208132	57583
208132	62478
208132	76288
208132	77999
208132	85449
208132	96745
208132	101717
208132	104505
208132	120708
208132	122593
208132	131789
208132	137632
208132	146325
208132	159046
208132	169822
208132	173518
208132	175934
208132	176790
208132	181701
208132	183004
208132	212421
208132	215424
208132	221087
208132	227270
208132	231062
208132	247241
208132	250833
208132	259455
208132	259697
146325	6173
146325	6264
146325	17781
146325	38608
146325	53583
146325	62478
146325	72626
146325	77999
146325	85449
146325	96745
146325	101717
146325	104505
146325	120708
146325	122593
146325	131789
146325	137632
146325	159046
146325	169822
146325	175934
146325	176790
146325	181701
146325	183004
146325	208132
146325	212421
146325	221087
146325	247241
146325	250833
146325	259455
146325	259697
175934	6173
175934	6264
175934	17781
175934	17887
175934	38608
175934	58726
175934	62478
175934	75069
175934	77999
175934	85449
175934	96745
175934	101717
175934	104505
175934	119526
175934	120708
175934	122593
175934	131789
175934	137632
175934	146325
175934	146443
175934	159046
175934	169822
175934	176790
175934	181701
175934	183004
175934	186402
175934	208132
175934	212421
175934	221087
175934	247241
175934	250833
175934	259455
175934	259697
175934	274149
169822	6173
169822	6264
169822	17781
169822	17887
169822	21098
169822	38608
169822	62478
169822	77999
169822	85449
169822	96745
169822	101717
169822	104505
169822	108654
169822	119526
169822	120708
169822	122593
169822	131789
169822	137632
169822	146325
169822	146443
169822	159046
169822	175934
169822	176790
169822	181701
169822	183004
169822	186402
169822	208132
169822	212421
169822	221087
169822	247241
169822	250833
169822	259455
169822	259697
169822	274149
155108	10753
155108	17781
155108	34801
155108	46772
155108	47119
155108	50789
155108	51196
155108	62478
155108	71920
155108	77999
155108	96745
155108	101084
155108	120708
155108	130633
155108	137632
155108	176790
155108	181701
155108	183004
155108	193054
155108	221087
155108	230254
155108	231062
155108	234129
155108	247241
155108	259455
155108	272528
159046	279
159046	6173
159046	6264
159046	17781
159046	38608
159046	62478
159046	77999
159046	85449
159046	96745
159046	101717
159046	104505
159046	120708
159046	122593
159046	131789
159046	137210
159046	137632
159046	146325
159046	169822
159046	175934
159046	176790
159046	181701
159046	183004
159046	208132
159046	212421
159046	221087
159046	235988
159046	239991
159046	247241
159046	250833
159046	259455
159046	259697
131789	6173
131789	6264
131789	17781
131789	17887
131789	38608
131789	62478
131789	62991
131789	77999
131789	79775
131789	85449
131789	96745
131789	101717
131789	104505
131789	119526
131789	120708
131789	122593
131789	137632
131789	146325
131789	146443
131789	159046
131789	169822
131789	175934
131789	176790
131789	181701
131789	183004
131789	186402
131789	208132
131789	212421
131789	221087
131789	247241
131789	250833
131789	259455
131789	259697
131789	274149
139713	3242
139713	17781
139713	20167
139713	35599
139713	43331
139713	50789
139713	51196
139713	55004
139713	62478
139713	77999
139713	96745
139713	101084
139713	120708
139713	133619
139713	137632
139713	155108
139713	166836
139713	173518
139713	176790
139713	181701
139713	183004
139713	190749
139713	215424
139713	221087
139713	230254
139713	247241
139713	259455
139713	260959
139713	272528
118264	13557
118264	17781
118264	25829
118264	31364
118264	50789
118264	51196
118264	59137
118264	62478
118264	72928
118264	77999
118264	81530
118264	91488
118264	93512
118264	96745
118264	120708
118264	131501
118264	135742
118264	137632
118264	139713
118264	150814
118264	151807
118264	155108
118264	176790
118264	181701
118264	183004
118264	187353
118264	221087
118264	230254
118264	247241
118264	259455
118264	266591
118264	269365
118264	272528
122593	6264
122593	17781
122593	62478
122593	77999
122593	85449
122593	96745
122593	101717
122593	120708
122593	137632
122593	159046
122593	176790
122593	181701
122593	183004
122593	221087
122593	247241
122593	259455
122593	259697
104505	6173
104505	6264
104505	17781
104505	38608
104505	50789
104505	62478
104505	77999
104505	85449
104505	96745
104505	101717
104505	118264
104505	120708
104505	122593
104505	131789
104505	137632
104505	139713
104505	146325
104505	155108
104505	158337
104505	159046
104505	169822
104505	175934
104505	176790
104505	181701
104505	183004
104505	208132
104505	212421
104505	221087
104505	247241
104505	250833
104505	259455
104505	259697
104505	272528
104505	280463
101717	6264
101717	17781
101717	62478
101717	77999
101717	85449
101717	96745
101717	120708
101717	122593
101717	137632
101717	159046
101717	176790
101717	181701
101717	183004
101717	221087
101717	247241
101717	259455
101717	259697
85449	6264
85449	8068
85449	17781
85449	23839
85449	61144
85449	62478
85449	77999
85449	82909
85449	96745
85449	99274
85449	101717
85449	116835
85449	120708
85449	122593
85449	137632
85449	152242
85449	159046
85449	176790
85449	177608
85449	181701
85449	183004
85449	185944
85449	197947
85449	216442
85449	221087
85449	234050
85449	247241
85449	259455
85449	259697
85449	261469
85449	271326
85449	281494
38608	6173
38608	6264
38608	17781
38608	17887
38608	29433
38608	62478
38608	77999
38608	85449
38608	96745
38608	101717
38608	104505
38608	119093
38608	119526
38608	120708
38608	122593
38608	131789
38608	137632
38608	146325
38608	146443
38608	159046
38608	169822
38608	175934
38608	176790
38608	181701
38608	183004
38608	186402
38608	208132
38608	212421
38608	221087
38608	247241
38608	250833
38608	259455
38608	259697
38608	274149
50789	17781
50789	47258
50789	62478
50789	77999
50789	89777
50789	96745
50789	120708
50789	137632
50789	176790
50789	178786
50789	181701
50789	183004
50789	210162
50789	221087
50789	233602
50789	247241
50789	247956
50789	259455
50789	272961
6173	3242
6173	6264
6173	17781
6173	38061
6173	38608
6173	62478
6173	68182
6173	77999
6173	84536
6173	85449
6173	96745
6173	101717
6173	104505
6173	120708
6173	122593
6173	131789
6173	137632
6173	146325
6173	150814
6173	159046
6173	169822
6173	175934
6173	176790
6173	181701
6173	183004
6173	208132
6173	212421
6173	221087
6173	229149
6173	247241
6173	250833
6173	259455
6173	259697
6173	280287
6264	6173
6264	8068
6264	17781
6264	31364
6264	38608
6264	43509
6264	50957
6264	61144
6264	62478
6264	77999
6264	85449
6264	96745
6264	99274
6264	100629
6264	101717
6264	116835
6264	120708
6264	122593
6264	131789
6264	134413
6264	137632
6264	159046
6264	169822
6264	175934
6264	176790
6264	177608
6264	181701
6264	183004
6264	208132
6264	212421
6264	221087
6264	234050
6264	247241
6264	250833
6264	259455
6264	259697
6264	271326
6264	281494
281	6309
281	215159
215159	281
215159	33906
6309	281
6309	72029
282	6310
282	15583
6310	282
6310	57275
15583	282
15583	12900
283	17781
283	39375
283	58627
283	62478
283	77999
283	96745
283	118731
283	120708
283	137632
283	146948
283	176790
283	181701
283	183004
283	221087
283	247241
283	259455
283	280210
280210	283
280210	6889
280210	17781
280210	39375
280210	58627
280210	62478
280210	77999
280210	96745
280210	98275
280210	118731
280210	120708
280210	137632
280210	146948
280210	147449
280210	176790
280210	181701
280210	183004
280210	221087
280210	241118
280210	247241
280210	259455
146948	283
146948	17781
146948	39375
146948	58627
146948	62478
146948	77999
146948	96745
146948	118731
146948	120708
146948	137632
146948	176790
146948	181701
146948	183004
146948	221087
146948	247241
146948	259455
146948	280210
118731	283
118731	6889
118731	17781
118731	39375
118731	50957
118731	58627
118731	62478
118731	77999
118731	96745
118731	98275
118731	120708
118731	137632
118731	146948
118731	147449
118731	176790
118731	181701
118731	183004
118731	221087
118731	241118
118731	247241
118731	259455
118731	280210
58627	283
58627	17781
58627	39375
58627	62478
58627	77999
58627	96745
58627	118731
58627	120708
58627	137632
58627	146948
58627	176790
58627	181701
58627	183004
58627	221087
58627	247241
58627	259455
58627	280210
39375	283
39375	17781
39375	58627
39375	62478
39375	77999
39375	96745
39375	118731
39375	120708
39375	137632
39375	146948
39375	176790
39375	181701
39375	183004
39375	221087
39375	247241
39375	259455
39375	280210
284	8261
284	38783
284	72193
284	92583
284	103031
284	125372
284	175106
284	183865
284	204562
284	210403
284	216433
284	219782
284	226411
284	243109
284	256298
284	265428
285	162292
162292	50337
162292	69256
162292	73499
162292	110672
162292	116661
162292	177168
162292	201063
162292	212698
162292	226411
162292	240186
162292	263287
162292	276437
286	20748
286	191979
191979	11565
191979	89974
191979	100932
191979	107016
191979	125712
191979	239876
191979	259652
191979	275046
20748	7016
20748	27914
20748	101011
20748	152944
20748	184595
20748	191979
20748	226411
287	3559
287	6304
287	28606
287	67503
287	134375
287	170452
287	218774
218774	287
218774	3559
218774	6304
218774	12893
218774	15586
218774	20075
218774	28606
218774	31124
218774	67503
218774	134375
218774	170452
218774	198683
3559	15586
3559	67503
3559	134375
3559	170452
3559	218774
6304	287
6304	3559
6304	12893
6304	67503
6304	134375
6304	170452
6304	218774
28606	287
28606	3559
28606	31124
28606	67503
28606	134375
28606	170452
28606	218774
288	12797
288	49525
288	66249
288	91242
288	186750
288	223018
288	225872
288	268837
268837	7190
268837	61577
268837	69106
268837	84088
268837	128184
268837	146191
268837	186750
268837	225872
223018	89756
223018	160219
223018	186582
223018	186750
223018	225872
223018	241986
223018	249581
223018	250726
91242	2590
91242	64492
91242	80461
91242	124578
91242	129470
91242	186750
91242	218498
91242	225872
49525	92115
49525	164930
49525	186750
49525	191161
49525	225872
49525	245556
49525	247482
49525	254359
66249	125435
66249	143862
66249	186750
66249	204974
66249	213429
66249	220879
66249	225872
66249	265346
12797	2087
12797	149682
12797	186750
12797	196377
12797	210669
12797	225572
12797	225872
12797	269993
289	86256
289	121556
289	148764
289	168819
289	177490
289	200280
289	244126
289	252192
252192	86256
252192	244126
244126	13477
244126	29009
244126	86256
244126	168819
244126	179283
244126	252192
200280	289
200280	56432
200280	86256
200280	102477
200280	168819
200280	244126
200280	245576
200280	252192
177490	289
177490	86256
177490	102477
177490	220027
177490	244126
177490	252192
148764	289
148764	10375
148764	72019
148764	86256
148764	168819
148764	220027
148764	244126
148764	252192
168819	289
168819	1151
168819	14107
168819	30570
168819	45240
168819	49381
168819	56980
168819	67623
168819	68839
168819	72019
168819	72604
168819	86256
168819	89256
168819	105557
168819	113816
168819	115387
168819	121261
168819	131251
168819	148106
168819	148764
168819	149433
168819	153994
168819	174280
168819	182569
168819	189259
168819	190010
168819	193301
168819	200244
168819	200280
168819	200292
168819	201385
168819	209386
168819	213888
168819	213944
168819	220792
168819	224780
168819	233643
168819	237549
168819	238187
168819	238697
168819	244126
168819	245576
168819	247073
168819	248196
168819	252192
168819	253637
168819	255261
168819	263264
168819	271735
168819	276733
121556	86256
121556	244126
121556	252192
86256	9479
86256	135204
86256	207086
86256	233603
86256	244126
86256	252192
290	82997
290	201903
290	252583
290	272928
272928	82997
272928	201903
272928	252583
272928	266638
252583	60665
252583	82997
252583	92557
252583	102309
252583	201903
252583	225866
252583	279982
252583	281075
201903	82997
201903	252583
82997	201903
82997	252583
291	6301
291	15592
291	89073
291	134832
291	231363
6301	291
6301	89073
6301	122146
6301	134832
6301	231363
15592	291
15592	12888
15592	89073
15592	134832
15592	231363
292	226411
293	245674
293	270401
270401	293
270401	277678
245674	293
245674	181643
294	2112
294	8261
294	38032
294	62645
294	68632
294	89669
294	166057
294	183865
294	204562
294	226411
294	243109
294	251493
294	263771
294	265428
251493	2112
251493	8261
251493	38032
251493	39038
251493	62645
251493	68632
251493	89669
251493	108530
251493	166057
251493	178267
251493	183865
251493	204562
251493	226411
251493	243109
251493	263771
251493	265428
89669	2112
89669	7138
89669	38032
89669	52035
89669	75163
89669	98924
89669	132639
89669	169916
89669	203676
89669	241450
89669	251493
89669	270865
89669	273461
62645	186756
38032	294
38032	2112
38032	8261
38032	9902
38032	12066
38032	13653
38032	15893
38032	20306
38032	21472
38032	29032
38032	38994
38032	46308
38032	51163
38032	52343
38032	53498
38032	60648
38032	62645
38032	63073
38032	68632
38032	71941
38032	78992
38032	80019
38032	82243
38032	85032
38032	87279
38032	89669
38032	90619
38032	100841
38032	108571
38032	118717
38032	121470
38032	124827
38032	130791
38032	130976
38032	132812
38032	144169
38032	154228
38032	157169
38032	160477
38032	166057
38032	168506
38032	175998
38032	178193
38032	182833
38032	183769
38032	183865
38032	185172
38032	186001
38032	191141
38032	196538
38032	201306
38032	204562
38032	206652
38032	215382
38032	222830
38032	226411
38032	228766
38032	229828
38032	239497
38032	241745
38032	243109
38032	245181
38032	247448
38032	251493
38032	254912
38032	257126
38032	260901
38032	263771
38032	265428
38032	268528
38032	275912
68632	98437
2112	8261
2112	38032
2112	62645
2112	68632
2112	89669
2112	166057
2112	183865
2112	203676
2112	204562
2112	226411
2112	243109
2112	251493
2112	263771
2112	265428
295	8025
295	9168
295	24304
295	27876
295	48480
295	48490
295	54498
295	59066
295	63405
295	64749
295	66393
295	71101
295	87614
295	104029
295	110484
295	120184
295	126672
295	132191
295	145076
295	149042
295	150148
295	165672
295	181309
295	189075
295	205571
295	208017
295	211376
295	211729
295	227752
295	230413
295	250494
295	260475
295	263428
295	267607
295	279384
260475	8025
260475	9168
260475	24304
260475	27876
260475	48480
260475	48490
260475	54498
260475	59066
260475	64749
260475	71101
260475	87614
260475	104029
260475	110484
260475	120184
260475	126672
260475	132191
260475	145076
260475	149042
260475	150148
260475	165672
260475	181309
260475	189075
260475	205571
260475	211376
260475	227752
260475	230413
260475	250494
260475	267607
260475	279384
250494	8025
250494	9168
250494	24304
250494	27876
250494	48480
250494	48490
250494	54498
250494	59066
250494	64749
250494	71101
250494	84905
250494	87614
250494	104029
250494	110484
250494	120184
250494	126672
250494	132191
250494	145076
250494	149042
250494	150148
250494	165672
250494	181309
250494	189075
250494	203094
250494	205571
250494	211376
250494	227752
250494	230413
250494	260475
250494	261745
250494	267607
250494	279384
279384	8025
279384	9168
279384	24304
279384	27876
279384	48480
279384	48490
279384	54498
279384	59066
279384	64749
279384	71101
279384	71129
279384	87614
279384	100809
279384	104029
279384	110484
279384	120184
279384	126672
279384	132191
279384	136385
279384	145076
279384	149042
279384	150148
279384	165672
279384	179319
279384	181309
279384	189075
279384	195832
279384	205571
279384	211376
279384	227752
279384	230413
279384	233308
279384	250494
279384	260475
279384	267607
267607	8025
267607	9168
267607	24304
267607	27876
267607	48480
267607	48490
267607	54498
267607	56379
267607	59066
267607	64147
267607	64749
267607	68214
267607	71101
267607	84228
267607	87614
267607	88540
267607	93974
267607	94380
267607	104029
267607	110484
267607	120184
267607	126672
267607	130075
267607	130986
267607	132191
267607	145076
267607	149042
267607	150148
267607	160812
267607	165672
267607	168660
267607	172824
267607	181309
267607	185664
267607	189075
267607	192884
267607	201563
267607	201616
267607	205571
267607	211376
267607	227752
267607	230413
267607	232483
267607	245970
267607	250494
267607	251135
267607	260475
267607	279384
263428	295
263428	8025
263428	9168
263428	24304
263428	27876
263428	48480
263428	48490
263428	54498
263428	59066
263428	64749
263428	66393
263428	71101
263428	87614
263428	104029
263428	110484
263428	120184
263428	126672
263428	132191
263428	145076
263428	149042
263428	150148
263428	165672
263428	165825
263428	181309
263428	189075
263428	205571
263428	208017
263428	211376
263428	227752
263428	230413
263428	250494
263428	255886
263428	260475
263428	267607
263428	279384
211376	8025
211376	9168
211376	24304
211376	27876
211376	45265
211376	48480
211376	48490
211376	54498
211376	59066
211376	64749
211376	71101
211376	87273
211376	87614
211376	104029
211376	110484
211376	120184
211376	126672
211376	132191
211376	145076
211376	149042
211376	150148
211376	165672
211376	181309
211376	189075
211376	196005
211376	201499
211376	205571
211376	227752
211376	230413
211376	250494
211376	260475
211376	267607
211376	279384
227752	8025
227752	9168
227752	21983
227752	24304
227752	27876
227752	41791
227752	42909
227752	43932
227752	48480
227752	48490
227752	54498
227752	59066
227752	64749
227752	71101
227752	85954
227752	87614
227752	104029
227752	109986
227752	110484
227752	120184
227752	126672
227752	132191
227752	145076
227752	149042
227752	150148
227752	165672
227752	181309
227752	189075
227752	189542
227752	205571
227752	211376
227752	230413
227752	250494
227752	260475
227752	262764
227752	267607
227752	269795
227752	278479
227752	278685
227752	279384
230413	3020
230413	8025
230413	9168
230413	12504
230413	19064
230413	24304
230413	27876
230413	31813
230413	33227
230413	33234
230413	46716
230413	47105
230413	48480
230413	48490
230413	54498
230413	57756
230413	59066
230413	64749
230413	71101
230413	72424
230413	73464
230413	73492
230413	82335
230413	87614
230413	104029
230413	110484
230413	113592
230413	120184
230413	126672
230413	132191
230413	141051
230413	145076
230413	149042
230413	149055
230413	150148
230413	151411
230413	165672
230413	173887
230413	181309
230413	187766
230413	189075
230413	193447
230413	193892
230413	205530
230413	205571
230413	211376
230413	219852
230413	227752
230413	235559
230413	250494
230413	254742
230413	260475
230413	267231
230413	267406
230413	267607
230413	279384
230413	280931
211729	295
211729	8025
211729	9168
211729	24304
211729	27876
211729	48480
211729	48490
211729	54498
211729	59066
211729	64749
211729	71101
211729	87614
211729	104029
211729	110484
211729	120184
211729	126672
211729	132191
211729	145076
211729	149042
211729	150148
211729	155275
211729	165672
211729	181309
211729	189075
211729	205571
211729	211376
211729	227752
211729	230413
211729	250494
211729	258911
211729	260475
211729	267607
211729	279384
205571	8025
205571	9168
205571	24304
205571	27876
205571	48480
205571	48490
205571	54498
205571	59066
205571	64749
205571	71101
205571	87614
205571	104029
205571	110484
205571	120184
205571	126672
205571	132191
205571	145076
205571	149042
205571	150148
205571	165672
205571	181309
205571	183903
205571	187436
205571	189075
205571	211376
205571	227752
205571	230413
205571	250494
205571	260475
205571	267607
205571	279384
181309	8025
181309	9168
181309	24304
181309	27876
181309	48480
181309	48490
181309	54498
181309	59066
181309	64749
181309	71101
181309	87614
181309	103879
181309	104029
181309	110484
181309	116920
181309	120184
181309	126672
181309	132191
181309	145076
181309	149042
181309	150148
181309	165672
181309	189075
181309	205571
181309	211308
181309	211376
181309	227752
181309	230413
181309	237996
181309	250494
181309	251795
181309	260475
181309	267607
181309	279384
189075	8025
189075	9168
189075	24304
189075	27876
189075	42369
189075	48480
189075	48490
189075	54498
189075	59066
189075	64749
189075	71101
189075	86555
189075	87614
189075	104029
189075	110484
189075	113313
189075	120184
189075	126672
189075	132191
189075	145076
189075	149042
189075	150148
189075	159659
189075	165672
189075	165825
189075	173063
189075	176675
189075	181309
189075	186239
189075	205571
189075	208017
189075	211376
189075	227752
189075	230413
189075	250494
189075	252254
189075	252625
189075	255886
189075	260475
189075	263428
189075	267607
189075	269454
189075	275619
189075	276356
189075	279384
208017	295
208017	8025
208017	9168
208017	24304
208017	27876
208017	48480
208017	48490
208017	54498
208017	59066
208017	64749
208017	66393
208017	71101
208017	87614
208017	104029
208017	110484
208017	120184
208017	126672
208017	132191
208017	145076
208017	149042
208017	150148
208017	165672
208017	181309
208017	189075
208017	205571
208017	211376
208017	227752
208017	230413
208017	250494
208017	260475
208017	263428
208017	267607
208017	275619
208017	276356
208017	279384
165672	3002
165672	8025
165672	8120
165672	9168
165672	13139
165672	16150
165672	18448
165672	24304
165672	26501
165672	27000
165672	27876
165672	28626
165672	36483
165672	46251
165672	48480
165672	48490
165672	49495
165672	52106
165672	54498
165672	55909
165672	59066
165672	64749
165672	71101
165672	81208
165672	87614
165672	104029
165672	109910
165672	109988
165672	110484
165672	120184
165672	126306
165672	126672
165672	130933
165672	132191
165672	132765
165672	132998
165672	135011
165672	135732
165672	145076
165672	145146
165672	149042
165672	150148
165672	166633
165672	181309
165672	188507
165672	189075
165672	189642
165672	196400
165672	199527
165672	203832
165672	205571
165672	211376
165672	227752
165672	230413
165672	233427
165672	238612
165672	250044
165672	250494
165672	260475
165672	267607
165672	267704
165672	273628
165672	279384
150148	1437
150148	8025
150148	9168
150148	24304
150148	27876
150148	48480
150148	48490
150148	54498
150148	59066
150148	64749
150148	71101
150148	79989
150148	85814
150148	87614
150148	104029
150148	110484
150148	120184
150148	126010
150148	126672
150148	132191
150148	145076
150148	149042
150148	163146
150148	165221
150148	165672
150148	172914
150148	181309
150148	189075
150148	192866
150148	205571
150148	211376
150148	227752
150148	230413
150148	239494
150148	248059
150148	250494
150148	257982
150148	260475
150148	267607
150148	279384
149042	8025
149042	9168
149042	17911
149042	24304
149042	26209
149042	27876
149042	34973
149042	37689
149042	48480
149042	48490
149042	49230
149042	54498
149042	59066
149042	64749
149042	66083
149042	66393
149042	71101
149042	73536
149042	80804
149042	87614
149042	104029
149042	110484
149042	111196
149042	116815
149042	120184
149042	126672
149042	127423
149042	132191
149042	145076
149042	149222
149042	150148
149042	153553
149042	154390
149042	155275
149042	155337
149042	161001
149042	165672
149042	181309
149042	189075
149042	197537
149042	205571
149042	207944
149042	211376
149042	224731
149042	227752
149042	230413
149042	243806
149042	250494
149042	260475
149042	265399
149042	267607
149042	279384
145076	8025
145076	9168
145076	17943
145076	24304
145076	27876
145076	48480
145076	48490
145076	54498
145076	59066
145076	64096
145076	64749
145076	71101
145076	79648
145076	87614
145076	90480
145076	104029
145076	110484
145076	120184
145076	126672
145076	132191
145076	148838
145076	149042
145076	150148
145076	165672
145076	172815
145076	172914
145076	181309
145076	187766
145076	189075
145076	205571
145076	211376
145076	227752
145076	230413
145076	250494
145076	260475
145076	262764
145076	267607
145076	279384
126672	8025
126672	9168
126672	24304
126672	27824
126672	27876
126672	32288
126672	48480
126672	48490
126672	54498
126672	55367
126672	59066
126672	64749
126672	71101
126672	83338
126672	87614
126672	94611
126672	101589
126672	104029
126672	108669
126672	110484
126672	120184
126672	132191
126672	145076
126672	149042
126672	150148
126672	156744
126672	162702
126672	165672
126672	172815
126672	181309
126672	189075
126672	199618
126672	205571
126672	211376
126672	224734
126672	227110
126672	227752
126672	230413
126672	250494
126672	253093
126672	260475
126672	267607
126672	279384
126672	279724
120184	8025
120184	9168
120184	15316
120184	16345
120184	17943
120184	24304
120184	25262
120184	27876
120184	48480
120184	48490
120184	54498
120184	57496
120184	59066
120184	64749
120184	71101
120184	87614
120184	88895
120184	90942
120184	104029
120184	110484
120184	126672
120184	127593
120184	132191
120184	145076
120184	149042
120184	150148
120184	161260
120184	165672
120184	165687
120184	167799
120184	181309
120184	189075
120184	205571
120184	211376
120184	214548
120184	227752
120184	230413
120184	250494
120184	260475
120184	263149
120184	265302
120184	267607
120184	279384
110484	8025
110484	9168
110484	24304
110484	27876
110484	48480
110484	48490
110484	54498
110484	59066
110484	64749
110484	71101
110484	87614
110484	94857
110484	104029
110484	116459
110484	120184
110484	125368
110484	126672
110484	132191
110484	134134
110484	141990
110484	142942
110484	145076
110484	149042
110484	150148
110484	156704
110484	165672
110484	173026
110484	179383
110484	181309
110484	189075
110484	198767
110484	205571
110484	211376
110484	218339
110484	220968
110484	227752
110484	230413
110484	250494
110484	260475
110484	267607
110484	279384
132191	8025
132191	9168
132191	24304
132191	27876
132191	35161
132191	48480
132191	48490
132191	54498
132191	59066
132191	64749
132191	71101
132191	87614
132191	104029
132191	110484
132191	120184
132191	126672
132191	145076
132191	149042
132191	150148
132191	165672
132191	181309
132191	189075
132191	205571
132191	211376
132191	227752
132191	230413
132191	250494
132191	260475
132191	267607
132191	279384
104029	687
104029	2354
104029	8025
104029	9168
104029	13507
104029	16400
104029	24304
104029	24961
104029	27876
104029	48480
104029	48490
104029	54498
104029	59066
104029	64749
104029	67368
104029	71101
104029	87614
104029	110484
104029	120184
104029	126672
104029	128989
104029	132191
104029	145076
104029	149042
104029	150148
104029	151659
104029	156087
104029	160692
104029	165672
104029	180628
104029	181309
104029	189075
104029	192198
104029	192875
104029	205571
104029	211376
104029	227752
104029	230413
104029	231051
104029	250494
104029	259513
104029	260475
104029	267607
104029	275206
104029	279384
71101	8025
71101	9168
71101	24304
71101	27876
71101	46140
71101	48480
71101	48490
71101	54498
71101	59066
71101	64749
71101	74623
71101	87614
71101	104029
71101	110484
71101	120184
71101	126672
71101	132191
71101	145076
71101	149042
71101	150148
71101	165672
71101	181309
71101	189075
71101	205571
71101	211376
71101	222814
71101	227752
71101	230413
71101	250494
71101	260475
71101	267607
71101	279384
87614	6797
87614	8025
87614	8479
87614	9168
87614	14521
87614	15424
87614	24304
87614	27876
87614	31230
87614	41027
87614	48480
87614	48490
87614	54498
87614	59066
87614	64749
87614	71101
87614	79648
87614	91608
87614	104029
87614	110484
87614	114487
87614	117997
87614	120184
87614	125771
87614	126672
87614	132191
87614	145076
87614	148838
87614	149042
87614	150148
87614	150192
87614	165672
87614	173800
87614	181309
87614	189075
87614	205571
87614	211376
87614	211634
87614	227752
87614	230413
87614	244084
87614	248257
87614	250494
87614	260475
87614	267607
87614	279384
48480	8001
48480	8025
48480	9168
48480	24304
48480	27876
48480	48490
48480	54498
48480	59066
48480	64749
48480	71101
48480	87614
48480	104029
48480	110484
48480	120184
48480	126672
48480	131567
48480	132191
48480	145076
48480	149042
48480	150148
48480	165672
48480	181309
48480	189075
48480	205571
48480	211376
48480	219873
48480	227752
48480	230413
48480	250494
48480	260475
48480	267607
48480	279384
59066	8025
59066	9168
59066	18534
59066	24304
59066	27876
59066	48480
59066	48490
59066	54348
59066	54498
59066	64749
59066	66244
59066	71101
59066	73844
59066	77648
59066	87614
59066	88498
59066	104029
59066	110484
59066	120184
59066	126672
59066	132191
59066	145076
59066	149042
59066	150148
59066	157845
59066	165672
59066	176793
59066	181309
59066	189075
59066	189261
59066	192527
59066	204201
59066	205571
59066	206943
59066	209303
59066	211376
59066	227752
59066	230413
59066	242979
59066	250494
59066	260475
59066	267607
59066	271479
59066	279384
66393	295
66393	8025
66393	9168
66393	17911
66393	24304
66393	27876
66393	48480
66393	48490
66393	54498
66393	59066
66393	64749
66393	71101
66393	87614
66393	104029
66393	110484
66393	120184
66393	126672
66393	132191
66393	145076
66393	149042
66393	150148
66393	165672
66393	181309
66393	189075
66393	205571
66393	208017
66393	211376
66393	227752
66393	230413
66393	250494
66393	260475
66393	263428
66393	267607
66393	279384
63405	295
63405	8025
63405	9168
63405	24304
63405	27876
63405	48480
63405	48490
63405	54498
63405	59066
63405	64749
63405	71101
63405	84927
63405	87614
63405	104029
63405	110484
63405	120184
63405	126672
63405	131567
63405	132191
63405	145076
63405	149042
63405	150148
63405	165672
63405	181309
63405	189075
63405	205571
63405	211376
63405	227752
63405	230413
63405	250494
63405	260475
63405	267607
63405	279384
64749	295
64749	2871
64749	7930
64749	8025
64749	9168
64749	9700
64749	24304
64749	27876
64749	44258
64749	48480
64749	48490
64749	50800
64749	54498
64749	59066
64749	63405
64749	71101
64749	83279
64749	83529
64749	84927
64749	86936
64749	87614
64749	88957
64749	90480
64749	95646
64749	100017
64749	104029
64749	110484
64749	113740
64749	120184
64749	126672
64749	132191
64749	145076
64749	146685
64749	149042
64749	150148
64749	159834
64749	165672
64749	181309
64749	184539
64749	185624
64749	189075
64749	196232
64749	196931
64749	202163
64749	205571
64749	206961
64749	207760
64749	211376
64749	211729
64749	225297
64749	227752
64749	230413
64749	235390
64749	241239
64749	242025
64749	250494
64749	252739
64749	258911
64749	260475
64749	266483
64749	267607
64749	269255
64749	279384
54498	7930
54498	8025
54498	9168
54498	24304
54498	27876
54498	48480
54498	48490
54498	50800
54498	59066
54498	64749
54498	71101
54498	87614
54498	104029
54498	110484
54498	120184
54498	126672
54498	132191
54498	145076
54498	149042
54498	150148
54498	165672
54498	168660
54498	181309
54498	187766
54498	189075
54498	205571
54498	205577
54498	211376
54498	227752
54498	230413
54498	235559
54498	248359
54498	250494
54498	260475
54498	267607
54498	279384
48490	8025
48490	9168
48490	24304
48490	27876
48490	48480
48490	54498
48490	59066
48490	64749
48490	71101
48490	87614
48490	104029
48490	110484
48490	120184
48490	126672
48490	132191
48490	145076
48490	149042
48490	150148
48490	165672
48490	181309
48490	189075
48490	205571
48490	211376
48490	227752
48490	230413
48490	250494
48490	260475
48490	267607
48490	279384
9168	8025
9168	24304
9168	27876
9168	48480
9168	48490
9168	54498
9168	59066
9168	64096
9168	64749
9168	71101
9168	87614
9168	104029
9168	110484
9168	120184
9168	126672
9168	132191
9168	145076
9168	149042
9168	150148
9168	165672
9168	179496
9168	181309
9168	189075
9168	205571
9168	211376
9168	227752
9168	230413
9168	250494
9168	260475
9168	267607
9168	279384
8025	4835
8025	9168
8025	24304
8025	25550
8025	27876
8025	48480
8025	48490
8025	54498
8025	59066
8025	64696
8025	64749
8025	71101
8025	79985
8025	87614
8025	104029
8025	110484
8025	120184
8025	121749
8025	126672
8025	132191
8025	145076
8025	149042
8025	150148
8025	150654
8025	153958
8025	159593
8025	165672
8025	173434
8025	173481
8025	181309
8025	185926
8025	189075
8025	199086
8025	205571
8025	205577
8025	208634
8025	211376
8025	222347
8025	227752
8025	230413
8025	245422
8025	250494
8025	260475
8025	267607
8025	279384
27876	8025
27876	9168
27876	24304
27876	48480
27876	48490
27876	54498
27876	59066
27876	64749
27876	67326
27876	71101
27876	87614
27876	102282
27876	104029
27876	110484
27876	118551
27876	120184
27876	126672
27876	132191
27876	133912
27876	145076
27876	149042
27876	150148
27876	165672
27876	179646
27876	181107
27876	181309
27876	183999
27876	189075
27876	202639
27876	205571
27876	211376
27876	222863
27876	224401
27876	227752
27876	229905
27876	230413
27876	230974
27876	250494
27876	260475
27876	267607
27876	279384
24304	4773
24304	8025
24304	9168
24304	27876
24304	41374
24304	48480
24304	48490
24304	50390
24304	52452
24304	54455
24304	54498
24304	59066
24304	64749
24304	71101
24304	71669
24304	72255
24304	72495
24304	87614
24304	104029
24304	106284
24304	110484
24304	120184
24304	126672
24304	132191
24304	136565
24304	145076
24304	149042
24304	149348
24304	150148
24304	161240
24304	165672
24304	179893
24304	181309
24304	189075
24304	191582
24304	193032
24304	205571
24304	209639
24304	211376
24304	211839
24304	221941
24304	227752
24304	230413
24304	233552
24304	234889
24304	240396
24304	250494
24304	260475
24304	267607
24304	272574
24304	272923
24304	279384
296	160831
296	216296
296	226411
216296	296
216296	1553
216296	145392
216296	149369
216296	160831
216296	168710
216296	204720
216296	219689
216296	226411
216296	248281
216296	257209
216296	281192
160831	40541
160831	51841
160831	113638
160831	131899
160831	140167
160831	148889
160831	171390
160831	191123
160831	198033
160831	203887
160831	225412
160831	226411
160831	231111
160831	235899
160831	248050
160831	258580
160831	277286
297	6243
297	28359
297	133133
133133	130842
6243	297
6243	12813
6243	133133
28359	297
28359	31353
28359	133133
298	82997
298	195281
298	201903
298	252583
195281	82997
195281	129704
195281	201903
195281	252583
299	105173
105173	299
105173	15378
105173	28984
105173	50769
105173	59797
105173	76122
105173	79155
105173	96292
105173	97018
105173	97735
105173	108384
105173	109065
105173	112892
105173	131105
105173	135353
105173	138737
105173	174652
105173	199309
105173	201425
105173	206246
105173	214790
105173	226411
105173	240525
105173	247424
105173	250222
105173	251990
105173	253645
105173	263806
105173	267486
105173	275639
300	7203
300	27940
300	30002
300	59033
300	73716
300	75762
300	84382
300	84824
300	93073
300	103820
300	153049
300	164873
300	197941
300	199822
300	202577
300	259343
197941	300
197941	7203
197941	27940
197941	30002
197941	59033
197941	73716
197941	75762
197941	84382
197941	84824
197941	93073
197941	103820
197941	153049
197941	164873
197941	199822
197941	202577
197941	259343
73716	300
73716	7203
73716	27940
73716	30002
73716	59033
73716	75762
73716	84382
73716	84824
73716	93073
73716	103820
73716	153049
73716	164873
73716	197941
73716	199822
73716	202577
73716	259343
301	6240
301	60025
301	181022
181022	187453
60025	301
60025	56772
60025	181022
6240	301
6240	12809
6240	181022
302	34573
302	38342
302	81435
302	105607
302	167295
302	198090
302	214128
302	226411
302	234704
302	245659
303	8373
303	31582
303	97743
303	133797
303	145347
303	151939
303	158326
303	162739
303	192767
303	192929
303	213898
303	226411
303	233786
303	264066
303	266528
264066	2231
264066	7246
264066	18694
264066	78982
264066	107937
264066	133797
264066	145347
264066	151939
264066	192929
264066	205065
264066	213898
264066	226411
264066	228178
264066	255866
264066	261977
264066	275353
192767	303
192767	450
192767	7058
192767	7254
192767	8373
192767	9351
192767	11885
192767	18961
192767	25143
192767	27263
192767	27373
192767	29215
192767	32292
192767	43010
192767	47697
192767	49007
192767	49813
192767	49855
192767	51993
192767	71812
192767	84475
192767	85006
192767	90285
192767	97743
192767	101562
192767	103304
192767	111329
192767	123385
192767	131730
192767	133797
192767	134908
192767	143793
192767	145347
192767	151939
192767	152856
192767	155676
192767	158123
192767	158326
192767	162739
192767	165182
192767	185490
192767	191607
192767	192929
192767	193391
192767	199966
192767	203246
192767	204517
192767	205524
192767	213898
192767	219166
192767	223801
192767	226411
192767	233786
192767	242365
192767	245288
192767	247877
192767	255409
192767	256275
192767	262848
192767	270200
192767	274867
192767	275677
192767	277912
162739	303
162739	8373
162739	84290
162739	97743
162739	133797
162739	151939
162739	192767
162739	192929
162739	204517
162739	213898
162739	226411
162739	233786
162739	250076
162739	258399
158326	303
158326	8373
158326	97743
158326	133797
158326	151939
158326	192767
158326	192929
158326	213898
158326	226411
158326	233786
158326	275677
97743	184525
97743	260707
31582	18694
31582	32380
31582	84290
31582	84301
31582	133797
31582	145347
31582	151939
31582	165381
31582	173439
31582	192929
31582	213898
31582	221036
31582	226411
31582	233786
31582	266528
8373	303
8373	450
8373	7058
8373	7254
8373	9351
8373	11885
8373	18961
8373	25143
8373	27263
8373	27373
8373	29215
8373	32292
8373	43010
8373	47697
8373	49007
8373	49813
8373	49855
8373	51993
8373	71812
8373	84475
8373	85006
8373	90285
8373	97743
8373	101562
8373	103304
8373	111329
8373	123385
8373	131730
8373	133797
8373	134908
8373	143793
8373	145347
8373	151939
8373	152856
8373	155676
8373	158123
8373	158326
8373	162739
8373	165182
8373	185490
8373	191607
8373	192929
8373	193391
8373	199966
8373	203246
8373	204517
8373	205524
8373	213898
8373	219166
8373	223801
8373	226411
8373	233786
8373	242365
8373	245288
8373	247877
8373	255409
8373	256275
8373	262848
8373	270200
8373	274867
8373	275677
8373	277912
304	18087
304	36455
304	46965
304	77562
304	93778
304	117586
304	133341
304	185017
304	242574
304	249654
304	254304
304	260877
304	264797
304	280676
280676	304
280676	93778
280676	103862
254304	304
254304	93778
254304	125559
254304	251674
249654	304
249654	93778
249654	103862
249654	179300
260877	304
260877	93778
260877	103862
260877	179300
264797	304
264797	93778
264797	139125
264797	197433
242574	304
242574	6996
242574	93778
242574	139125
242574	197433
185017	304
185017	93778
185017	197433
133341	304
133341	6996
133341	93778
133341	197433
117586	304
117586	93778
117586	103862
77562	304
77562	6996
77562	93778
77562	197433
36455	304
36455	93778
36455	197433
46965	304
46965	93778
46965	197433
18087	304
18087	62783
18087	93778
18087	178226
18087	238323
305	74283
305	105903
305	106238
305	130168
305	171497
305	173115
305	190299
305	190345
305	251218
251218	305
251218	27375
251218	74283
251218	75001
251218	89815
251218	105903
251218	106238
251218	130168
251218	133914
251218	171497
251218	173115
251218	190299
251218	190345
251218	229427
251218	248935
251218	278682
190299	305
190299	74283
190299	105903
190299	106238
190299	130168
190299	171497
190299	173115
190299	190345
190299	231521
190299	251218
190345	305
190345	9175
190345	14417
190345	23838
190345	65995
190345	74283
190345	105903
190345	106238
190345	130168
190345	140315
190345	171497
190345	173115
190345	190299
190345	251218
190345	252425
190345	269330
171497	305
171497	51068
171497	74283
171497	92367
171497	105903
171497	106238
171497	109742
171497	130168
171497	133137
171497	169570
171497	170989
171497	173115
171497	190299
171497	190345
171497	196416
171497	235073
171497	236467
171497	251218
173115	305
173115	43624
173115	45827
173115	74283
173115	105903
173115	106238
173115	130168
173115	171497
173115	190299
173115	190345
173115	250938
173115	251218
173115	257611
106238	305
106238	37980
106238	74283
106238	86773
106238	89438
106238	105903
106238	129225
106238	130168
106238	146679
106238	171497
106238	173115
106238	173801
106238	190299
106238	190345
106238	213135
106238	239130
106238	251218
130168	305
130168	74283
130168	103150
130168	105903
130168	106238
130168	170926
130168	171497
130168	173115
130168	190299
130168	190345
130168	195304
130168	239662
130168	249062
130168	251218
74283	305
74283	14344
74283	44508
74283	77423
74283	79433
74283	105903
74283	106238
74283	130168
74283	150163
74283	171497
74283	173115
74283	190299
74283	190345
74283	226411
74283	251218
105903	305
105903	23021
105903	74283
105903	106238
105903	130168
105903	171497
105903	173115
105903	190299
105903	190345
105903	251218
306	6233
306	15723
306	204906
204906	198429
6233	306
6233	56777
6233	204906
15723	306
15723	12806
15723	204906
307	2379
307	3164
307	30890
307	84906
307	102866
307	109368
307	125397
307	162116
307	175703
307	179131
307	194121
307	241459
307	247510
247510	2379
247510	8056
247510	11315
247510	19832
247510	30100
247510	65463
247510	66600
247510	69225
247510	74204
247510	75246
247510	75724
247510	84906
247510	125567
247510	133378
247510	143766
247510	145755
247510	152838
247510	155967
247510	171369
247510	181368
247510	201368
247510	215660
247510	223488
247510	226411
247510	228468
247510	230329
247510	239866
247510	241459
247510	249552
247510	250312
247510	252445
247510	266375
247510	267455
247510	278270
241459	2379
241459	30890
241459	34627
241459	38972
241459	69244
241459	84906
241459	102866
241459	110679
241459	126074
241459	150918
241459	153763
241459	181844
241459	209240
241459	217989
241459	243085
241459	247510
241459	257843
241459	274642
194121	153924
194121	179228
179131	9949
162116	30890
162116	47651
162116	54673
162116	84906
162116	102866
162116	125397
162116	150918
162116	153924
162116	175703
162116	181844
162116	208239
162116	247510
162116	274642
175703	3164
175703	46916
175703	50320
175703	201202
175703	280153
125397	15875
125397	84906
125397	153924
125397	162116
125397	247510
125397	262085
125397	274642
109368	47427
109368	50320
109368	84906
109368	151472
109368	164336
102866	3724
102866	19484
102866	24745
102866	65463
102866	71778
102866	114080
102866	133451
3164	50320
3164	65463
3164	73530
3164	89231
3164	135606
3164	151707
3164	179131
3164	240859
30890	58544
30890	267554
2379	25998
2379	69244
2379	70918
2379	92346
2379	150918
2379	159134
2379	162116
2379	190364
2379	268992
2379	274642
308	98445
308	113154
308	188742
308	200436
200436	308
200436	157301
200436	268660
188742	308
188742	268660
113154	308
113154	268660
98445	308
98445	188742
98445	268660
309	25021
309	65585
309	101729
309	110041
110041	309
110041	61960
110041	97982
110041	103072
110041	129618
110041	143389
101729	61960
101729	107006
65585	309
65585	50262
65585	97982
65585	101729
25021	309
25021	101729
25021	129618
25021	130423
310	15691
310	136604
310	272173
272173	310
272173	56884
272173	136604
272173	241067
136604	226411
15691	310
15691	12794
15691	136604
15691	272173
311	12962
311	17954
311	34573
311	35240
311	38342
311	74902
311	81435
311	84908
311	105607
311	113385
311	113888
311	122570
311	154291
311	159247
311	167295
311	198090
311	214128
311	226411
311	226569
311	234704
311	242285
311	245659
242285	12962
242285	17954
242285	34573
242285	35240
242285	38342
242285	60285
242285	74902
242285	81435
242285	84908
242285	105607
242285	113385
242285	113888
242285	122570
242285	150115
242285	154291
242285	159247
242285	167295
242285	180763
242285	198090
242285	214128
242285	226411
242285	234704
242285	245659
226569	12962
226569	17954
226569	19585
226569	34573
226569	35240
226569	38342
226569	74902
226569	81435
226569	84908
226569	105607
226569	108320
226569	113385
226569	113888
226569	122570
226569	154291
226569	159247
226569	167295
226569	180763
226569	198090
226569	214128
226569	226411
226569	234704
226569	242285
226569	245659
226569	262251
154291	8623
154291	12962
154291	17954
154291	34573
154291	35240
154291	38342
154291	65580
154291	74902
154291	81435
154291	84908
154291	105607
154291	113385
154291	113888
154291	122570
154291	159247
154291	167295
154291	168930
154291	180763
154291	198090
154291	214128
154291	226411
154291	234704
154291	239224
154291	242285
154291	245659
154291	254694
159247	12962
159247	17954
159247	33554
159247	34573
159247	35240
159247	38342
159247	74902
159247	81435
159247	84908
159247	105607
159247	113385
159247	113888
159247	122570
159247	150115
159247	154291
159247	167295
159247	198090
159247	214128
159247	226411
159247	234704
159247	242285
159247	245659
122570	12962
122570	13449
122570	17954
122570	21829
122570	34573
122570	35240
122570	38342
122570	74902
122570	81435
122570	84908
122570	105607
122570	113385
122570	113888
122570	120984
122570	126376
122570	148910
122570	151695
122570	154291
122570	159247
122570	167295
122570	178932
122570	180763
122570	198090
122570	200184
122570	214128
122570	226411
122570	234704
122570	242285
122570	243353
122570	245659
122570	267010
113888	12962
113888	17954
113888	34573
113888	35240
113888	38342
113888	41983
113888	63880
113888	74902
113888	81435
113888	84908
113888	105607
113888	113385
113888	122570
113888	131857
113888	154291
113888	159247
113888	167295
113888	198090
113888	204812
113888	214128
113888	226411
113888	230778
113888	234704
113888	242285
113888	245659
113888	251851
113888	271246
113385	12962
113385	17954
113385	34573
113385	35240
113385	38342
113385	74902
113385	81435
113385	84908
113385	105607
113385	113888
113385	122570
113385	150973
113385	154291
113385	154480
113385	159247
113385	167295
113385	198090
113385	214128
113385	226411
113385	234704
113385	242285
113385	245659
84908	12962
84908	17954
84908	33554
84908	34573
84908	35240
84908	38342
84908	74902
84908	81435
84908	95705
84908	105607
84908	113385
84908	113888
84908	122570
84908	128257
84908	154291
84908	159247
84908	167295
84908	180763
84908	198090
84908	214128
84908	217715
84908	226411
84908	234704
84908	242285
84908	245659
84908	262251
74902	12962
74902	17954
74902	20824
74902	31061
74902	34573
74902	35240
74902	38342
74902	80830
74902	81435
74902	84908
74902	105607
74902	113385
74902	113888
74902	120940
74902	120984
74902	122570
74902	148255
74902	154291
74902	159247
74902	167295
74902	180763
74902	198090
74902	208596
74902	214128
74902	215070
74902	226411
74902	234704
74902	242285
74902	245659
74902	262251
35240	14826
35240	38581
35240	40149
35240	49680
35240	64997
35240	80808
35240	156223
35240	178779
35240	191033
35240	192536
35240	273670
17954	12962
17954	34573
17954	35240
17954	38342
17954	60285
17954	74902
17954	81435
17954	84908
17954	105607
17954	113385
17954	113888
17954	122570
17954	154291
17954	159247
17954	167295
17954	180763
17954	198090
17954	214128
17954	226411
17954	234704
17954	242285
17954	245659
17954	262251
12962	17954
12962	24762
12962	34573
12962	35240
12962	38342
12962	74902
12962	80194
12962	81435
12962	84908
12962	86368
12962	95705
12962	105607
12962	113385
12962	113888
12962	122570
12962	154291
12962	159247
12962	167295
12962	180763
12962	198090
12962	214128
12962	226411
12962	227974
12962	234704
12962	242285
12962	245659
12962	272199
312	6268
312	118300
118300	312
118300	122528
6268	312
6268	12798
313	132695
313	234704
314	6266
314	15697
314	71698
71698	87235
15697	314
15697	12790
15697	71698
6266	314
6266	31365
6266	71698
315	6262
315	15694
315	116869
6262	315
6262	31363
6262	116869
15694	315
15694	12792
15694	116869
316	57149
316	219861
219861	50329
219861	51641
219861	57149
219861	111558
219861	205378
57149	50329
57149	50753
57149	53525
57149	65551
57149	74725
57149	76809
57149	91408
57149	111558
57149	129341
57149	135168
57149	146042
57149	156669
57149	205378
57149	208379
57149	215344
57149	226411
57149	248105
57149	279223
317	6031
317	19665
317	48357
317	61432
317	145292
317	176236
317	185195
317	190212
317	195091
317	205686
317	237155
317	255829
255829	317
255829	6031
255829	19665
255829	48357
255829	61432
255829	145292
255829	176236
255829	185195
255829	190212
255829	195091
255829	205686
255829	209560
255829	214517
255829	237155
237155	317
237155	6031
237155	19665
237155	48357
237155	61432
237155	145292
237155	176236
237155	185195
237155	186495
237155	190212
237155	195091
237155	205686
237155	255829
190212	317
190212	6031
190212	19665
190212	25307
190212	48357
190212	61432
190212	82476
190212	145292
190212	161377
190212	176236
190212	176374
190212	183810
190212	185195
190212	195091
190212	205686
190212	237155
190212	255829
185195	317
185195	6031
185195	19665
185195	48357
185195	61432
185195	145292
185195	145552
185195	176236
185195	190212
185195	195091
185195	205686
185195	237155
185195	255829
205686	317
205686	6031
205686	19665
205686	48357
205686	61432
205686	63815
205686	176236
205686	185195
205686	186495
205686	190212
205686	195091
205686	209560
205686	214517
205686	237155
205686	255829
195091	317
195091	6031
195091	19665
195091	48357
195091	61432
195091	145292
195091	176236
195091	185195
195091	190212
195091	205686
195091	237155
195091	255829
176236	317
176236	6031
176236	19665
176236	48357
176236	61432
176236	145292
176236	185195
176236	190212
176236	195091
176236	205686
176236	237155
176236	255829
145292	317
145292	6031
145292	19665
145292	48357
145292	61432
145292	63815
145292	176236
145292	185195
145292	186495
145292	190212
145292	195091
145292	209560
145292	214517
145292	237155
145292	255829
48357	317
48357	6031
48357	19665
48357	61432
48357	145292
48357	176236
48357	185195
48357	190212
48357	195091
48357	205686
48357	237155
48357	255829
61432	317
61432	6031
61432	19665
61432	48357
61432	145292
61432	176236
61432	185195
61432	190212
61432	195091
61432	205686
61432	237155
61432	255829
19665	317
19665	6031
19665	61432
19665	145292
19665	176236
19665	185195
19665	190212
19665	195091
19665	205686
19665	237155
19665	255829
6031	317
6031	19665
6031	48357
6031	61432
6031	145292
6031	176236
6031	185195
6031	190212
6031	195091
6031	205686
6031	209560
6031	214517
6031	237155
6031	255829
318	11508
318	133503
318	140004
318	141846
318	157403
318	214626
318	226355
318	280902
226355	1320
226355	18120
226355	70099
226355	94374
226355	101669
226355	105469
226355	107164
226355	131266
226355	143754
226355	165919
226355	176089
226355	178070
226355	215308
226355	215881
226355	227149
226355	251389
226355	262030
226355	274515
214626	70753
214626	95279
214626	113673
214626	133503
214626	140004
214626	167961
214626	178070
214626	228788
214626	273302
141846	11508
141846	30099
141846	70753
141846	113673
141846	242159
157403	36351
157403	45146
157403	113673
157403	118557
157403	167553
157403	178070
157403	204099
157403	269502
140004	11508
140004	17449
140004	36351
140004	113673
140004	119216
140004	133503
140004	178070
140004	211099
140004	227149
133503	11508
133503	17449
133503	113673
133503	119216
133503	134715
133503	140004
133503	178070
133503	279048
11508	24474
11508	36351
11508	45146
11508	64780
11508	113673
11508	118557
11508	119216
11508	133503
11508	140004
11508	165919
319	93778
319	111991
319	161533
161533	319
161533	1115
161533	4139
161533	6464
161533	6660
161533	6769
161533	9425
161533	17945
161533	19046
161533	23159
161533	23945
161533	29416
161533	42017
161533	42176
161533	47031
161533	47624
161533	57814
161533	67099
161533	68215
161533	70458
161533	72516
161533	72829
161533	75319
161533	75678
161533	79449
161533	81639
161533	82044
161533	83964
161533	88381
161533	90152
161533	90935
161533	93107
161533	93778
161533	94181
161533	94328
161533	95314
161533	97543
161533	98112
161533	102973
161533	103531
161533	104492
161533	106928
161533	107418
161533	122131
161533	125179
161533	131748
161533	133950
161533	134882
161533	138494
161533	143498
161533	144457
161533	149867
161533	159555
161533	161404
161533	164564
161533	166968
161533	171241
161533	178622
161533	179712
161533	179818
161533	183778
161533	185947
161533	190658
161533	199041
161533	199234
161533	205404
161533	205566
161533	205611
161533	206688
161533	207903
161533	210337
161533	213292
161533	213964
161533	216927
161533	222323
161533	222443
161533	222843
161533	223564
161533	225624
161533	226457
161533	228575
161533	228726
161533	229635
161533	230729
161533	231485
161533	232306
161533	233043
161533	233445
161533	235669
161533	236691
161533	237867
161533	244038
161533	256740
161533	266419
161533	268683
161533	274997
161533	277534
161533	278683
161533	280480
111991	319
111991	57814
111991	93778
111991	98112
111991	102973
111991	226457
111991	232306
320	6260
320	15703
320	28364
6260	320
6260	28364
6260	56753
15703	320
15703	12784
15703	28364
28364	26099
321	3164
321	15240
321	17675
321	26088
321	51628
321	52223
321	53608
321	57789
321	59135
321	63718
321	66825
321	73530
321	82476
321	83227
321	84906
321	86939
321	90543
321	97670
321	105147
321	133715
321	134159
321	143037
321	148363
321	151707
321	170454
321	190375
321	196800
321	204315
321	212707
321	212997
321	218532
321	219188
321	227591
321	235570
321	252121
321	259207
321	259439
321	260564
321	267959
321	268779
321	270450
321	273998
321	275354
321	277747
275354	3164
275354	11845
275354	15240
275354	19140
275354	21613
275354	44707
275354	46399
275354	51628
275354	52223
275354	53608
275354	59550
275354	60729
275354	63718
275354	65051
275354	66825
275354	69244
275354	73530
275354	82476
275354	84906
275354	86939
275354	90543
275354	97670
275354	100221
275354	101858
275354	105147
275354	107314
275354	110793
275354	116934
275354	130653
275354	133715
275354	134159
275354	138757
275354	143037
275354	145726
275354	150384
275354	151707
275354	157682
275354	168644
275354	171676
275354	173778
275354	183244
275354	190375
275354	193487
275354	195918
275354	201128
275354	204315
275354	204711
275354	212707
275354	212997
275354	219188
275354	225390
275354	225954
275354	230911
275354	233888
275354	235570
275354	252121
275354	259207
275354	259439
275354	267959
275354	268779
275354	273998
270450	3164
270450	15240
270450	17675
270450	26088
270450	51628
270450	52223
270450	53608
270450	59135
270450	63718
270450	66825
270450	73530
270450	82476
270450	83227
270450	84906
270450	86939
270450	90543
270450	97670
270450	105147
270450	133715
270450	134159
270450	143037
270450	148363
270450	151707
270450	170454
270450	190375
270450	196800
270450	204315
270450	212707
270450	212997
270450	219188
270450	227591
270450	235570
270450	252121
270450	259207
270450	259439
270450	260564
270450	267959
270450	268779
270450	273998
270450	275354
270450	277747
260564	3164
260564	15240
260564	17675
260564	26088
260564	51628
260564	52223
260564	53608
260564	59135
260564	63718
260564	65463
260564	66825
260564	73530
260564	82476
260564	83227
260564	84906
260564	86939
260564	90543
260564	97670
260564	105147
260564	133715
260564	134159
260564	143037
260564	148363
260564	151707
260564	170454
260564	190375
260564	196800
260564	204315
260564	212707
260564	212997
260564	219188
260564	227591
260564	235570
260564	252121
260564	259207
260564	259439
260564	267959
260564	268779
260564	273998
260564	277747
277747	3164
277747	15240
277747	17675
277747	26088
277747	37970
277747	39441
277747	42157
277747	45421
277747	51628
277747	52223
277747	53608
277747	56473
277747	59135
277747	63718
277747	66825
277747	73530
277747	82476
277747	83227
277747	84906
277747	86939
277747	90543
277747	97670
277747	98826
277747	105147
277747	110826
277747	115779
277747	123383
277747	133715
277747	134159
277747	138528
277747	143037
277747	148363
277747	151707
277747	167298
277747	170454
277747	190375
277747	196800
277747	204315
277747	212707
277747	212997
277747	219188
277747	227591
277747	235570
277747	252121
277747	259207
277747	259439
277747	260564
277747	267959
277747	268779
277747	273998
259207	1103
259207	9549
259207	16027
259207	30432
259207	41284
259207	56495
259207	63634
259207	65463
259207	73403
259207	123493
259207	124879
259207	128099
259207	178759
259207	276751
267959	3164
267959	11845
267959	15240
267959	19140
267959	21613
267959	44707
267959	46399
267959	51628
267959	52223
267959	53608
267959	59550
267959	60729
267959	63718
267959	65051
267959	66825
267959	69244
267959	73530
267959	82476
267959	84906
267959	86939
267959	87465
267959	90543
267959	96222
267959	97670
267959	100221
267959	101858
267959	105147
267959	107314
267959	110793
267959	116934
267959	130653
267959	133715
267959	134159
267959	138757
267959	143037
267959	145726
267959	150384
267959	151707
267959	157682
267959	168644
267959	171676
267959	173778
267959	179059
267959	183244
267959	190375
267959	193487
267959	195918
267959	201128
267959	204315
267959	204711
267959	212707
267959	212997
267959	219188
267959	225390
267959	225954
267959	230911
267959	233888
267959	235570
267959	252121
267959	259207
267959	259439
267959	268779
267959	273998
268779	1590
268779	3164
268779	7412
268779	9689
268779	11226
268779	16891
268779	20814
268779	24057
268779	39328
268779	44707
268779	46330
268779	48014
268779	51628
268779	52223
268779	53060
268779	53608
268779	65014
268779	73080
268779	73530
268779	75724
268779	81447
268779	82476
268779	84906
268779	86939
268779	90543
268779	92809
268779	99740
268779	101232
268779	102475
268779	104804
268779	105147
268779	117392
268779	117818
268779	119476
268779	133715
268779	136162
268779	143037
268779	143933
268779	148453
268779	151707
268779	152126
268779	154177
268779	158503
268779	161426
268779	172605
268779	175392
268779	181515
268779	187818
268779	190451
268779	193305
268779	204315
268779	205948
268779	212707
268779	216742
268779	219188
268779	235570
268779	239760
268779	246536
268779	252121
268779	258630
268779	259207
268779	259439
268779	266706
268779	273998
252121	3164
252121	11845
252121	14726
252121	15240
252121	15470
252121	19140
252121	21613
252121	36397
252121	44707
252121	46399
252121	48641
252121	50657
252121	51628
252121	52223
252121	53608
252121	59135
252121	59550
252121	60729
252121	63718
252121	65051
252121	66825
252121	69244
252121	73530
252121	82476
252121	84906
252121	86939
252121	87465
252121	90543
252121	97670
252121	100221
252121	101858
252121	105147
252121	107314
252121	110793
252121	116934
252121	130653
252121	133715
252121	134159
252121	138757
252121	143037
252121	145726
252121	150384
252121	151707
252121	157682
252121	168644
252121	171676
252121	173778
252121	183244
252121	190375
252121	193487
252121	195918
252121	201128
252121	204315
252121	204711
252121	212707
252121	212997
252121	219188
252121	225390
252121	225954
252121	230911
252121	233888
252121	235570
252121	259207
252121	259439
252121	267959
252121	268779
252121	273998
259439	3164
259439	8688
259439	11845
259439	15240
259439	19140
259439	21613
259439	28499
259439	36397
259439	44707
259439	44818
259439	46330
259439	46399
259439	50657
259439	51628
259439	52223
259439	53608
259439	56946
259439	59135
259439	59550
259439	63718
259439	69244
259439	69638
259439	71355
259439	73530
259439	75382
259439	82167
259439	82476
259439	84906
259439	86939
259439	90543
259439	100221
259439	101514
259439	101858
259439	104933
259439	105147
259439	107314
259439	110793
259439	116934
259439	121417
259439	128047
259439	129578
259439	133715
259439	134159
259439	138019
259439	143037
259439	145726
259439	149369
259439	150384
259439	150773
259439	151707
259439	153746
259439	157682
259439	158830
259439	165974
259439	168644
259439	170473
259439	171676
259439	173778
259439	179423
259439	190375
259439	193487
259439	193826
259439	195918
259439	201368
259439	204711
259439	207956
259439	212707
259439	212997
259439	219188
259439	225390
259439	225954
259439	227591
259439	228296
259439	230192
259439	230911
259439	230991
259439	231214
259439	233888
259439	235570
259439	241587
259439	250795
259439	251442
259439	251511
259439	251709
259439	252121
259439	254260
259439	256234
259439	262801
259439	265957
259439	266513
259439	267959
259439	268779
259439	272254
259439	273998
259439	278407
259439	279931
273998	184543
218532	3164
218532	15240
218532	17675
218532	26088
218532	51628
218532	52223
218532	53608
218532	59135
218532	63718
218532	66825
218532	73530
218532	82476
218532	83227
218532	84906
218532	86939
218532	90543
218532	97670
218532	105147
218532	123142
218532	133715
218532	134159
218532	143037
218532	148363
218532	151707
218532	170454
218532	182415
218532	190375
218532	196800
218532	204315
218532	212707
218532	212997
218532	219188
218532	227591
218532	235570
218532	252121
218532	259207
218532	259439
218532	260564
218532	267959
218532	268779
218532	273998
218532	277747
212997	105147
212997	128888
212997	139669
212997	146304
212997	185072
212997	207956
212997	223733
212997	233585
212997	254603
212997	264875
227591	3164
227591	44818
227591	73530
227591	82476
227591	84906
227591	86939
227591	88607
227591	90543
227591	105147
227591	143037
227591	149369
227591	151707
227591	158830
227591	179423
227591	201368
227591	204315
227591	207956
227591	212707
227591	219188
227591	225954
227591	230192
227591	230991
227591	235570
227591	259439
227591	273998
235570	3164
235570	21626
235570	53608
235570	73530
235570	82476
235570	84906
235570	86939
235570	90543
235570	105147
235570	143037
235570	151707
235570	160271
235570	165974
235570	179423
235570	193826
235570	212707
235570	219188
235570	259439
235570	273998
212707	3164
212707	8057
212707	15199
212707	73530
212707	82476
212707	83678
212707	84906
212707	86939
212707	90543
212707	104933
212707	105147
212707	138019
212707	143037
212707	150773
212707	151707
212707	191333
212707	204315
212707	219188
212707	230991
212707	235570
212707	251511
212707	254260
212707	259439
212707	273998
212707	279931
219188	3164
219188	7084
219188	44818
219188	73530
219188	82476
219188	84906
219188	86939
219188	88607
219188	90543
219188	105147
219188	111410
219188	117143
219188	143037
219188	149369
219188	150773
219188	151707
219188	158830
219188	179423
219188	182020
219188	201368
219188	204315
219188	207956
219188	212707
219188	225954
219188	230192
219188	230991
219188	235570
219188	259439
219188	273998
190375	3164
190375	6698
190375	9165
190375	11702
190375	11845
190375	15131
190375	15240
190375	19140
190375	21613
190375	44707
190375	46399
190375	51628
190375	52223
190375	53608
190375	57223
190375	59135
190375	59550
190375	60729
190375	63718
190375	64424
190375	65051
190375	66825
190375	69244
190375	73530
190375	82476
190375	84906
190375	86939
190375	90543
190375	100221
190375	101858
190375	105147
190375	107314
190375	110793
190375	116591
190375	116934
190375	125579
190375	127305
190375	130650
190375	130653
190375	133715
190375	134159
190375	134883
190375	138757
190375	143037
190375	145726
190375	149548
190375	150384
190375	151707
190375	154746
190375	157682
190375	168644
190375	170454
190375	171676
190375	173778
190375	183244
190375	193487
190375	195918
190375	201128
190375	204315
190375	204711
190375	212707
190375	212997
190375	219188
190375	225390
190375	225954
190375	230911
190375	233888
190375	235570
190375	251676
190375	252121
190375	259207
190375	259439
190375	267959
190375	268779
190375	273998
196800	3164
196800	11845
196800	15240
196800	19140
196800	21613
196800	44707
196800	46399
196800	51628
196800	52223
196800	53608
196800	59550
196800	60729
196800	63718
196800	65051
196800	66825
196800	69244
196800	73530
196800	82476
196800	84906
196800	86939
196800	90543
196800	100221
196800	101858
196800	105147
196800	107314
196800	110793
196800	116934
196800	130653
196800	133715
196800	134159
196800	138757
196800	143037
196800	145726
196800	150384
196800	151707
196800	152362
196800	157682
196800	168644
196800	171676
196800	173778
196800	183244
196800	190375
196800	193487
196800	195918
196800	201128
196800	204315
196800	204711
196800	212707
196800	212997
196800	219188
196800	225390
196800	225954
196800	230911
196800	233888
196800	235570
196800	252121
196800	259207
196800	259439
196800	267959
196800	268779
196800	273998
204315	3966
204315	23391
204315	30100
204315	34520
204315	48467
204315	49214
204315	59888
204315	65463
204315	67516
204315	77784
204315	78828
204315	79687
204315	108621
204315	114811
204315	120761
204315	134642
204315	174533
204315	177725
204315	178457
204315	182456
204315	187023
204315	190623
204315	213051
204315	213687
204315	224894
204315	226411
204315	239442
204315	269609
170454	2308
170454	3164
170454	15240
170454	17675
170454	26088
170454	49449
170454	51628
170454	52223
170454	53608
170454	56177
170454	59135
170454	63718
170454	66731
170454	66825
170454	73530
170454	82476
170454	83227
170454	83761
170454	84906
170454	86939
170454	90543
170454	97670
170454	105147
170454	110088
170454	112525
170454	133715
170454	134159
170454	139327
170454	143037
170454	148363
170454	151707
170454	152471
170454	156588
170454	177841
170454	189551
170454	190375
170454	192751
170454	193331
170454	196800
170454	204315
170454	212707
170454	212997
170454	219188
170454	227591
170454	235570
170454	252121
170454	259207
170454	259439
170454	260564
170454	267959
170454	268779
170454	271524
170454	272873
170454	273998
170454	277348
170454	277747
148363	3164
148363	15240
148363	17675
148363	22278
148363	26088
148363	45067
148363	51628
148363	52223
148363	53608
148363	59135
148363	63718
148363	66825
148363	73530
148363	82476
148363	83227
148363	84906
148363	86939
148363	90543
148363	97670
148363	98826
148363	105147
148363	115779
148363	126324
148363	133715
148363	134159
148363	138528
148363	143037
148363	151707
148363	167009
148363	170454
148363	190375
148363	196800
148363	204315
148363	212652
148363	212707
148363	212997
148363	219188
148363	227591
148363	235570
148363	252121
148363	259207
148363	259439
148363	260564
148363	263602
148363	267959
148363	268779
148363	273998
148363	277747
143037	3164
143037	73530
143037	82476
143037	84906
143037	86939
143037	90543
143037	105147
143037	151707
143037	204315
143037	212707
143037	219188
143037	235570
143037	259439
143037	273998
151707	3164
151707	7813
151707	23087
151707	50320
151707	70052
151707	73530
151707	84906
151707	89231
151707	90543
151707	95781
151707	106469
151707	128405
151707	131838
151707	132868
151707	156367
151707	175703
151707	219647
151707	259207
151707	274642
134159	3164
134159	8688
134159	11845
134159	15463
134159	21613
134159	35014
134159	44707
134159	46399
134159	51628
134159	52223
134159	53608
134159	59135
134159	66825
134159	69244
134159	72170
134159	73530
134159	75382
134159	75755
134159	82476
134159	84906
134159	86939
134159	90543
134159	97670
134159	101858
134159	105147
134159	107314
134159	108894
134159	110793
134159	116934
134159	133715
134159	145726
134159	150384
134159	151707
134159	154302
134159	154926
134159	160271
134159	165974
134159	168644
134159	171676
134159	183088
134159	190375
134159	195918
134159	199706
134159	204711
134159	205109
134159	212707
134159	212997
134159	219188
134159	225390
134159	225954
134159	235570
134159	240606
134159	252121
134159	256401
134159	259439
134159	267959
134159	268779
134159	273998
133715	3164
133715	6919
133715	11845
133715	14726
133715	15240
133715	19140
133715	21613
133715	21626
133715	22278
133715	28125
133715	28228
133715	38663
133715	44707
133715	45067
133715	46399
133715	51628
133715	52223
133715	53608
133715	55948
133715	57490
133715	59550
133715	60729
133715	63718
133715	65051
133715	66825
133715	69223
133715	69244
133715	71221
133715	73530
133715	75755
133715	82476
133715	84906
133715	86939
133715	88841
133715	90543
133715	97670
133715	100221
133715	101858
133715	105147
133715	107314
133715	110793
133715	113074
133715	116934
133715	127313
133715	130653
133715	134159
133715	138757
133715	138960
133715	143037
133715	145726
133715	150384
133715	151707
133715	157682
133715	159740
133715	161340
133715	162221
133715	167052
133715	168224
133715	168644
133715	171676
133715	173778
133715	183244
133715	187158
133715	190375
133715	193487
133715	195918
133715	201128
133715	201409
133715	204315
133715	204711
133715	212707
133715	212997
133715	219188
133715	222630
133715	225390
133715	225954
133715	229772
133715	230911
133715	233888
133715	235570
133715	239710
133715	252121
133715	256510
133715	259207
133715	259439
133715	267959
133715	268779
133715	273678
133715	273998
133715	275449
97670	3164
97670	65463
97670	73530
97670	75421
97670	82476
97670	83678
97670	83922
97670	86939
97670	90543
97670	102321
97670	105147
97670	151707
97670	160271
97670	170922
97670	182020
97670	183963
97670	194263
97670	204315
97670	212707
97670	213734
97670	219188
97670	225954
97670	230991
97670	233888
97670	235570
97670	259439
97670	273998
83227	321
83227	3164
83227	15240
83227	17675
83227	26088
83227	42157
83227	45421
83227	51628
83227	52223
83227	53608
83227	57789
83227	59135
83227	63718
83227	66825
83227	68394
83227	73530
83227	82476
83227	84906
83227	86939
83227	90543
83227	97670
83227	105147
83227	123142
83227	133715
83227	134159
83227	143037
83227	148363
83227	151707
83227	163842
83227	170454
83227	171205
83227	176448
83227	177227
83227	190375
83227	196800
83227	197080
83227	203337
83227	204315
83227	212707
83227	212997
83227	218532
83227	219188
83227	225502
83227	227591
83227	235570
83227	252121
83227	259207
83227	259439
83227	260564
83227	260568
83227	262911
83227	267959
83227	268779
83227	270450
83227	273998
83227	277747
90543	3164
90543	22582
90543	65519
90543	73530
90543	213734
90543	259501
105147	3127
105147	3164
105147	7906
105147	11845
105147	15240
105147	16403
105147	19140
105147	19320
105147	19405
105147	21613
105147	25136
105147	31911
105147	44707
105147	46399
105147	48641
105147	51628
105147	52223
105147	53608
105147	53934
105147	59023
105147	59135
105147	59550
105147	60729
105147	63718
105147	65051
105147	66825
105147	69244
105147	72369
105147	73530
105147	82476
105147	84906
105147	86939
105147	87672
105147	90543
105147	94964
105147	100221
105147	100246
105147	101858
105147	107314
105147	110793
105147	116934
105147	125804
105147	130653
105147	133715
105147	134159
105147	138757
105147	143037
105147	145726
105147	145755
105147	149089
105147	150384
105147	151707
105147	152362
105147	155988
105147	157682
105147	161340
105147	168644
105147	171427
105147	171676
105147	173778
105147	183244
105147	185326
105147	190375
105147	191333
105147	193487
105147	195918
105147	196009
105147	201128
105147	204315
105147	204711
105147	205133
105147	212707
105147	212997
105147	219188
105147	225390
105147	225954
105147	227285
105147	230911
105147	230991
105147	233888
105147	235570
105147	250795
105147	252121
105147	259207
105147	259439
105147	266032
105147	266155
105147	267959
105147	268779
105147	273998
105147	279931
86939	3164
86939	28499
86939	46330
86939	56946
86939	69638
86939	73530
86939	82167
86939	82476
86939	84906
86939	90543
86939	101514
86939	105147
86939	121417
86939	128047
86939	143037
86939	151707
86939	153746
86939	170473
86939	193826
86939	204315
86939	212707
86939	219188
86939	227591
86939	228296
86939	235570
86939	241587
86939	251442
86939	256234
86939	259439
86939	262801
86939	265957
86939	266513
86939	272254
86939	273998
73530	3164
73530	65463
73530	75421
73530	82476
73530	83678
73530	83922
73530	86939
73530	90543
73530	102321
73530	105147
73530	151707
73530	160271
73530	170922
73530	182020
73530	183963
73530	194263
73530	204315
73530	212707
73530	213734
73530	219188
73530	225954
73530	230991
73530	233888
73530	235570
73530	259439
73530	273998
57789	3164
57789	15240
57789	17675
57789	26088
57789	51628
57789	52223
57789	53608
57789	59135
57789	63718
57789	66825
57789	73530
57789	82476
57789	83227
57789	84906
57789	86939
57789	90543
57789	97670
57789	105147
57789	133715
57789	134159
57789	143037
57789	148363
57789	151707
57789	170454
57789	190375
57789	196800
57789	204315
57789	212707
57789	212997
57789	219188
57789	227591
57789	235570
57789	252121
57789	259207
57789	259439
57789	260564
57789	262584
57789	267959
57789	268779
57789	273998
57789	277747
59135	3164
59135	15240
59135	17675
59135	26088
59135	51628
59135	52223
59135	53608
59135	63718
59135	66825
59135	73530
59135	82476
59135	83227
59135	84906
59135	86939
59135	90543
59135	97670
59135	105147
59135	133715
59135	134159
59135	143037
59135	148363
59135	151707
59135	170454
59135	190375
59135	196800
59135	204315
59135	212707
59135	212997
59135	219188
59135	227591
59135	235570
59135	252121
59135	259207
59135	259439
59135	260564
59135	267959
59135	268779
59135	273998
59135	277747
63718	3164
63718	11845
63718	15240
63718	19140
63718	21613
63718	22394
63718	44707
63718	46399
63718	51628
63718	52223
63718	53608
63718	54396
63718	59550
63718	60729
63718	65051
63718	66825
63718	69244
63718	73530
63718	82476
63718	84906
63718	86939
63718	90543
63718	100221
63718	101858
63718	105147
63718	107314
63718	110793
63718	112847
63718	116934
63718	130653
63718	133715
63718	134159
63718	138757
63718	143037
63718	145726
63718	150384
63718	151707
63718	154265
63718	157682
63718	168644
63718	171676
63718	173778
63718	183244
63718	190375
63718	193487
63718	195918
63718	201128
63718	202462
63718	204315
63718	204711
63718	212707
63718	212997
63718	214629
63718	219188
63718	225390
63718	225954
63718	230911
63718	233888
63718	235570
63718	239105
63718	245366
63718	245410
63718	250106
63718	252121
63718	259207
63718	259439
63718	266155
63718	267959
63718	268741
63718	268779
63718	273551
63718	273998
52223	3164
52223	3253
52223	8688
52223	11845
52223	12721
52223	15240
52223	19140
52223	21613
52223	44707
52223	46399
52223	51628
52223	53608
52223	59550
52223	60729
52223	63718
52223	65051
52223	66825
52223	69244
52223	73530
52223	82476
52223	84906
52223	86939
52223	90543
52223	96270
52223	97670
52223	99801
52223	100221
52223	101858
52223	105147
52223	107314
52223	110793
52223	116934
52223	130653
52223	133715
52223	134159
52223	136728
52223	137564
52223	138757
52223	139931
52223	143037
52223	145726
52223	150384
52223	151707
52223	157682
52223	159023
52223	168644
52223	171676
52223	173778
52223	175512
52223	183244
52223	190375
52223	193487
52223	195918
52223	201128
52223	204315
52223	204711
52223	212707
52223	212997
52223	219188
52223	225390
52223	225954
52223	230911
52223	233888
52223	235570
52223	237289
52223	252121
52223	259207
52223	259439
52223	267959
52223	268779
52223	273998
51628	3164
51628	11845
51628	15240
51628	19140
51628	21613
51628	44707
51628	46399
51628	52223
51628	53608
51628	58567
51628	59550
51628	60729
51628	63718
51628	65051
51628	66825
51628	69244
51628	73530
51628	82476
51628	84906
51628	86939
51628	90543
51628	100221
51628	101858
51628	105147
51628	107314
51628	110793
51628	116934
51628	130653
51628	133715
51628	134159
51628	138757
51628	143037
51628	145726
51628	150384
51628	151707
51628	157682
51628	168644
51628	171676
51628	173778
51628	183244
51628	190375
51628	193487
51628	195918
51628	201128
51628	201323
51628	204315
51628	204711
51628	212707
51628	212997
51628	219188
51628	225390
51628	225954
51628	230911
51628	233888
51628	235570
51628	248311
51628	252121
51628	259207
51628	259439
51628	267959
51628	268779
51628	273998
66825	3164
66825	3593
66825	7317
66825	9547
66825	11390
66825	11845
66825	14569
66825	15240
66825	17146
66825	19140
66825	19171
66825	21613
66825	22759
66825	29511
66825	34648
66825	35714
66825	41712
66825	44707
66825	45647
66825	46399
66825	48197
66825	49154
66825	50970
66825	51628
66825	52223
66825	53608
66825	55509
66825	59550
66825	60729
66825	61304
66825	63662
66825	63718
66825	65051
66825	66551
66825	69244
66825	73096
66825	73530
66825	79229
66825	81491
66825	82476
66825	82944
66825	84123
66825	84906
66825	86939
66825	87178
66825	88567
66825	90543
66825	94702
66825	100221
66825	101576
66825	101858
66825	104105
66825	105147
66825	107314
66825	107506
66825	110793
66825	111408
66825	115026
66825	116934
66825	118000
66825	121303
66825	122835
66825	127141
66825	130653
66825	131205
66825	133438
66825	133715
66825	134159
66825	138069
66825	138757
66825	143037
66825	145726
66825	150384
66825	150542
66825	151576
66825	151707
66825	154932
66825	155913
66825	157682
66825	168644
66825	171676
66825	173778
66825	176824
66825	179316
66825	183244
66825	183586
66825	184323
66825	185723
66825	186502
66825	190124
66825	190375
66825	190843
66825	193487
66825	194499
66825	195098
66825	195918
66825	198959
66825	199569
66825	201128
66825	204315
66825	204711
66825	205355
66825	205986
66825	209789
66825	210417
66825	212707
66825	212997
66825	219188
66825	225390
66825	225954
66825	230911
66825	233888
66825	235570
66825	252121
66825	259207
66825	259439
66825	267959
66825	268779
66825	273998
53608	3164
53608	11845
53608	15240
53608	19140
53608	21613
53608	44707
53608	46399
53608	51628
53608	52223
53608	59550
53608	60729
53608	63718
53608	65051
53608	66825
53608	69244
53608	73530
53608	82476
53608	84906
53608	86939
53608	90543
53608	100221
53608	101858
53608	105147
53608	107314
53608	110793
53608	116934
53608	130653
53608	133715
53608	134159
53608	138757
53608	143037
53608	145726
53608	150384
53608	151707
53608	157682
53608	168644
53608	171676
53608	173778
53608	183244
53608	190375
53608	193487
53608	195918
53608	201128
53608	204315
53608	204711
53608	212707
53608	212997
53608	219188
53608	225390
53608	225954
53608	230911
53608	233888
53608	235570
53608	252121
53608	259207
53608	259439
53608	267959
53608	268779
53608	273998
26088	3164
26088	15240
26088	17675
26088	51628
26088	52223
26088	53608
26088	59135
26088	63718
26088	66825
26088	73530
26088	82476
26088	83227
26088	84906
26088	86939
26088	90543
26088	97670
26088	105147
26088	133715
26088	134159
26088	143037
26088	148363
26088	151707
26088	170454
26088	190375
26088	196800
26088	204315
26088	212707
26088	212997
26088	219188
26088	227591
26088	235570
26088	252121
26088	259207
26088	259439
26088	260564
26088	267959
26088	268779
26088	273998
26088	277747
17675	3164
17675	15240
17675	26088
17675	51628
17675	52223
17675	53608
17675	59135
17675	63718
17675	66825
17675	73530
17675	82476
17675	83227
17675	84906
17675	86939
17675	90543
17675	97670
17675	105147
17675	123142
17675	133715
17675	134159
17675	143037
17675	148363
17675	151707
17675	170454
17675	190375
17675	196800
17675	204315
17675	212707
17675	212997
17675	218532
17675	219188
17675	227591
17675	235570
17675	252121
17675	259207
17675	259439
17675	260564
17675	263456
17675	267959
17675	268779
17675	273998
17675	277747
15240	3164
15240	11845
15240	19140
15240	21613
15240	44707
15240	46399
15240	51628
15240	52223
15240	53608
15240	59550
15240	60729
15240	63718
15240	65051
15240	66825
15240	69244
15240	73530
15240	82476
15240	84906
15240	86939
15240	90543
15240	100221
15240	101858
15240	105147
15240	107314
15240	110793
15240	116934
15240	130653
15240	133715
15240	134159
15240	138757
15240	143037
15240	145726
15240	150384
15240	151707
15240	157682
15240	168644
15240	171676
15240	173778
15240	183244
15240	190375
15240	193487
15240	195918
15240	201128
15240	204315
15240	204711
15240	212707
15240	212997
15240	219188
15240	225390
15240	225954
15240	230911
15240	233888
15240	235570
15240	252121
15240	259207
15240	259439
15240	267959
15240	268779
15240	273998
322	6258
322	67756
322	69358
322	241454
322	257565
257565	322
257565	67756
257565	69358
257565	241454
257565	259808
6258	322
6258	12788
6258	67756
6258	69358
6258	241454
323	13852
323	57910
323	77360
323	139237
323	186750
323	197875
323	225872
197875	186750
197875	225872
139237	186750
139237	225872
77360	186750
77360	225872
57910	155017
57910	186750
57910	217913
57910	225872
13852	155017
13852	186750
13852	198903
13852	217913
13852	225872
13852	279707
324	8055
324	40554
324	143251
324	170744
324	174233
324	237396
324	269229
269229	111432
269229	148382
269229	237396
237396	8055
237396	74396
237396	97671
237396	140023
237396	143251
237396	170744
237396	209254
237396	221784
237396	269229
174233	324
174233	8055
174233	40554
174233	44260
174233	143251
174233	170744
174233	237396
174233	269229
170744	8055
170744	140023
170744	237396
170744	269229
143251	324
143251	8055
143251	38809
143251	40554
143251	43028
143251	97671
143251	170744
143251	174040
143251	174233
143251	221784
143251	237396
143251	269229
40554	324
40554	8055
40554	34805
40554	38809
40554	43028
40554	58640
40554	140023
40554	143251
40554	170744
40554	174040
40554	174233
40554	237396
40554	269229
8055	140023
8055	170744
8055	237396
8055	269229
325	34573
325	38342
325	49829
325	72168
325	81435
325	83799
325	85977
325	105607
325	137566
325	160161
325	167295
325	198090
325	214128
325	221856
325	226411
325	234704
325	235952
325	244211
325	245659
325	261719
261719	34573
261719	38342
261719	81435
261719	105607
261719	167295
261719	198090
261719	214128
261719	226411
261719	234704
261719	245659
244211	325
244211	34573
244211	38342
244211	49829
244211	72168
244211	81435
244211	83799
244211	85977
244211	105607
244211	137566
244211	160161
244211	167295
244211	198090
244211	214128
244211	221856
244211	226411
244211	234704
244211	235952
244211	245659
244211	261719
221856	325
221856	34573
221856	38342
221856	49829
221856	72168
221856	81435
221856	83799
221856	85977
221856	105607
221856	137566
221856	160161
221856	167295
221856	198090
221856	214128
221856	226411
221856	234704
221856	235952
221856	244211
221856	245659
221856	261719
235952	325
235952	34573
235952	38342
235952	49829
235952	72168
235952	81435
235952	83799
235952	85977
235952	105607
235952	137566
235952	160161
235952	167295
235952	198090
235952	214128
235952	221856
235952	226411
235952	234704
235952	244211
235952	245659
235952	261719
160161	325
160161	34573
160161	38342
160161	49829
160161	72168
160161	81435
160161	83799
160161	85977
160161	105607
160161	137566
160161	167295
160161	198090
160161	214128
160161	221856
160161	226411
160161	234704
160161	235952
160161	244211
160161	245659
160161	261719
137566	325
137566	34573
137566	38342
137566	49829
137566	72168
137566	81435
137566	83799
137566	85977
137566	105607
137566	160161
137566	167295
137566	198090
137566	214128
137566	221856
137566	226411
137566	234704
137566	235952
137566	244211
137566	245659
137566	261719
83799	34573
83799	38342
83799	81435
83799	105607
83799	167295
83799	198090
83799	214128
83799	226411
83799	234704
83799	245659
72168	325
72168	34573
72168	38342
72168	49829
72168	81435
72168	83799
72168	85977
72168	105607
72168	137566
72168	160161
72168	167295
72168	198090
72168	214128
72168	221856
72168	226411
72168	234704
72168	235952
72168	244211
72168	245659
72168	261719
85977	325
85977	34573
85977	38342
85977	49829
85977	72168
85977	81435
85977	83799
85977	105607
85977	137566
85977	160161
85977	167295
85977	198090
85977	214128
85977	221856
85977	226411
85977	234704
85977	235952
85977	244211
85977	245659
85977	261719
49829	325
49829	34573
49829	38342
49829	72168
49829	81435
49829	83799
49829	85977
49829	105607
49829	137566
49829	160161
49829	167295
49829	198090
49829	214128
49829	221856
49829	226411
49829	234704
49829	235952
49829	244211
49829	245659
49829	261719
326	34573
326	38342
326	81435
326	105607
326	167295
326	198090
326	214128
326	226411
326	234704
326	245659
327	195570
327	208086
327	212380
212380	327
212380	25818
212380	32272
212380	37542
212380	99051
212380	114252
212380	154590
212380	202079
212380	208086
212380	216438
212380	224053
212380	258617
328	226411
329	47427
329	50320
329	84906
329	151472
151472	329
151472	10434
151472	16488
151472	30369
151472	33849
151472	36944
151472	39613
151472	40390
151472	45855
151472	48570
151472	50320
151472	50952
151472	53356
151472	56708
151472	62077
151472	64729
151472	65159
151472	65463
151472	77365
151472	77388
151472	78087
151472	79931
151472	85937
151472	88446
151472	91652
151472	93315
151472	101108
151472	102811
151472	109368
151472	110784
151472	110900
151472	111697
151472	119747
151472	128440
151472	141722
151472	145160
151472	145854
151472	150534
151472	151707
151472	165190
151472	166020
151472	172025
151472	177165
151472	187930
151472	188989
151472	189524
151472	194053
151472	194776
151472	198572
151472	199435
151472	209006
151472	209219
151472	211968
151472	212008
151472	220511
151472	229413
151472	230411
151472	234483
151472	234653
151472	235300
151472	237029
151472	238390
151472	250502
151472	250953
151472	252634
151472	257668
151472	258152
151472	261007
151472	269894
47427	50320
47427	84906
47427	151472
330	186750
330	225872
331	42950
331	49690
42950	331
42950	129777
49690	331
49690	6214
332	6213
332	12846
332	15672
332	20283
332	26083
332	28392
332	31328
332	32791
332	49995
332	55418
332	56464
332	56800
332	59571
332	62259
332	65286
332	67827
332	72919
332	74923
332	77323
332	79383
332	86049
332	90571
332	92715
332	96254
332	98286
332	98595
332	99464
332	104202
332	106064
332	108608
332	111873
332	114623
332	116900
332	117434
332	119538
332	123900
332	130094
332	132956
332	136623
332	139197
332	193160
332	194898
332	197549
332	202150
332	202286
332	246911
246911	32791
246911	98286
246911	98595
246911	132956
246911	209406
202286	32791
202286	91478
202286	91885
202286	95803
202286	98595
202286	103012
194898	32791
194898	83942
194898	98595
194898	216631
194898	223229
194898	227853
194898	232197
194898	236532
194898	238644
194898	243258
193160	32791
193160	98595
193160	160141
193160	170598
193160	175613
197549	32791
197549	98595
202150	32791
202150	44750
202150	98595
202150	218365
132956	32791
132956	98595
132956	183480
132956	185701
132956	190878
132956	198673
117434	32791
117434	98595
111873	32791
111873	53627
111873	65498
111873	69048
111873	98595
139197	332
139197	6213
139197	12846
139197	15672
139197	20283
139197	26083
139197	28392
139197	31328
139197	32791
139197	35759
139197	35966
139197	56800
139197	62259
139197	67827
139197	74923
139197	77323
139197	86049
139197	90571
139197	92715
139197	98595
139197	99464
139197	106064
139197	108608
139197	111171
139197	114623
139197	116900
139197	119538
139197	123900
139197	130094
139197	136623
139197	177473
139197	181789
139197	207943
139197	236242
136623	332
136623	6213
136623	12846
136623	15672
136623	20283
136623	26083
136623	28392
136623	31328
136623	32791
136623	41677
136623	56800
136623	62259
136623	67827
136623	74923
136623	77323
136623	86049
136623	90571
136623	92715
136623	98595
136623	99464
136623	106064
136623	108608
136623	114623
136623	116900
136623	119538
136623	123900
136623	130094
136623	132956
136623	139197
136623	209406
130094	332
130094	6213
130094	12846
130094	15672
130094	18325
130094	20283
130094	23621
130094	26083
130094	28022
130094	28392
130094	31328
130094	32027
130094	32791
130094	36479
130094	39036
130094	39093
130094	44800
130094	48096
130094	49995
130094	56295
130094	56800
130094	62259
130094	67827
130094	74923
130094	76236
130094	77323
130094	86049
130094	90571
130094	92715
130094	97282
130094	98595
130094	99464
130094	106064
130094	108608
130094	114623
130094	115353
130094	116900
130094	119538
130094	123900
130094	133190
130094	135461
130094	136623
130094	139197
130094	146219
130094	146603
130094	160141
130094	176647
130094	180131
130094	181789
130094	189138
130094	191781
130094	195370
130094	196106
130094	198699
130094	215281
130094	218365
130094	219561
130094	223911
130094	229598
130094	231532
130094	241373
130094	245001
130094	247987
130094	268263
130094	274855
123900	332
123900	6213
123900	12846
123900	15672
123900	20283
123900	26083
123900	28392
123900	31328
123900	32791
123900	35880
123900	41503
123900	51075
123900	56800
123900	62259
123900	65286
123900	67827
123900	74923
123900	77323
123900	86049
123900	90571
123900	92715
123900	98595
123900	99464
123900	106064
123900	108608
123900	114623
123900	116900
123900	119538
123900	124601
123900	130094
123900	136623
123900	139197
123900	180131
123900	194966
123900	199855
123900	206363
123900	212333
123900	215281
123900	238182
123900	248137
123900	260233
116900	332
116900	4278
116900	6213
116900	12846
116900	15672
116900	20283
116900	26083
116900	28392
116900	31328
116900	32791
116900	56800
116900	61413
116900	62259
116900	67827
116900	74923
116900	77323
116900	86049
116900	86876
116900	90571
116900	92715
116900	98595
116900	99464
116900	106064
116900	108608
116900	114623
116900	119538
116900	123900
116900	130094
116900	136623
116900	139197
116900	191683
116900	237162
119538	332
119538	4278
119538	6213
119538	12846
119538	15672
119538	20283
119538	26083
119538	28392
119538	31328
119538	32791
119538	41471
119538	55398
119538	56800
119538	62259
119538	67327
119538	67827
119538	74923
119538	77323
119538	86049
119538	90571
119538	92715
119538	98595
119538	99464
119538	106064
119538	108608
119538	114623
119538	116900
119538	123900
119538	130094
119538	136623
119538	139197
119538	142068
119538	147042
119538	153513
119538	198699
119538	227143
108608	332
108608	6213
108608	12846
108608	15672
108608	20283
108608	26083
108608	28392
108608	31328
108608	32791
108608	51307
108608	56800
108608	62259
108608	66498
108608	67827
108608	74923
108608	77323
108608	86049
108608	90571
108608	92715
108608	98595
108608	99464
108608	106064
108608	114623
108608	116900
108608	119538
108608	123900
108608	130094
108608	136623
108608	139197
108608	203696
114623	332
114623	6213
114623	12846
114623	15672
114623	18370
114623	20283
114623	26083
114623	28392
114623	31328
114623	32791
114623	56800
114623	62259
114623	63712
114623	67827
114623	74923
114623	77323
114623	86049
114623	90571
114623	92715
114623	98595
114623	99464
114623	106064
114623	108608
114623	116900
114623	119538
114623	123900
114623	130094
114623	132956
114623	136623
114623	139197
114623	209406
114623	265064
98595	10984
98595	19894
98595	24083
98595	32791
98595	41471
98595	64104
98595	68912
98595	82752
98595	84478
98595	96254
98595	102329
98595	110923
98595	121480
98595	146603
98595	147255
98595	178003
98595	178606
98595	182230
98595	185201
98595	188707
98595	197440
98595	203100
98595	203109
98595	203696
98595	208254
98595	210258
98595	217557
98595	228036
98595	246911
98595	247003
98595	268900
72919	32791
72919	67327
72919	79383
72919	98595
72919	194898
72919	195446
72919	210749
79383	32791
79383	98595
79383	107495
79383	111452
79383	122855
79383	138117
98286	32791
98286	77280
98286	79530
98286	86086
98286	98595
98286	203696
96254	6886
96254	32791
96254	96269
96254	98595
96254	98794
96254	218365
96254	271310
104202	1662
104202	4889
104202	11433
104202	17101
104202	21554
104202	26918
104202	32789
104202	32791
104202	35759
104202	41677
104202	48096
104202	51075
104202	55398
104202	61413
104202	63712
104202	66498
104202	72982
104202	79322
104202	81525
104202	84094
104202	88621
104202	94657
104202	98595
104202	101455
104202	110520
104202	112786
104202	121418
104202	177473
90571	332
90571	6213
90571	12846
90571	15672
90571	17101
90571	20283
90571	26083
90571	28392
90571	31328
90571	32791
90571	35873
90571	56800
90571	62259
90571	67827
90571	72430
90571	72919
90571	74923
90571	77323
90571	78258
90571	79383
90571	86049
90571	92715
90571	98595
90571	99464
90571	106064
90571	108608
90571	114623
90571	116900
90571	119538
90571	123900
90571	130094
90571	136623
90571	139197
90571	194898
92715	332
92715	4594
92715	6213
92715	11433
92715	12846
92715	15672
92715	20283
92715	26083
92715	28392
92715	30304
92715	31328
92715	32791
92715	35966
92715	38847
92715	41455
92715	49995
92715	51832
92715	52857
92715	55418
92715	56464
92715	56576
92715	56800
92715	60057
92715	62259
92715	67827
92715	71480
92715	72430
92715	74923
92715	76236
92715	77280
92715	77323
92715	79530
92715	86049
92715	90571
92715	96254
92715	97282
92715	98286
92715	98595
92715	99464
92715	106064
92715	107495
92715	108608
92715	111452
92715	114623
92715	116900
92715	119538
92715	122855
92715	123900
92715	127339
92715	129150
92715	130094
92715	132956
92715	136623
92715	138117
92715	139197
92715	158597
92715	203109
92715	203749
92715	209406
92715	211702
92715	212468
92715	215281
92715	223960
92715	227964
92715	234071
92715	251336
92715	260233
99464	332
99464	4889
99464	6213
99464	6886
99464	12846
99464	15672
99464	20283
99464	23581
99464	26083
99464	28392
99464	31328
99464	32791
99464	37720
99464	38847
99464	44800
99464	56800
99464	62259
99464	67827
99464	68912
99464	71255
99464	74923
99464	77323
99464	86049
99464	86086
99464	90571
99464	92715
99464	96254
99464	96269
99464	98595
99464	106064
99464	108608
99464	114623
99464	116900
99464	119538
99464	123900
99464	127675
99464	130094
99464	130652
99464	136623
99464	139197
99464	151789
99464	159242
99464	178606
99464	189051
99464	196106
99464	200207
99464	218365
99464	218511
99464	223960
99464	244703
106064	332
106064	1657
106064	1662
106064	4854
106064	6213
106064	11442
106064	12846
106064	15672
106064	17128
106064	20283
106064	26083
106064	28392
106064	31328
106064	32791
106064	38847
106064	56800
106064	62259
106064	67827
106064	74923
106064	76236
106064	77323
106064	86049
106064	90571
106064	92715
106064	96419
106064	98595
106064	99464
106064	108608
106064	114623
106064	116900
106064	119538
106064	123900
106064	124601
106064	129150
106064	130094
106064	136623
106064	139197
106064	180131
106064	196045
106064	215281
106064	215951
106064	223960
106064	245001
106064	247987
106064	248137
106064	260233
106064	268263
77323	332
77323	6213
77323	10984
77323	12846
77323	15672
77323	18370
77323	20283
77323	23581
77323	26083
77323	26441
77323	26918
77323	28392
77323	30304
77323	31328
77323	32791
77323	34291
77323	36479
77323	37430
77323	39172
77323	42621
77323	44747
77323	52857
77323	56800
77323	62259
77323	64104
77323	64624
77323	67827
77323	68912
77323	71480
77323	74923
77323	79530
77323	86049
77323	90571
77323	92715
77323	96419
77323	98595
77323	99464
77323	106064
77323	108608
77323	111171
77323	114623
77323	116900
77323	117677
77323	119538
77323	120206
77323	123381
77323	123900
77323	130094
77323	130652
77323	132956
77323	136623
77323	139197
77323	159242
77323	167815
77323	174717
77323	194731
77323	196143
77323	201490
77323	203391
77323	203749
77323	206569
77323	209422
77323	216147
77323	217557
77323	219178
77323	264536
77323	269961
77323	274855
74923	332
74923	6213
74923	12846
74923	15672
74923	20283
74923	26083
74923	26121
74923	28392
74923	31328
74923	32789
74923	32791
74923	56800
74923	62259
74923	67827
74923	77323
74923	86049
74923	86086
74923	90571
74923	92715
74923	98595
74923	99464
74923	106064
74923	108608
74923	114623
74923	116900
74923	119538
74923	123900
74923	130094
74923	136623
74923	139197
74923	147042
74923	189206
74923	189628
74923	191781
74923	207001
74923	227143
86049	332
86049	6213
86049	12846
86049	15672
86049	20283
86049	21554
86049	26083
86049	28022
86049	28392
86049	31328
86049	32791
86049	56800
86049	62259
86049	67827
86049	71998
86049	74923
86049	77280
86049	77323
86049	86086
86049	90571
86049	92715
86049	98595
86049	99464
86049	106064
86049	108608
86049	110863
86049	114623
86049	116900
86049	117677
86049	119538
86049	123900
86049	130094
86049	136623
86049	139197
86049	141161
86049	167815
86049	195370
86049	203109
86049	216147
86049	264536
55418	32791
55418	98595
49995	32791
49995	98595
49995	250752
56464	32791
56464	96254
56464	98595
56464	104910
56464	201277
56464	244577
59571	32791
59571	98595
59571	197549
65286	32791
65286	59571
65286	98595
65286	197549
65286	224073
65286	230921
56800	332
56800	6213
56800	12846
56800	15672
56800	20283
56800	26083
56800	28392
56800	31328
56800	32791
56800	62259
56800	67827
56800	74923
56800	77323
56800	86049
56800	90571
56800	92715
56800	98595
56800	99464
56800	106064
56800	108608
56800	114623
56800	116900
56800	119538
56800	121418
56800	123900
56800	130094
56800	136623
56800	139197
67827	332
67827	6213
67827	12846
67827	15672
67827	20283
67827	26083
67827	28392
67827	31328
67827	32791
67827	56800
67827	62259
67827	74923
67827	77323
67827	86049
67827	90571
67827	92715
67827	98595
67827	99464
67827	106064
67827	108608
67827	110520
67827	114623
67827	116900
67827	119538
67827	123900
67827	130094
67827	136623
67827	139197
62259	332
62259	6213
62259	12846
62259	15672
62259	20283
62259	26083
62259	28392
62259	31328
62259	32791
62259	56800
62259	67827
62259	74923
62259	77323
62259	86049
62259	90571
62259	92715
62259	98595
62259	99464
62259	106064
62259	108608
62259	112786
62259	114623
62259	116900
62259	119538
62259	123900
62259	130094
62259	136623
62259	139197
32791	332
32791	6213
32791	12846
32791	15672
32791	20283
32791	26083
32791	28392
32791	31328
32791	56800
32791	62259
32791	67827
32791	74923
32791	77323
32791	86049
32791	90571
32791	92715
32791	98595
32791	99464
32791	106064
32791	108608
32791	114623
32791	116900
32791	119538
32791	123900
32791	130094
32791	136623
32791	139197
15672	332
15672	6213
15672	12846
15672	20283
15672	26083
15672	28392
15672	31328
15672	32791
15672	56576
15672	56800
15672	62259
15672	67827
15672	74923
15672	77323
15672	86049
15672	88621
15672	90571
15672	92715
15672	98595
15672	99464
15672	106064
15672	108608
15672	114623
15672	116900
15672	119538
15672	123900
15672	130094
15672	136623
15672	139197
15672	228428
15672	271062
12846	332
12846	6213
12846	6886
12846	15672
12846	19729
12846	20283
12846	26083
12846	28392
12846	31328
12846	32791
12846	41275
12846	47846
12846	56800
12846	62259
12846	67827
12846	74923
12846	77323
12846	86049
12846	90571
12846	92715
12846	94657
12846	98595
12846	99464
12846	106064
12846	108608
12846	114623
12846	116900
12846	119538
12846	120206
12846	123900
12846	130094
12846	136623
12846	139197
12846	139275
12846	145764
12846	158597
12846	165593
12846	172431
12846	178606
12846	183077
12846	185325
12846	200207
12846	218511
12846	219561
12846	223960
12846	228856
12846	257944
12846	267927
12846	274855
6213	332
6213	12846
6213	15672
6213	20283
6213	26083
6213	28392
6213	31328
6213	32791
6213	55418
6213	56800
6213	62259
6213	67827
6213	74923
6213	77323
6213	86049
6213	90571
6213	92715
6213	98595
6213	99464
6213	101455
6213	106064
6213	108608
6213	114623
6213	116900
6213	119538
6213	123900
6213	130094
6213	136623
6213	139197
6213	247987
28392	332
28392	2833
28392	4594
28392	6213
28392	12846
28392	13787
28392	15672
28392	19894
28392	20283
28392	26083
28392	26441
28392	31000
28392	31238
28392	31328
28392	32671
28392	32791
28392	35966
28392	36479
28392	37430
28392	41455
28392	44747
28392	49995
28392	51307
28392	56295
28392	56576
28392	56800
28392	62259
28392	67827
28392	72430
28392	74923
28392	77323
28392	79322
28392	86049
28392	90571
28392	91478
28392	92715
28392	98595
28392	99464
28392	106064
28392	108608
28392	110767
28392	110863
28392	114504
28392	114623
28392	114967
28392	116900
28392	117434
28392	119538
28392	123381
28392	123900
28392	124601
28392	129530
28392	130094
28392	130652
28392	132166
28392	136623
28392	139155
28392	139197
28392	141414
28392	143262
28392	152377
28392	158597
28392	159964
28392	162971
28392	165593
28392	167815
28392	178606
28392	196045
28392	201055
28392	202286
28392	219596
28392	229598
28392	230247
28392	245705
28392	248137
28392	249214
28392	251807
31328	332
31328	6213
31328	12846
31328	15672
31328	20283
31328	26083
31328	27696
31328	28392
31328	32791
31328	35966
31328	39172
31328	51307
31328	51832
31328	56800
31328	62259
31328	67827
31328	72982
31328	74923
31328	76236
31328	77323
31328	79383
31328	86049
31328	90571
31328	91411
31328	92715
31328	98595
31328	99464
31328	106064
31328	108608
31328	112344
31328	114623
31328	116900
31328	119538
31328	123900
31328	124601
31328	130094
31328	135461
31328	136623
31328	139197
31328	162971
31328	189138
31328	195446
31328	206971
31328	241373
20283	332
20283	6213
20283	12846
20283	15672
20283	26083
20283	28392
20283	31328
20283	32791
20283	56800
20283	62259
20283	67827
20283	74226
20283	74923
20283	77323
20283	84094
20283	86049
20283	90571
20283	92715
20283	98595
20283	99464
20283	106064
20283	108608
20283	114623
20283	116900
20283	119538
20283	123900
20283	130094
20283	136623
20283	139197
20283	196106
20283	264536
26083	332
26083	1657
26083	5504
26083	6213
26083	12846
26083	15672
26083	20283
26083	27696
26083	28392
26083	31328
26083	32027
26083	32791
26083	56739
26083	56800
26083	60057
26083	62259
26083	64624
26083	67827
26083	74923
26083	77323
26083	80902
26083	81525
26083	84719
26083	86049
26083	90571
26083	91478
26083	92715
26083	98595
26083	99464
26083	106064
26083	108608
26083	114623
26083	116900
26083	119538
26083	123900
26083	130094
26083	136623
26083	139197
26083	167815
26083	171197
26083	174717
26083	178606
26083	180406
26083	181789
26083	183218
26083	194966
26083	196402
26083	203109
26083	209422
26083	211702
26083	212468
26083	215608
26083	227143
26083	227864
26083	227964
26083	231532
26083	237162
26083	241121
26083	249214
26083	251336
26083	269961
26083	271062
26083	276426
333	26629
333	69071
333	73100
333	76980
333	95090
333	132858
333	146705
333	151384
333	201412
333	203290
333	224547
333	259420
259420	73100
259420	146705
259420	270724
224547	333
224547	26629
224547	27894
224547	66832
224547	69071
224547	73100
224547	76980
224547	95090
224547	132858
224547	146705
224547	151384
224547	152341
224547	203290
224547	221643
224547	259420
203290	333
203290	26629
203290	69071
203290	73100
203290	76980
203290	95090
203290	132858
203290	146705
203290	151384
203290	224547
203290	259420
201412	123632
201412	234704
151384	333
151384	26629
151384	69071
151384	73100
151384	76980
151384	95090
151384	132858
151384	146705
151384	203290
151384	224547
151384	259420
146705	16131
146705	19449
146705	33821
146705	43075
146705	53802
146705	73100
146705	73525
146705	81024
146705	93041
146705	93647
146705	105351
146705	117905
146705	129922
146705	138302
146705	143557
146705	175835
146705	189940
146705	201032
146705	209954
146705	216225
146705	218520
146705	232299
146705	234565
146705	241369
146705	259420
146705	263586
146705	268240
146705	270037
132858	333
132858	26629
132858	69071
132858	73100
132858	76980
132858	95090
132858	146705
132858	151384
132858	203290
132858	224547
132858	259420
95090	333
95090	26629
95090	69071
95090	73100
95090	76980
95090	98306
95090	132858
95090	146705
95090	151384
95090	203290
95090	224547
95090	259420
76980	37737
76980	85260
76980	132695
76980	234704
73100	27766
73100	27983
73100	105607
73100	113546
73100	123059
73100	123074
73100	138302
73100	146705
73100	167297
73100	168875
73100	169679
73100	175269
73100	181425
73100	197399
73100	201032
73100	214007
73100	218520
73100	220661
73100	226411
73100	232299
73100	234565
73100	268240
73100	270037
69071	333
69071	26629
69071	33723
69071	73100
69071	76980
69071	94123
69071	95090
69071	132858
69071	139708
69071	146705
69071	151384
69071	203290
69071	224547
69071	259420
26629	18358
26629	36293
26629	36893
26629	38566
26629	63698
26629	66997
26629	73100
26629	123653
26629	145745
26629	146705
26629	150523
26629	175139
334	68889
334	95163
334	136821
334	251796
334	272442
335	98157
335	253655
253655	335
253655	26093
98157	335
98157	102969
336	8268
336	50785
336	60210
336	89073
336	93989
8268	336
8268	6210
8268	12840
8268	15675
8268	20280
8268	26092
8268	28397
8268	32104
8268	50785
8268	56805
8268	60210
8268	89073
8268	93989
8268	212918
337	55788
337	129627
337	241454
129627	337
129627	1254
129627	1880
129627	6481
129627	11922
129627	16616
129627	18138
129627	22508
129627	26763
129627	30508
129627	33638
129627	44005
129627	55788
129627	56999
129627	60080
129627	61486
129627	85732
129627	93217
129627	93483
129627	94367
129627	94479
129627	94614
129627	100627
129627	106314
129627	112557
129627	117154
129627	119155
129627	119763
129627	127429
129627	148323
129627	151232
129627	151447
129627	156624
129627	162708
129627	165875
129627	168082
129627	169559
129627	182465
129627	184036
129627	185048
129627	187476
129627	188363
129627	189301
129627	190046
129627	190504
129627	193721
129627	199810
129627	203498
129627	205266
129627	206285
129627	209472
129627	228258
129627	228376
129627	241454
129627	257101
129627	257474
129627	266431
129627	269811
129627	281854
338	57288
338	68382
338	69190
338	72597
338	84906
338	84941
338	97583
338	97785
338	180474
338	204601
180474	57288
180474	68382
180474	69190
180474	72597
180474	84906
180474	84941
180474	97583
180474	97785
180474	204601
204601	20911
204601	39818
204601	57288
204601	68382
204601	69190
204601	72597
204601	84906
204601	84941
204601	97583
204601	97785
204601	180474
204601	227738
204601	241265
204601	243701
204601	276721
84941	15541
84941	30109
84941	193155
84941	241227
84941	243701
97785	10874
97785	12659
97785	30109
97785	39408
97785	42492
97785	65463
97785	79687
97785	84906
97785	136342
97785	192631
97785	197493
97785	240366
97785	250312
97583	9421
97583	25706
97583	47287
97583	48963
97583	57288
97583	68382
97583	69190
97583	69774
97583	72597
97583	84906
97583	84941
97583	97785
97583	143252
97583	147071
97583	180474
97583	196055
97583	204601
97583	225335
97583	241265
72597	47287
72597	57288
72597	68382
72597	69190
72597	69774
72597	84906
72597	84941
72597	97583
72597	97785
72597	143252
72597	180474
72597	204601
72597	225335
72597	243701
68382	338
68382	16569
68382	19776
68382	25321
68382	30428
68382	41190
68382	57288
68382	69190
68382	72597
68382	84906
68382	84941
68382	97583
68382	97785
68382	106425
68382	107337
68382	116712
68382	140732
68382	146282
68382	150248
68382	152930
68382	163584
68382	180474
68382	191724
68382	193882
68382	195799
68382	204601
68382	219864
68382	227738
68382	230271
68382	231421
68382	243701
68382	245276
68382	278270
57288	9421
57288	10874
57288	21434
57288	25211
57288	30109
57288	47287
57288	48948
57288	68382
57288	69190
57288	72597
57288	84906
57288	84941
57288	97583
57288	97785
57288	147340
57288	150645
57288	166697
57288	180474
57288	194304
57288	204601
57288	208489
57288	223488
57288	263232
57288	273368
57288	278270
69190	21434
69190	25706
69190	57288
69190	68382
69190	72597
69190	84906
69190	84941
69190	97583
69190	97785
69190	147071
69190	180474
69190	196055
69190	204601
339	3833
339	10826
339	11229
339	12012
339	13187
339	19804
339	27922
339	30689
339	37706
339	39397
339	41033
339	49244
339	49401
339	57919
339	58206
339	63352
339	67816
339	69622
339	69970
339	81454
339	86607
339	88244
339	90561
339	94503
339	100360
339	101804
339	115713
339	119404
339	120601
339	123648
339	151571
339	164248
339	168817
339	168887
339	168975
339	170572
339	171945
339	174647
339	177602
339	187331
339	188789
339	205283
339	209807
339	213415
339	218288
339	224212
339	226411
339	227429
339	230960
339	234945
339	241726
339	249387
339	250238
339	250837
339	251886
339	256925
339	262731
339	264704
339	277220
339	277975
277975	161090
277975	234945
249387	10542
249387	14414
249387	17781
249387	26255
249387	30644
249387	31885
249387	33223
249387	34317
249387	40856
249387	46252
249387	47258
249387	50957
249387	52931
249387	62478
249387	67141
249387	68492
249387	71401
249387	77999
249387	89777
249387	92283
249387	96745
249387	97874
249387	101374
249387	106883
249387	108774
249387	114765
249387	120708
249387	125055
249387	134929
249387	137632
249387	143991
249387	144972
249387	151653
249387	176790
249387	178254
249387	180166
249387	181701
249387	183004
249387	183720
249387	192719
249387	205581
249387	221087
249387	233602
249387	234054
249387	236818
249387	244110
249387	245440
249387	247241
249387	247956
249387	259455
249387	263198
249387	272961
249387	279382
249387	280726
250837	19804
250837	27922
250837	30689
250837	69970
250837	86607
250837	119404
250837	120601
250837	227429
277220	339
256925	2424
256925	8808
256925	9890
256925	10826
256925	11591
256925	16106
256925	20122
256925	26889
256925	27922
256925	30689
256925	32425
256925	38239
256925	38799
256925	40779
256925	43195
256925	48215
256925	52910
256925	59350
256925	62938
256925	67816
256925	74980
256925	77352
256925	79343
256925	86607
256925	88257
256925	90463
256925	94503
256925	94639
256925	97900
256925	103732
256925	104835
256925	107298
256925	110453
256925	112288
256925	114283
256925	116091
256925	116836
256925	119404
256925	119671
256925	121929
256925	145505
256925	145637
256925	149020
256925	155594
256925	155852
256925	160009
256925	160356
256925	173228
256925	173442
256925	177770
256925	186520
256925	187008
256925	188745
256925	190296
256925	192479
256925	196563
256925	199323
256925	210633
256925	225645
256925	232218
256925	238255
256925	242706
256925	247620
256925	251182
256925	257591
256925	258396
256925	261199
256925	273428
256925	279191
264704	339
264704	19881
264704	176350
264704	203188
264704	213202
264704	241726
251886	339
251886	12012
251886	27922
251886	30689
251886	67816
251886	86607
251886	94503
251886	119404
251886	264704
250238	86607
250238	94503
250238	145547
250238	187199
262731	339
262731	67816
262731	86607
234945	145505
234945	167993
230960	218288
213415	139519
213415	248484
218288	9701
218288	11204
218288	11903
218288	30827
218288	36469
218288	51225
218288	58600
218288	59886
218288	73032
218288	86607
218288	127381
218288	136842
218288	149020
218288	149432
218288	207964
218288	241474
218288	249653
218288	250450
241726	339
241726	12012
241726	27922
241726	30689
241726	67816
241726	86607
241726	94503
241726	119404
241726	264704
227429	13187
227429	49401
227429	69970
227429	168817
227429	188789
224212	339
224212	9470
224212	36814
224212	54202
224212	59886
224212	67816
224212	86607
224212	98423
224212	142366
224212	187331
224212	214298
224212	280099
224212	280292
209807	145505
205283	10751
205283	12968
205283	14483
205283	15001
205283	18208
205283	20602
205283	26842
205283	27931
205283	30404
205283	32994
205283	33188
205283	36237
205283	39867
205283	63420
205283	64582
205283	66183
205283	77923
205283	78383
205283	82734
205283	86737
205283	88401
205283	90978
205283	119848
205283	131644
205283	134475
205283	139329
205283	159199
205283	161950
205283	162248
205283	170404
205283	180190
205283	182229
205283	190165
205283	197022
205283	200423
205283	224445
205283	225342
205283	238668
205283	240048
205283	240679
205283	249834
205283	254350
205283	258143
205283	264583
205283	266051
205283	266953
205283	268476
205283	269134
205283	270339
205283	274805
205283	276850
205283	279624
188789	215120
187331	36814
187331	86607
187331	98423
187331	151375
187331	214298
187331	224212
187331	260198
177602	90561
174647	69970
174647	120601
174647	168817
174647	168975
151571	29735
151571	218288
151571	250450
168975	339
168975	86607
168975	123648
168975	168887
168817	168975
168817	174647
171945	339
171945	25514
171945	67816
171945	86607
171945	98893
171945	115713
171945	179348
171945	274833
170572	67816
170572	171945
164248	339
164248	19804
164248	67816
164248	86607
164248	90561
164248	115713
164248	141173
164248	179348
164248	241474
168887	10780
168887	106505
168887	129784
168887	197088
168887	241474
168887	280292
119404	339
119404	19297
119404	29735
119404	32667
119404	32723
119404	46615
119404	107987
119404	124807
119404	135385
119404	140920
119404	145505
119404	160831
119404	161482
119404	164193
119404	168443
119404	168475
119404	191123
119404	198079
119404	218638
119404	225882
119404	226411
119404	247076
119404	248442
119404	253858
115713	67816
115713	171945
120601	69970
120601	227429
123648	339
123648	13187
123648	86607
123648	168975
123648	251886
100360	248484
94503	193956
94503	211854
94503	240944
88244	67816
88244	171945
101804	339
101804	41033
86607	35286
86607	57436
86607	59267
86607	67816
86607	70786
86607	129475
86607	145637
86607	148889
86607	150724
86607	158272
86607	179564
86607	226411
86607	250664
86607	251990
86607	272696
90561	339
90561	19804
90561	39397
90561	43589
90561	58206
90561	67816
90561	70148
90561	145505
90561	171945
90561	182821
90561	187331
90561	241726
90561	251886
81454	339
81454	3833
81454	10826
81454	11229
81454	12012
81454	13187
81454	27922
81454	30689
81454	37706
81454	41033
81454	49244
81454	49401
81454	57919
81454	58206
81454	63352
81454	67816
81454	69622
81454	69970
81454	86607
81454	94503
81454	100360
81454	101804
81454	119404
81454	120601
81454	123648
81454	145547
81454	150724
81454	151571
81454	168817
81454	168975
81454	170572
81454	174647
81454	187331
81454	188789
81454	205283
81454	209807
81454	224212
81454	226411
81454	227429
81454	230960
81454	248484
81454	249387
81454	250837
81454	251886
81454	264704
81454	277220
81454	277975
67816	339
67816	19804
67816	86607
67816	90561
69622	67816
69622	161090
69622	224212
49244	30689
37706	67816
57919	339
57919	11229
57919	86607
57919	90561
39397	30689
41033	13187
41033	63352
41033	70148
41033	101804
41033	224212
41033	227429
49401	94818
63352	339
63352	94818
69970	94818
69970	215120
58206	339
58206	9470
58206	11903
58206	59886
58206	67816
58206	81963
58206	86607
58206	98423
58206	129784
58206	131921
58206	140906
58206	149432
58206	157839
58206	187331
58206	207964
58206	214298
58206	216499
58206	224212
58206	233810
58206	241474
58206	242706
58206	245597
11229	67816
11229	86607
12012	339
12012	3968
12012	67965
12012	148889
12012	171966
12012	178204
12012	226411
12012	273549
27922	339
27922	12439
27922	59886
27922	160831
27922	226411
27922	228167
27922	241323
27922	241726
30689	339
30689	59886
30689	241474
10826	59886
10826	160831
10826	226411
19804	339
19804	24379
19804	67816
19804	104763
19804	114571
19804	164248
19804	171945
19804	173228
19804	213415
19804	216341
19804	241474
19804	250238
19804	250837
3833	69970
3833	101804
3833	120601
3833	218288
3833	250837
13187	339
13187	69970
13187	86607
13187	168887
13187	227429
340	64273
340	110883
340	217820
217820	340
217820	249846
110883	340
64273	340
341	135678
341	255299
255299	341
255299	108802
135678	341
135678	77555
342	226411
343	109078
343	119943
119943	50089
119943	66932
119943	97385
119943	182416
109078	105188
109078	119943
109078	167609
109078	237220
344	38886
344	56121
344	65422
344	176519
176519	38886
176519	56121
176519	114731
176519	118579
176519	219120
56121	54372
56121	64933
56121	73786
56121	103010
56121	115121
56121	176519
56121	219120
56121	220403
56121	268442
56121	269687
56121	281314
38886	10577
38886	16462
38886	56121
38886	65422
38886	133396
38886	176519
38886	199629
38886	208687
38886	236996
38886	244781
38886	281445
65422	38886
65422	129825
65422	158488
65422	173931
65422	176751
65422	229806
345	6204
345	15686
345	89073
345	134832
345	231363
15686	345
15686	12833
15686	89073
15686	134832
15686	231363
6204	345
6204	56810
6204	89073
6204	134832
6204	231363
6204	267140
346	6203
346	23996
346	28387
346	67503
346	134375
346	170452
346	229334
229334	23996
229334	67503
229334	67843
229334	134375
229334	170452
6203	346
6203	12832
6203	23996
6203	67503
6203	134375
6203	170452
6203	229334
28387	346
28387	23996
28387	31331
28387	67503
28387	134375
28387	170452
28387	229334
23996	346
23996	6203
23996	12832
23996	15687
23996	20285
23996	28387
23996	31331
23996	62246
23996	67503
23996	67843
23996	134375
23996	170452
23996	229334
23996	258690
347	6232
347	59991
347	67756
347	69358
347	241454
59991	347
59991	56780
59991	67756
59991	69358
59991	241454
6232	347
6232	67756
6232	69358
6232	241454
6232	259829
6232	279740
348	6231
348	21014
348	28410
348	119532
119532	21014
119532	108604
21014	119532
28410	348
28410	21014
28410	31341
28410	119532
6231	348
6231	12829
6231	21014
6231	119532
349	501
349	7016
349	7695
349	12121
349	18522
349	35298
349	36090
349	43896
349	53085
349	57607
349	62336
349	68047
349	73357
349	75952
349	80020
349	82637
349	92111
349	92121
349	93879
349	93910
349	94115
349	97552
349	129185
349	130346
349	130832
349	134083
349	137690
349	139924
349	143428
349	151878
349	152360
349	154835
349	174764
349	177176
349	177701
349	187775
349	198599
349	204569
349	215448
349	216335
349	218460
349	220953
349	226137
349	235469
349	238139
349	239595
349	245744
349	246117
349	259815
349	265387
349	272690
349	273292
349	279153
259815	73516
279153	278083
216335	22464
216335	101927
216335	278409
239595	51052
239595	60343
239595	60466
239595	64774
239595	79206
239595	99465
239595	158967
239595	242861
239595	255635
198599	12121
198599	97552
198599	214079
198599	251990
177701	278083
187775	14344
187775	14425
187775	57607
187775	139216
187775	219951
187775	239364
187775	266488
187775	274196
174764	28243
174764	35298
174764	42438
174764	67424
174764	99411
174764	114206
174764	143888
174764	152107
174764	170063
174764	173934
174764	181473
174764	205831
174764	209902
130346	58337
130346	215081
130346	226411
130346	278409
82637	278409
97552	226411
97552	278409
93910	278083
92111	278083
73357	28243
73357	35298
73357	42438
73357	67424
73357	99411
73357	114206
73357	170063
73357	173934
73357	174764
73357	181473
73357	205831
73357	209902
80020	51025
80020	60136
80020	62336
80020	65801
80020	75952
80020	92121
80020	94115
80020	120168
80020	134083
80020	151878
80020	152360
80020	184808
80020	238139
68047	278083
43896	80981
43896	215081
43896	226411
43896	278409
57607	14344
57607	14425
57607	139216
57607	187775
57607	219951
57607	239364
57607	266488
57607	274196
501	278083
12121	198599
35298	28243
35298	42438
35298	67424
35298	99411
35298	114206
35298	170063
35298	173934
35298	174764
35298	181473
35298	205831
35298	209902
7016	60136
7016	62336
7016	65801
7016	75952
7016	80020
7016	92121
7016	94115
7016	134083
7016	152360
7016	238139
350	178484
350	275065
275065	350
275065	116077
275065	120514
275065	262458
178484	21006
178484	116077
178484	116098
351	160731
351	163431
163431	351
163431	5212
160731	351
160731	176132
352	6227
352	59986
352	67756
352	69358
352	241454
352	265684
265684	67756
265684	69358
265684	160527
265684	241454
265684	256295
265684	269512
59986	352
59986	56781
59986	67756
59986	69358
59986	241454
6227	352
6227	67756
6227	69358
6227	122500
6227	210546
6227	241454
353	4740
353	12073
353	39168
353	48698
353	65551
353	110762
353	129593
353	147586
353	173847
353	197055
353	214878
353	226411
353	238395
353	244087
353	248330
353	265010
248330	4740
248330	39168
248330	48698
248330	65551
248330	110762
248330	129593
248330	197055
248330	214878
248330	226411
248330	238395
248330	244087
248330	265010
265010	4740
265010	39168
265010	48234
265010	48698
265010	65551
265010	110762
265010	117354
265010	129593
265010	144471
265010	157887
265010	161593
265010	167265
265010	197055
265010	211821
265010	214878
265010	216555
265010	226411
265010	238395
265010	244087
265010	247589
265010	248330
238395	4740
238395	39168
238395	48698
238395	65551
238395	110762
238395	129593
238395	197055
238395	214878
238395	226411
238395	244087
238395	248330
238395	265010
244087	4740
244087	18567
244087	39168
244087	46995
244087	48698
244087	65551
244087	110762
244087	129593
244087	173847
244087	174436
244087	197055
244087	214878
244087	226411
244087	238395
244087	248330
244087	265010
214878	4740
214878	9598
214878	30852
214878	39168
214878	48698
214878	65551
214878	93306
214878	110762
214878	110962
214878	118328
214878	123993
214878	128624
214878	129593
214878	148648
214878	157887
214878	165538
214878	171543
214878	178640
214878	183905
214878	197055
214878	197068
214878	200241
214878	215177
214878	217327
214878	226411
214878	238395
214878	243189
214878	244087
214878	248097
214878	248330
214878	257828
214878	265010
197055	4740
197055	15695
197055	28731
197055	39168
197055	48698
197055	65551
197055	75009
197055	85123
197055	109429
197055	110762
197055	113119
197055	120702
197055	127067
197055	129593
197055	178676
197055	214878
197055	226411
197055	238395
197055	244087
197055	248330
197055	251262
197055	262298
197055	265010
147586	353
147586	4740
147586	12073
147586	39168
147586	48698
147586	65551
147586	110762
147586	129593
147586	173847
147586	197055
147586	214878
147586	226411
147586	238395
147586	244087
147586	248330
147586	265010
173847	353
173847	4740
173847	12073
173847	39168
173847	48698
173847	65551
173847	110762
173847	129593
173847	147586
173847	197055
173847	214878
173847	226411
173847	238395
173847	244087
173847	248330
173847	265010
110762	4740
110762	39168
110762	48698
110762	65551
110762	129593
110762	197055
110762	214878
110762	226411
110762	238395
110762	244087
110762	248330
110762	265010
129593	4740
129593	39168
129593	48698
129593	65551
129593	110762
129593	197055
129593	214878
129593	226411
129593	238395
129593	244087
129593	248330
129593	265010
39168	4740
39168	8353
39168	8534
39168	48698
39168	65551
39168	110762
39168	112118
39168	129593
39168	142243
39168	166231
39168	194803
39168	197055
39168	214878
39168	218999
39168	226411
39168	231655
39168	238395
39168	244087
39168	248330
39168	251564
39168	265010
39168	267576
48698	4740
48698	39168
48698	65551
48698	110762
48698	129593
48698	197055
48698	214878
48698	226411
48698	238395
48698	244087
48698	248330
48698	265010
65551	7213
65551	10365
65551	18412
65551	21315
65551	25126
65551	28140
65551	40745
65551	47352
65551	58718
65551	60036
65551	100770
65551	120861
65551	123955
65551	133747
65551	146989
65551	152019
65551	153900
65551	158957
65551	176541
65551	192120
65551	198821
65551	215600
65551	220070
65551	224643
65551	226411
65551	239874
65551	255694
65551	264216
65551	266083
65551	268261
12073	353
12073	4740
12073	39168
12073	48698
12073	65551
12073	110762
12073	129593
12073	147586
12073	173847
12073	197055
12073	214878
12073	226411
12073	238395
12073	244087
12073	248330
12073	265010
4740	39168
4740	48698
4740	65551
4740	110762
4740	129593
4740	197055
4740	214878
4740	226411
4740	238395
4740	244087
4740	248330
4740	265010
354	45639
45639	129285
45639	138883
45639	168745
45639	254292
355	67778
355	97325
97325	355
97325	25732
67778	355
67778	214618
356	27904
356	117152
356	235496
356	272762
272762	27904
272762	117152
272762	235496
235496	27904
235496	32588
235496	117152
235496	130767
235496	146885
235496	216911
235496	238977
235496	257860
235496	272762
117152	17056
117152	18545
117152	21868
117152	23414
117152	24005
117152	24273
117152	27904
117152	27964
117152	36201
117152	41704
117152	48745
117152	55432
117152	56564
117152	63746
117152	64088
117152	74140
117152	75721
117152	81246
117152	82010
117152	89448
117152	91971
117152	93986
117152	103307
117152	106519
117152	106765
117152	111624
117152	111696
117152	112220
117152	113028
117152	120302
117152	127738
117152	127751
117152	130780
117152	140441
117152	141140
117152	142074
117152	144571
117152	146885
117152	147674
117152	151857
117152	151874
117152	170273
117152	171529
117152	183327
117152	192615
117152	194160
117152	194292
117152	194473
117152	196887
117152	199610
117152	199994
117152	202667
117152	215235
117152	217765
117152	218180
117152	221550
117152	235496
117152	235549
117152	242694
117152	245715
117152	250170
117152	250525
117152	257860
117152	258651
117152	264820
117152	264987
117152	267895
117152	271497
117152	272762
117152	275138
117152	277492
27904	117152
27904	235496
27904	272762
357	595
595	357
595	201784
595	210510
595	259708
595	281282
358	24986
358	26496
358	202651
358	237308
237308	358
237308	202651
237308	212650
237308	228814
202651	144560
202651	176899
26496	358
26496	16392
26496	56766
26496	168988
26496	176899
26496	228814
24986	358
24986	16392
24986	142342
24986	202651
359	6218
359	28408
359	89073
359	134832
359	231363
6218	359
6218	12819
6218	89073
6218	134832
6218	225481
6218	231363
28408	359
28408	31343
28408	89073
28408	99849
28408	134832
28408	231363
360	6217
360	67756
360	69358
360	197631
360	241454
197631	67756
197631	69358
197631	200741
197631	208509
197631	241454
6217	360
6217	12847
6217	31344
6217	67756
6217	69358
6217	241454
361	11851
361	18239
361	29211
361	33263
361	34573
361	35302
361	38342
361	58038
361	58744
361	67223
361	81435
361	82030
361	83198
361	86029
361	92172
361	105607
361	130921
361	160365
361	161854
361	167295
361	171365
361	192459
361	198090
361	212093
361	214128
361	226411
361	234704
361	235761
361	243772
361	245659
361	252550
361	266811
361	268561
361	269403
361	272809
361	279378
269403	11851
269403	18239
269403	29211
269403	33263
269403	34573
269403	38342
269403	58038
269403	81435
269403	82030
269403	83198
269403	86029
269403	92172
269403	105607
269403	160365
269403	167295
269403	198090
269403	214128
269403	226411
269403	234704
269403	245659
279378	34573
279378	38342
279378	81435
279378	105607
279378	167295
279378	198090
279378	214128
279378	226411
279378	234704
279378	245659
272809	34573
272809	38342
272809	81435
272809	105607
272809	167295
272809	198090
272809	214128
272809	226411
272809	234704
272809	245659
252550	34573
252550	38342
252550	81435
252550	105607
252550	167295
252550	198090
252550	214128
252550	226411
252550	234704
252550	245659
268561	34573
268561	38342
268561	81435
268561	105607
268561	167295
268561	198090
268561	214128
268561	226411
268561	234704
268561	245659
266811	34573
266811	38342
266811	81435
266811	105607
266811	167295
266811	198090
266811	214128
266811	226411
266811	234704
266811	245659
212093	34573
212093	38342
212093	81435
212093	105607
212093	167295
212093	198090
212093	214128
212093	226411
212093	234704
212093	245659
235761	34573
235761	38342
235761	81435
235761	105607
235761	167295
235761	198090
235761	214128
235761	226411
235761	234704
235761	245659
243772	11851
243772	18239
243772	29211
243772	33263
243772	34573
243772	35302
243772	38342
243772	58038
243772	58744
243772	67223
243772	81435
243772	82030
243772	83198
243772	86029
243772	92172
243772	105607
243772	130921
243772	160365
243772	161854
243772	167295
243772	171365
243772	192459
243772	198090
243772	212093
243772	214128
243772	226411
243772	234704
243772	235761
243772	245659
243772	252550
243772	266811
243772	268561
243772	269403
243772	272809
243772	279378
192459	34573
192459	38342
192459	81435
192459	105607
192459	167295
192459	198090
192459	214128
192459	226411
192459	234704
192459	245659
160365	11851
160365	18239
160365	29211
160365	33263
160365	34573
160365	38342
160365	58038
160365	81435
160365	82030
160365	83198
160365	86029
160365	92172
160365	105607
160365	167295
160365	198090
160365	214128
160365	226411
160365	234704
160365	245659
160365	269403
171365	34573
171365	38342
171365	81435
171365	105607
171365	167295
171365	198090
171365	214128
171365	226411
171365	234704
171365	245659
161854	34573
161854	38342
161854	81435
161854	105607
161854	167295
161854	198090
161854	214128
161854	226411
161854	234704
161854	245659
130921	34573
130921	38342
130921	81435
130921	105607
130921	167295
130921	198090
130921	214128
130921	226411
130921	234704
130921	245659
86029	11851
86029	18239
86029	29211
86029	33263
86029	34573
86029	38342
86029	58038
86029	81435
86029	82030
86029	83198
86029	92172
86029	105607
86029	160365
86029	167295
86029	198090
86029	214128
86029	226411
86029	234704
86029	245659
86029	269403
92172	11851
92172	18239
92172	29211
92172	33263
92172	34573
92172	38342
92172	58038
92172	81435
92172	82030
92172	83198
92172	86029
92172	105607
92172	160365
92172	167295
92172	198090
92172	214128
92172	226411
92172	234704
92172	245659
92172	269403
83198	11851
83198	18239
83198	29211
83198	33263
83198	34573
83198	38342
83198	58038
83198	81435
83198	82030
83198	86029
83198	92172
83198	105607
83198	160365
83198	167295
83198	198090
83198	214128
83198	226411
83198	234704
83198	245659
83198	269403
82030	11851
82030	18239
82030	29211
82030	33263
82030	34573
82030	38342
82030	58038
82030	81435
82030	83198
82030	86029
82030	92172
82030	105607
82030	160365
82030	167295
82030	198090
82030	214128
82030	226411
82030	234704
82030	245659
82030	269403
58038	11851
58038	18239
58038	29211
58038	33263
58038	34573
58038	38342
58038	81435
58038	82030
58038	83198
58038	86029
58038	92172
58038	105607
58038	160365
58038	167295
58038	198090
58038	214128
58038	226411
58038	234704
58038	245659
58038	269403
58744	34573
58744	38342
58744	81435
58744	105607
58744	167295
58744	198090
58744	214128
58744	226411
58744	234704
58744	245659
67223	34573
67223	38342
67223	81435
67223	105607
67223	167295
67223	198090
67223	214128
67223	226411
67223	234704
67223	245659
29211	34573
29211	38342
29211	81435
29211	105607
29211	167295
29211	198090
29211	214128
29211	226411
29211	234704
29211	245659
33263	34573
33263	38342
33263	81435
33263	105607
33263	167295
33263	198090
33263	214128
33263	226411
33263	234704
33263	245659
18239	11851
18239	29211
18239	33263
18239	34573
18239	38342
18239	58038
18239	81435
18239	82030
18239	83198
18239	86029
18239	92172
18239	105607
18239	160365
18239	167295
18239	198090
18239	214128
18239	226411
18239	234704
18239	245659
18239	269403
11851	18239
11851	29211
11851	33263
11851	34573
11851	38342
11851	58038
11851	81435
11851	82030
11851	83198
11851	86029
11851	92172
11851	105607
11851	160365
11851	167295
11851	198090
11851	214128
11851	226411
11851	234704
11851	245659
11851	269403
35302	34573
35302	38342
35302	81435
35302	105607
35302	167295
35302	198090
35302	214128
35302	226411
35302	234704
35302	245659
362	14125
362	19470
362	20533
362	53055
362	84428
362	92641
362	116180
362	117864
362	141370
362	165189
362	177014
362	226290
362	243180
362	244195
362	247252
362	281568
363	6174
363	59973
363	89073
363	134832
363	231363
363	246286
246286	89073
246286	134832
246286	230889
246286	231363
246286	240025
59973	363
59973	56838
59973	89073
59973	134832
59973	231363
6174	363
6174	12750
6174	89073
6174	131478
6174	134832
6174	231363
364	68295
68295	74250
68295	88174
68295	90515
68295	160831
68295	166360
68295	226411
68295	234694
68295	238083
365	84428
365	170281
365	170578
365	173057
365	185718
365	204925
365	226411
365	266335
266335	2204
266335	14344
266335	20478
266335	21368
266335	21519
266335	24743
266335	31737
266335	36106
266335	43078
266335	48533
266335	53086
266335	59776
266335	63064
266335	64289
266335	64992
266335	66346
266335	66860
266335	71191
266335	76114
266335	79927
266335	82438
266335	82665
266335	84428
266335	85759
266335	86477
266335	87316
266335	93924
266335	96263
266335	97133
266335	97812
266335	106559
266335	108525
266335	113821
266335	114598
266335	114719
266335	119210
266335	119859
266335	120800
266335	126838
266335	131212
266335	132738
266335	133700
266335	135444
266335	135464
266335	140017
266335	141970
266335	143429
266335	143531
266335	153418
266335	154414
266335	160937
266335	170281
266335	170956
266335	171551
266335	173057
266335	175134
266335	177357
266335	181100
266335	183907
266335	185718
266335	190622
266335	193309
266335	203662
266335	203842
266335	204925
266335	208156
266335	215794
266335	216902
266335	218718
266335	221020
266335	221124
266335	226411
266335	230519
266335	232979
266335	242995
266335	243398
266335	244875
266335	249776
266335	253151
266335	253625
266335	255002
266335	255482
266335	258860
266335	259880
266335	265214
266335	265500
266335	271847
266335	273079
266335	274593
266335	274912
266335	281733
204925	84428
204925	158980
204925	170281
204925	170578
204925	173057
204925	185718
204925	195063
204925	203662
204925	226411
204925	266335
185718	84428
185718	170281
185718	170578
185718	173057
185718	204925
185718	219782
185718	226411
185718	266335
170578	84428
170578	170281
170578	173057
170578	185718
170578	204925
170578	226411
170578	266335
170281	84428
170281	170578
170281	173057
170281	185718
170281	204925
170281	226411
170281	266335
173057	84428
173057	158980
173057	170281
173057	170578
173057	185718
173057	195063
173057	203662
173057	204925
173057	226411
173057	266335
366	210802
366	213087
213087	366
213087	23559
213087	239857
213087	252034
213087	260700
213087	264509
210802	366
367	22114
367	24999
367	51746
367	62603
367	73368
367	77172
367	79160
367	83672
367	87349
367	90794
367	101184
367	104307
367	110102
367	111803
367	118539
367	119479
367	126598
367	133368
367	151036
367	151621
367	155891
367	173954
367	180200
367	182133
367	201315
367	213569
367	218245
367	263599
367	265134
367	279634
367	279695
265134	367
265134	22114
265134	33098
265134	51746
265134	71930
265134	73368
265134	74016
265134	101184
265134	104307
265134	110102
265134	111803
265134	119479
265134	151621
265134	263599
279634	367
279634	39560
279634	45454
279634	51746
279634	76943
279634	101184
279634	104307
279634	110102
279634	111803
279634	119479
279634	151036
279634	151621
279634	155891
279634	168190
279634	180200
279634	201315
279634	215749
279634	248287
279634	263599
279634	281050
279695	367
279695	40233
279695	80626
279695	101184
279695	106127
279695	110102
279695	111803
279695	119479
279695	214392
279695	263599
263599	367
263599	51746
263599	54287
263599	67318
263599	77172
263599	80626
263599	83672
263599	101184
263599	110102
263599	111803
263599	119479
263599	133368
263599	173954
263599	174087
263599	207968
263599	213569
263599	218245
263599	279695
218245	367
218245	101184
218245	110102
218245	111803
218245	119479
218245	214392
218245	243009
218245	263599
213569	367
213569	101184
213569	110102
213569	111803
213569	119479
213569	211419
213569	214392
213569	263599
180200	13505
180200	119479
180200	128519
180200	154106
180200	161247
180200	222608
201315	367
201315	30389
201315	39560
201315	51746
201315	101184
201315	104307
201315	110102
201315	111803
201315	119479
201315	151621
201315	248287
201315	263599
201315	279634
182133	367
182133	101184
182133	110102
182133	111803
182133	119479
182133	156373
182133	173954
182133	214392
182133	263599
151036	367
151036	39560
151036	51746
151036	92087
151036	101184
151036	104307
151036	110102
151036	111803
151036	119479
151036	151621
151036	248287
151036	263599
151036	279634
155891	367
155891	2486
155891	39560
155891	51746
155891	101184
155891	110102
155891	111803
155891	116919
155891	119479
155891	248287
155891	263599
151621	367
151621	22114
151621	51746
151621	73368
151621	79160
151621	101184
151621	104307
151621	110102
151621	111803
151621	119479
151621	126598
151621	151036
151621	201315
151621	214392
151621	224189
151621	263599
151621	265134
151621	279634
173954	367
173954	18525
173954	62603
173954	90794
173954	101184
173954	110102
173954	111803
173954	118539
173954	119479
173954	182133
173954	214392
173954	263599
110102	34687
110102	65841
110102	119479
110102	147601
110102	154106
110102	210330
110102	220426
111803	68043
111803	77542
111803	86024
111803	110102
111803	119479
111803	154106
111803	180200
111803	207031
111803	227067
111803	241526
111803	273283
126598	367
126598	22114
126598	51746
126598	71930
126598	73368
126598	74016
126598	101184
126598	104307
126598	110102
126598	111803
126598	119479
126598	151621
126598	263599
126598	272487
118539	367
118539	62603
118539	101184
118539	110102
118539	111803
118539	119479
118539	173954
118539	214392
118539	263599
118539	267296
133368	367
133368	63627
133368	80626
133368	101184
133368	106127
133368	110102
133368	111803
133368	119479
133368	214392
133368	263599
83672	367
83672	9223
83672	10083
83672	20234
83672	38693
83672	39990
83672	52416
83672	61500
83672	61675
83672	67318
83672	70547
83672	79005
83672	80626
83672	81074
83672	86174
83672	101184
83672	106127
83672	119479
83672	127417
83672	130343
83672	131837
83672	142332
83672	167678
83672	167862
83672	168190
83672	170242
83672	174087
83672	174935
83672	182893
83672	204113
83672	212304
83672	215749
83672	225570
83672	231299
83672	238554
83672	260738
83672	263599
87349	367
87349	119479
79160	367
79160	22114
79160	51746
79160	71930
79160	73368
79160	74016
79160	89823
79160	101184
79160	104307
79160	110102
79160	111803
79160	119479
79160	140543
79160	151621
79160	263599
79160	278967
73368	367
73368	22114
73368	51746
73368	71930
73368	74016
73368	79160
73368	84856
73368	89823
73368	101184
73368	104307
73368	110102
73368	111803
73368	119479
73368	126598
73368	151621
73368	263599
73368	265134
73368	270150
73368	278967
104307	367
104307	22114
104307	32636
104307	39194
104307	51746
104307	66394
104307	73368
104307	79160
104307	101184
104307	110102
104307	111803
104307	119479
104307	124347
104307	126598
104307	132524
104307	142332
104307	145450
104307	151036
104307	151621
104307	168102
104307	168519
104307	197792
104307	201315
104307	210913
104307	212168
104307	248741
104307	263599
104307	265134
104307	279634
90794	367
90794	101184
90794	110102
90794	111803
90794	119479
90794	173954
90794	214392
90794	263599
90794	276831
77172	367
77172	24874
77172	101184
77172	110102
77172	111803
77172	119479
77172	214392
77172	263599
101184	367
101184	10083
101184	39194
101184	51746
101184	67318
101184	77172
101184	80626
101184	83672
101184	110102
101184	111803
101184	119479
101184	127417
101184	131837
101184	133368
101184	168190
101184	168519
101184	173954
101184	174087
101184	180520
101184	207968
101184	210913
101184	213569
101184	215749
101184	218245
101184	231299
101184	238542
101184	263599
101184	279695
101184	281050
62603	367
62603	101184
62603	110102
62603	111803
62603	118539
62603	119479
62603	173954
62603	180200
62603	195262
62603	214392
62603	263599
51746	367
51746	22114
51746	24999
51746	73368
51746	79160
51746	101184
51746	104307
51746	110102
51746	111561
51746	111803
51746	119479
51746	126598
51746	151036
51746	151621
51746	155891
51746	201315
51746	214392
51746	263599
51746	265134
51746	279634
22114	367
22114	32375
22114	32636
22114	39194
22114	51746
22114	73368
22114	79160
22114	81140
22114	96054
22114	101184
22114	104307
22114	110102
22114	110367
22114	111803
22114	119479
22114	126598
22114	151621
22114	168519
22114	210913
22114	215749
22114	232382
22114	257061
22114	263599
22114	265134
24999	367
24999	51746
24999	101184
24999	110102
24999	111803
24999	119479
24999	214392
24999	263599
24999	267260
368	25876
368	32105
368	34573
368	38342
368	38637
368	45913
368	68500
368	72785
368	81435
368	92026
368	100543
368	105607
368	116542
368	120441
368	125479
368	133794
368	138312
368	140158
368	167295
368	168003
368	172369
368	177633
368	191605
368	198090
368	200602
368	214128
368	216046
368	216494
368	226411
368	230457
368	234704
368	240334
368	245659
368	249250
368	252332
368	272260
249250	34573
249250	38342
249250	38637
249250	68500
249250	72785
249250	73717
249250	81435
249250	92523
249250	92714
249250	105607
249250	107797
249250	109509
249250	115864
249250	116542
249250	120441
249250	125479
249250	133794
249250	137900
249250	167295
249250	177633
249250	180627
249250	184813
249250	189581
249250	198090
249250	200965
249250	214128
249250	215338
249250	216046
249250	226411
249250	230457
249250	234704
249250	245659
249250	254690
249250	280894
272260	1650
272260	8888
272260	22382
272260	23158
272260	27011
272260	34573
272260	38342
272260	41710
272260	47219
272260	65608
272260	73798
272260	81435
272260	101288
272260	105607
272260	144211
272260	145495
272260	146257
272260	158962
272260	167295
272260	172996
272260	186310
272260	195252
272260	198090
272260	201883
272260	212585
272260	214128
272260	214579
272260	216579
272260	219092
272260	219838
272260	226411
272260	231480
272260	234704
272260	239103
272260	245659
272260	249142
252332	1650
252332	8888
252332	22382
252332	23158
252332	27011
252332	34573
252332	38342
252332	41710
252332	47219
252332	65608
252332	73798
252332	81435
252332	101288
252332	105607
252332	144211
252332	145495
252332	146257
252332	158962
252332	167295
252332	172996
252332	186310
252332	195252
252332	198090
252332	201883
252332	212585
252332	214128
252332	214579
252332	216579
252332	219092
252332	219838
252332	226411
252332	231480
252332	234704
252332	239103
252332	245659
252332	249142
230457	16045
230457	24750
230457	34573
230457	38342
230457	38637
230457	68500
230457	72785
230457	79510
230457	81435
230457	84122
230457	105607
230457	116542
230457	120441
230457	125479
230457	127378
230457	133794
230457	144779
230457	148705
230457	152877
230457	167295
230457	177633
230457	183226
230457	198090
230457	214128
230457	216046
230457	226189
230457	226411
230457	234704
230457	235290
230457	245659
230457	249250
230457	255018
230457	264135
230457	273509
216046	16045
216046	24750
216046	34573
216046	38342
216046	38637
216046	68500
216046	72785
216046	79510
216046	81435
216046	84122
216046	105607
216046	116542
216046	120441
216046	125479
216046	127378
216046	133794
216046	144779
216046	148705
216046	152877
216046	167295
216046	177633
216046	183226
216046	198090
216046	214128
216046	226189
216046	226411
216046	230457
216046	234704
216046	235290
216046	245659
216046	249250
216046	255018
216046	264135
216046	273509
240334	1650
240334	8888
240334	22382
240334	23158
240334	27011
240334	34573
240334	38342
240334	41710
240334	47219
240334	65608
240334	73798
240334	81435
240334	101288
240334	105607
240334	144211
240334	145495
240334	146257
240334	158962
240334	167295
240334	172996
240334	186310
240334	195252
240334	198090
240334	201883
240334	212585
240334	214128
240334	214579
240334	216579
240334	219092
240334	219838
240334	226411
240334	231480
240334	234704
240334	239103
240334	245659
240334	249142
216494	1650
216494	8888
216494	22382
216494	23158
216494	27011
216494	34573
216494	38342
216494	41710
216494	47219
216494	65608
216494	73798
216494	81435
216494	101288
216494	105607
216494	144211
216494	145495
216494	146257
216494	158962
216494	167295
216494	172996
216494	186310
216494	195252
216494	198090
216494	201883
216494	212585
216494	214128
216494	214579
216494	216579
216494	219092
216494	219838
216494	226411
216494	231480
216494	234704
216494	239103
216494	245659
216494	249142
177633	3743
177633	15358
177633	34573
177633	38342
177633	41964
177633	48771
177633	49294
177633	75414
177633	77962
177633	79312
177633	81435
177633	86716
177633	87486
177633	91148
177633	100924
177633	104335
177633	105607
177633	111633
177633	114846
177633	134751
177633	140856
177633	147065
177633	157780
177633	159657
177633	167295
177633	168451
177633	194215
177633	198090
177633	204268
177633	214128
177633	226411
177633	234704
177633	245659
177633	280556
200602	1650
200602	8888
200602	22382
200602	23158
200602	27011
200602	34573
200602	38342
200602	41710
200602	47219
200602	65608
200602	73798
200602	81435
200602	101288
200602	105607
200602	144211
200602	145495
200602	146257
200602	158962
200602	167295
200602	172996
200602	186310
200602	195252
200602	198090
200602	201883
200602	212585
200602	214128
200602	214579
200602	216579
200602	219092
200602	219838
200602	226411
200602	231480
200602	234704
200602	239103
200602	245659
200602	249142
191605	1650
191605	8888
191605	22382
191605	23158
191605	27011
191605	34573
191605	38342
191605	41710
191605	47219
191605	65608
191605	73798
191605	81435
191605	101288
191605	105607
191605	144211
191605	145495
191605	146257
191605	158962
191605	167295
191605	172996
191605	186310
191605	195252
191605	198090
191605	201883
191605	212585
191605	214128
191605	214579
191605	216579
191605	219092
191605	219838
191605	226411
191605	231480
191605	234704
191605	239103
191605	245659
191605	249142
168003	1650
168003	8888
168003	22382
168003	23158
168003	27011
168003	34573
168003	38342
168003	41710
168003	47219
168003	65608
168003	73798
168003	81435
168003	101288
168003	105607
168003	144211
168003	145495
168003	146257
168003	158962
168003	167295
168003	172996
168003	186310
168003	195252
168003	198090
168003	201883
168003	212585
168003	214128
168003	214579
168003	216579
168003	219092
168003	219838
168003	226411
168003	231480
168003	234704
168003	239103
168003	245659
168003	249142
172369	1650
172369	8888
172369	22382
172369	23158
172369	27011
172369	34573
172369	38342
172369	41710
172369	47219
172369	65608
172369	73798
172369	81435
172369	101288
172369	105607
172369	144211
172369	145495
172369	146257
172369	158962
172369	167295
172369	172996
172369	186310
172369	195252
172369	198090
172369	201883
172369	212585
172369	214128
172369	214579
172369	216579
172369	219092
172369	219838
172369	226411
172369	231480
172369	234704
172369	239103
172369	245659
172369	249142
125479	3743
125479	11525
125479	15358
125479	26040
125479	34573
125479	38342
125479	38436
125479	38756
125479	41687
125479	47507
125479	48771
125479	57979
125479	75414
125479	77962
125479	81435
125479	94491
125479	100924
125479	105607
125479	111633
125479	122519
125479	130981
125479	157780
125479	167295
125479	168451
125479	194215
125479	198090
125479	204268
125479	214128
125479	226411
125479	234704
125479	245659
125479	246639
125479	250941
125479	256923
125479	275695
116542	9196
116542	13471
116542	20011
116542	33434
116542	34573
116542	38342
116542	38637
116542	68500
116542	72785
116542	81435
116542	85175
116542	87248
116542	94296
116542	105607
116542	119919
116542	120441
116542	123825
116542	125479
116542	128293
116542	133794
116542	167295
116542	177633
116542	196441
116542	198090
116542	200294
116542	205860
116542	214128
116542	216046
116542	216670
116542	226411
116542	228992
116542	230457
116542	234704
116542	245659
116542	249250
120441	9819
120441	34573
120441	38342
120441	38637
120441	41826
120441	42704
120441	68500
120441	72785
120441	81435
120441	99071
120441	103437
120441	105607
120441	116542
120441	122099
120441	123268
120441	125479
120441	131126
120441	133794
120441	141474
120441	161637
120441	167295
120441	171179
120441	177633
120441	191622
120441	195820
120441	198090
120441	214128
120441	216046
120441	224911
120441	226411
120441	230457
120441	234704
120441	245659
120441	249250
133794	5893
133794	34320
133794	34573
133794	38342
133794	38637
133794	47369
133794	54603
133794	56529
133794	68500
133794	72785
133794	81435
133794	96205
133794	105607
133794	106534
133794	116542
133794	119194
133794	120441
133794	125292
133794	125479
133794	129552
133794	167295
133794	175729
133794	177633
133794	198090
133794	202197
133794	209431
133794	214128
133794	216046
133794	226411
133794	230457
133794	234704
133794	245659
133794	249250
133794	254177
140158	1650
140158	8888
140158	22382
140158	23158
140158	27011
140158	34573
140158	38342
140158	41710
140158	47219
140158	65608
140158	73798
140158	81435
140158	101288
140158	105607
140158	144211
140158	145495
140158	146257
140158	158962
140158	167295
140158	172996
140158	186310
140158	195252
140158	198090
140158	201883
140158	212585
140158	214128
140158	214579
140158	216579
140158	219092
140158	219838
140158	226411
140158	231480
140158	234704
140158	239103
140158	245659
140158	249142
138312	25876
138312	32105
138312	34573
138312	38342
138312	38637
138312	45913
138312	68500
138312	72785
138312	81435
138312	92026
138312	100543
138312	105607
138312	116542
138312	120441
138312	125479
138312	133794
138312	140158
138312	167295
138312	168003
138312	172369
138312	177633
138312	191605
138312	198090
138312	200602
138312	214128
138312	216046
138312	216494
138312	226411
138312	230457
138312	234704
138312	240334
138312	245659
138312	249250
138312	252332
138312	272260
72785	34573
72785	38342
72785	38637
72785	41428
72785	50654
72785	59187
72785	68500
72785	78314
72785	80999
72785	81435
72785	87626
72785	96536
72785	105607
72785	113432
72785	116542
72785	120441
72785	125479
72785	133794
72785	152044
72785	156251
72785	167295
72785	169616
72785	170457
72785	177633
72785	198090
72785	214128
72785	216046
72785	225314
72785	226411
72785	230457
72785	234704
72785	245659
72785	249250
72785	253891
100543	1650
100543	8888
100543	22382
100543	23158
100543	27011
100543	34573
100543	38342
100543	41710
100543	47219
100543	65608
100543	73798
100543	81435
100543	101288
100543	105607
100543	144211
100543	145495
100543	146257
100543	158962
100543	167295
100543	172996
100543	186310
100543	195252
100543	198090
100543	201883
100543	212585
100543	214128
100543	214579
100543	216579
100543	219092
100543	219838
100543	226411
100543	231480
100543	234704
100543	239103
100543	245659
100543	249142
92026	1650
92026	8888
92026	22382
92026	23158
92026	27011
92026	34573
92026	38342
92026	41710
92026	47219
92026	65608
92026	73798
92026	81435
92026	101288
92026	105607
92026	144211
92026	145495
92026	146257
92026	158962
92026	167295
92026	172996
92026	186310
92026	195252
92026	198090
92026	201883
92026	212585
92026	214128
92026	214579
92026	216579
92026	219092
92026	219838
92026	226411
92026	231480
92026	234704
92026	239103
92026	245659
92026	249142
68500	34573
68500	38342
68500	38637
68500	72785
68500	73717
68500	81435
68500	92523
68500	92714
68500	105607
68500	107797
68500	109509
68500	115864
68500	116542
68500	120441
68500	125479
68500	133794
68500	137900
68500	167295
68500	177633
68500	180627
68500	184813
68500	189581
68500	198090
68500	200965
68500	214128
68500	215338
68500	216046
68500	226411
68500	230457
68500	234704
68500	245659
68500	249250
68500	254690
68500	280894
38637	17043
38637	34573
38637	38342
38637	40695
38637	68500
38637	72094
38637	72785
38637	76702
38637	81435
38637	105607
38637	116542
38637	120441
38637	125479
38637	133794
38637	142897
38637	145428
38637	148345
38637	150068
38637	152652
38637	167295
38637	174004
38637	177633
38637	194455
38637	198090
38637	214128
38637	216046
38637	226411
38637	227548
38637	230457
38637	234704
38637	236136
38637	245659
38637	249250
38637	267112
45913	1650
45913	8888
45913	22382
45913	23158
45913	27011
45913	34573
45913	38342
45913	41710
45913	47219
45913	65608
45913	73798
45913	81435
45913	101288
45913	105607
45913	144211
45913	145495
45913	146257
45913	158962
45913	167295
45913	172996
45913	186310
45913	195252
45913	198090
45913	201883
45913	212585
45913	214128
45913	214579
45913	216579
45913	219092
45913	219838
45913	226411
45913	231480
45913	234704
45913	239103
45913	245659
45913	249142
32105	1650
32105	8888
32105	22382
32105	23158
32105	27011
32105	34573
32105	38342
32105	41710
32105	47219
32105	65608
32105	73798
32105	81435
32105	101288
32105	105607
32105	144211
32105	145495
32105	146257
32105	158962
32105	167295
32105	172996
32105	186310
32105	195252
32105	198090
32105	201883
32105	212585
32105	214128
32105	214579
32105	216579
32105	219092
32105	219838
32105	226411
32105	231480
32105	234704
32105	239103
32105	245659
32105	249142
25876	1650
25876	8888
25876	22382
25876	23158
25876	27011
25876	34573
25876	38342
25876	41710
25876	47219
25876	65608
25876	73798
25876	81435
25876	101288
25876	105607
25876	144211
25876	145495
25876	146257
25876	158962
25876	167295
25876	172996
25876	186310
25876	195252
25876	198090
25876	201883
25876	212585
25876	214128
25876	214579
25876	216579
25876	219092
25876	219838
25876	226411
25876	231480
25876	234704
25876	239103
25876	245659
25876	249142
369	25106
369	80583
369	107067
369	211327
369	237634
369	275670
275670	50541
275670	80583
275670	211327
275670	260526
237634	369
237634	175657
237634	201810
237634	212322
211327	369
211327	6170
211327	21241
211327	25106
211327	44587
211327	50218
211327	65501
211327	69041
211327	80583
211327	85056
211327	101641
211327	107067
211327	111805
211327	127854
211327	130518
211327	256915
211327	260526
211327	275670
211327	281358
107067	369
107067	80583
107067	130518
107067	201810
107067	211327
107067	275670
80583	127854
80583	175657
80583	211327
80583	275670
25106	369
25106	50218
25106	80583
25106	211327
25106	212322
25106	275670
370	177189
177189	370
177189	62598
177189	134713
177189	137130
177189	144027
177189	165963
177189	187472
177189	197853
177189	273404
177189	278813
371	6169
371	28432
371	55087
28432	371
28432	31285
28432	55087
6169	371
6169	12746
6169	55087
372	6166
372	28414
372	82629
372	278306
278306	372
278306	6166
278306	12743
278306	15776
278306	28414
278306	71857
278306	76019
278306	82629
278306	91843
278306	95828
278306	98057
278306	103041
278306	107190
278306	111728
82629	76019
82629	278306
28414	372
28414	82629
28414	278306
6166	372
6166	12743
6166	82629
6166	278306
373	6168
373	31302
373	31902
373	59962
59962	373
59962	31302
59962	31902
59962	56848
31902	31302
31902	56848
6168	373
6168	12742
6168	31302
6168	31902
31302	20194
31302	31902
374	95279
374	113673
374	133503
374	152451
374	178070
374	273302
273302	70753
273302	81087
273302	113673
273302	178070
273302	202446
273302	217920
273302	218364
273302	241559
178070	11508
178070	17449
178070	36351
178070	113673
178070	117477
178070	119216
178070	133503
178070	140004
178070	195083
178070	280902
152451	374
152451	1320
152451	4071
152451	11508
152451	16858
152451	17449
152451	20477
152451	30099
152451	36351
152451	70753
152451	77864
152451	79145
152451	81087
152451	86979
152451	91765
152451	95279
152451	113673
152451	119216
152451	133503
152451	136242
152451	140004
152451	143754
152451	155235
152451	167553
152451	178070
152451	227319
152451	227642
152451	239313
152451	256034
152451	272913
152451	273302
113673	11508
113673	105717
113673	119216
113673	140004
95279	113673
95279	157403
95279	167553
95279	178070
95279	279048
375	33572
375	36608
375	87722
375	121525
375	124286
375	141609
375	159276
375	193413
375	196028
375	256040
375	278593
278593	375
278593	33572
278593	36608
278593	87722
278593	121525
278593	121984
278593	124286
278593	141609
278593	159276
278593	193413
278593	196028
278593	256040
256040	33572
256040	36608
256040	87722
256040	121525
256040	124286
256040	141609
256040	159276
256040	193413
256040	196028
193413	33572
193413	48673
193413	87722
193413	121525
193413	124286
193413	159276
193413	196028
193413	247286
193413	256040
196028	33572
196028	87722
196028	121525
196028	124286
196028	159276
196028	193413
196028	251229
196028	256040
141609	33572
141609	36608
141609	87722
141609	121525
141609	124286
141609	159276
141609	193413
141609	196028
141609	256040
159276	33572
159276	85431
159276	87722
159276	121525
159276	124286
159276	160233
159276	193413
159276	196028
159276	256040
121525	8446
121525	33572
121525	87722
121525	124286
121525	153006
121525	159276
121525	193413
121525	196028
121525	256040
124286	31799
124286	33572
124286	87722
124286	115154
124286	121525
124286	124251
124286	159276
124286	188552
124286	193413
124286	196028
124286	256040
124286	267052
87722	22563
87722	23497
87722	33572
87722	121525
87722	121984
87722	124286
87722	159276
87722	193413
87722	196028
87722	256040
36608	375
36608	2633
36608	4173
36608	5727
36608	24887
36608	29645
36608	29714
36608	33572
36608	34205
36608	40724
36608	41242
36608	42103
36608	45456
36608	73874
36608	87722
36608	91741
36608	114942
36608	121525
36608	124286
36608	141609
36608	146097
36608	152090
36608	153396
36608	159276
36608	180841
36608	182222
36608	193413
36608	196028
36608	198852
36608	204580
36608	242498
36608	242717
36608	243871
36608	256040
36608	257483
36608	278593
33572	87722
33572	121525
33572	124286
33572	159276
33572	183669
33572	193413
33572	196028
33572	256040
376	219619
376	243696
243696	54130
243696	66694
243696	173905
243696	184125
243696	219619
243696	278230
219619	41338
219619	44820
219619	64134
219619	66694
219619	128692
219619	144017
219619	166432
219619	173905
219619	184125
377	25098
377	107075
377	197679
377	204225
204225	31545
204225	118086
197679	377
197679	25098
197679	38713
197679	101040
197679	106525
197679	107075
197679	143453
107075	377
107075	125959
107075	127194
107075	130509
107075	158803
107075	159746
107075	163581
107075	164019
107075	164818
107075	164933
107075	165374
107075	167331
107075	197679
25098	197679
378	6161
378	15780
378	67756
378	69358
378	241454
15780	378
15780	12739
15780	67756
15780	69358
15780	241454
6161	378
6161	56854
6161	67756
6161	69358
6161	241454
379	50785
379	60210
379	89073
379	93989
379	267799
267799	379
267799	6163
267799	20191
267799	28422
267799	31297
267799	32104
267799	60210
267799	62145
267799	89073
267799	93989
267799	165023
380	72001
380	121421
380	226411
380	268119
380	271205
72001	17750
72001	121421
72001	130832
72001	137690
72001	194454
72001	204569
72001	220145
72001	226411
72001	265387
72001	271205
381	2260
381	19189
381	26559
381	32442
381	71185
381	83348
381	88186
381	98387
381	115435
381	130317
381	131424
381	150225
381	154733
381	155504
381	186902
381	205477
381	246195
246195	2260
246195	19189
246195	26559
246195	32442
246195	71185
246195	83348
246195	88186
246195	98387
246195	115435
246195	130317
246195	131424
246195	150225
246195	154733
246195	155504
246195	186902
246195	205477
246195	252177
154733	2260
154733	19189
154733	26559
154733	32442
154733	71185
154733	83348
154733	88186
154733	98387
154733	115435
154733	130317
154733	131424
154733	150225
154733	155504
154733	186902
154733	205477
154733	246195
155504	2260
155504	19189
155504	26559
155504	32442
155504	71185
155504	83348
155504	88186
155504	98387
155504	115435
155504	130317
155504	131424
155504	150225
155504	154733
155504	186902
155504	205477
155504	246195
150225	2260
150225	19189
150225	26559
150225	32442
150225	71185
150225	83348
150225	88186
150225	98387
150225	115435
150225	130317
150225	131424
150225	154733
150225	155504
150225	186902
150225	205477
150225	246195
131424	2260
131424	19189
131424	26559
131424	32442
131424	71185
131424	83348
131424	88186
131424	98387
131424	115435
131424	130317
131424	150225
131424	154733
131424	155504
131424	186902
131424	205477
131424	246195
130317	2260
130317	19189
130317	26559
130317	32442
130317	36318
130317	44286
130317	53253
130317	71185
130317	83348
130317	88186
130317	98387
130317	99498
130317	115435
130317	125894
130317	131424
130317	150225
130317	154733
130317	155504
130317	186902
130317	205477
130317	246195
115435	2260
115435	19189
115435	26559
115435	32442
115435	36318
115435	53253
115435	59630
115435	71185
115435	83348
115435	84083
115435	88186
115435	98387
115435	130317
115435	131424
115435	150225
115435	154733
115435	155504
115435	186902
115435	205477
115435	216932
115435	246195
115435	278544
88186	2260
88186	19189
88186	26559
88186	32442
88186	71185
88186	83348
88186	94776
88186	98387
88186	115435
88186	130317
88186	131424
88186	150225
88186	154733
88186	155504
88186	186902
88186	205477
88186	227272
88186	246195
88186	262740
88186	268066
88186	272389
71185	2260
71185	19189
71185	21744
71185	26559
71185	32442
71185	39278
71185	43419
71185	83348
71185	88186
71185	98387
71185	115435
71185	130317
71185	131424
71185	150225
71185	154733
71185	155504
71185	186902
71185	205477
71185	246195
83348	2260
83348	19189
83348	26559
83348	32442
83348	71185
83348	88186
83348	98387
83348	115435
83348	130317
83348	131424
83348	150225
83348	154733
83348	155504
83348	186902
83348	205477
83348	246195
32442	2260
32442	19189
32442	26559
32442	71185
32442	83348
32442	88186
32442	98387
32442	115435
32442	130317
32442	131424
32442	150225
32442	154733
32442	155504
32442	186902
32442	205477
32442	246195
26559	381
26559	2260
26559	9833
26559	18230
26559	19189
26559	30507
26559	32442
26559	71185
26559	75965
26559	83348
26559	88186
26559	98387
26559	102189
26559	113529
26559	115435
26559	130317
26559	131424
26559	140808
26559	150225
26559	154733
26559	155504
26559	157585
26559	171246
26559	179178
26559	180618
26559	186902
26559	205477
26559	208136
26559	209564
26559	231872
26559	236131
26559	241748
26559	246195
26559	281637
382	6201
382	59953
382	89073
382	134832
382	231363
59953	382
59953	56815
59953	89073
59953	134832
59953	231363
6201	382
6201	45162
6201	89073
6201	134832
6201	231363
383	2112
383	8261
383	38032
383	62645
383	68632
383	89669
383	166057
383	183865
383	204562
383	226411
383	243109
383	251493
383	263771
383	265428
384	6195
384	15758
384	44798
384	89073
384	134832
384	231363
44798	37133
44798	49993
44798	89073
44798	134832
44798	231363
15758	384
15758	12734
15758	89073
15758	134832
15758	231363
6195	384
6195	31312
6195	89073
6195	134832
6195	231363
385	186750
385	225872
386	6191
386	59946
386	89073
386	134832
386	231363
59946	386
59946	56820
59946	89073
59946	134832
59946	231363
6191	386
6191	89073
6191	122592
6191	134832
6191	231363
387	12636
387	25093
387	65521
387	87281
387	187414
387	205541
205541	387
205541	143237
205541	189420
205541	270537
187414	387
187414	2561
187414	3644
187414	6190
187414	7306
187414	8360
187414	9435
187414	10554
187414	12636
187414	13527
187414	14640
187414	15894
187414	17946
187414	19036
187414	21226
187414	22854
187414	23946
187414	25093
187414	27128
187414	29574
187414	30613
187414	32544
187414	33553
187414	34617
187414	35955
187414	37128
187414	39431
187414	40314
187414	41467
187414	44571
187414	46768
187414	47886
187414	50199
187414	51287
187414	52435
187414	55723
187414	56818
187414	58679
187414	59948
187414	61068
187414	62176
187414	63332
187414	65521
187414	66850
187414	67954
187414	69059
187414	70649
187414	71758
187414	74061
187414	76135
187414	77219
187414	80561
187414	82786
187414	83903
187414	85034
187414	86156
187414	87281
187414	90688
187414	91747
187414	94678
187414	95926
187414	97023
187414	98241
187414	101655
187414	101820
187414	102890
187414	104027
187414	107093
187414	109310
187414	110415
187414	111819
187414	112879
187414	113958
187414	115098
187414	116192
187414	120142
187414	121223
187414	122589
187414	124547
187414	125628
187414	127837
187414	128299
187414	129411
187414	130499
187414	132570
187414	134925
187414	135993
187414	139927
187414	141005
187414	193638
187414	203532
187414	212540
187414	216428
187414	231390
187414	237284
187414	247111
187414	248225
187414	251347
187414	252454
187414	258023
187414	259115
187414	262805
187414	263918
187414	267068
187414	268150
187414	271374
187414	272456
187414	273523
187414	274581
187414	278005
187414	279128
87281	12636
87281	128299
87281	187414
87281	270537
65521	387
65521	12636
65521	50199
65521	87281
65521	143237
65521	187414
12636	32544
12636	87281
12636	187414
12636	195061
25093	387
25093	12636
25093	87281
25093	187414
25093	189420
25093	212540
388	16615
388	24541
388	26723
388	32705
388	48974
388	57746
388	58820
388	88192
388	96664
388	98105
388	98549
388	99996
388	101486
388	134190
388	143936
388	176050
388	176611
388	178578
388	183597
388	184799
388	190196
388	192120
388	193358
388	214088
388	226411
388	234947
388	239822
388	255896
388	276306
276306	388
276306	16615
276306	24541
276306	26723
276306	48974
276306	57746
276306	58820
276306	88192
276306	96664
276306	98105
276306	98549
276306	99996
276306	134190
276306	143936
276306	176050
276306	176611
276306	178578
276306	179691
276306	184799
276306	190196
276306	192120
276306	193358
276306	201992
276306	214088
276306	226411
276306	234947
276306	239822
276306	246972
276306	248803
276306	255896
255896	16615
255896	18591
255896	24541
255896	26723
255896	28987
255896	29469
255896	48974
255896	57746
255896	58820
255896	67298
255896	70515
255896	88192
255896	96664
255896	98105
255896	98549
255896	99836
255896	99996
255896	114311
255896	119805
255896	133069
255896	133284
255896	134190
255896	143936
255896	145334
255896	149282
255896	162657
255896	164034
255896	171918
255896	176050
255896	176611
255896	177105
255896	178578
255896	184799
255896	186172
255896	189691
255896	190196
255896	192120
255896	193358
255896	209587
255896	214088
255896	226411
255896	234947
255896	239822
255896	258867
255896	276306
239822	13205
239822	16615
239822	24541
239822	26723
239822	48974
239822	57746
239822	58820
239822	60248
239822	88192
239822	96664
239822	98105
239822	98549
239822	99996
239822	134190
239822	143936
239822	176050
239822	176611
239822	178578
239822	184799
239822	190196
239822	192120
239822	193358
239822	214088
239822	226411
239822	234947
239822	255896
239822	266246
239822	266365
239822	276306
239822	277655
214088	8648
214088	16615
214088	24541
214088	26723
214088	48974
214088	57746
214088	58820
214088	88192
214088	96664
214088	98105
214088	98549
214088	99996
214088	108350
214088	123815
214088	130439
214088	134190
214088	138120
214088	143936
214088	146367
214088	149775
214088	176050
214088	176611
214088	178578
214088	184799
214088	186530
214088	190196
214088	192120
214088	193358
214088	194468
214088	226411
214088	234947
214088	239822
214088	240969
214088	255896
214088	276306
234947	3265
234947	16615
234947	24541
234947	26723
234947	48974
234947	50530
234947	57746
234947	58820
234947	88192
234947	96664
234947	98105
234947	98549
234947	99996
234947	133069
234947	134190
234947	143936
234947	160166
234947	162657
234947	176050
234947	176611
234947	178578
234947	184799
234947	190196
234947	192120
234947	193358
234947	214088
234947	226411
234947	239822
234947	255896
234947	276306
183597	70515
183597	234800
183597	248803
184799	5284
184799	7895
184799	8231
184799	12203
184799	13745
184799	14799
184799	16591
184799	16615
184799	17483
184799	18591
184799	20791
184799	23275
184799	24541
184799	24642
184799	26723
184799	26961
184799	27063
184799	27535
184799	28306
184799	31900
184799	32705
184799	33085
184799	34518
184799	36146
184799	36395
184799	37622
184799	37803
184799	40377
184799	40808
184799	45359
184799	48974
184799	49949
184799	50530
184799	52101
184799	52812
184799	57746
184799	58820
184799	60248
184799	61136
184799	61923
184799	63055
184799	63955
184799	64349
184799	65777
184799	65881
184799	69825
184799	71132
184799	72611
184799	74781
184799	76093
184799	78196
184799	79396
184799	80651
184799	81510
184799	85989
184799	88192
184799	88542
184799	89068
184799	89507
184799	94990
184799	96581
184799	96656
184799	96664
184799	97014
184799	97366
184799	98105
184799	98549
184799	99996
184799	101532
184799	103100
184799	104450
184799	106545
184799	107220
184799	107686
184799	107911
184799	110894
184799	112444
184799	113840
184799	114133
184799	119863
184799	123282
184799	123973
184799	127983
184799	128830
184799	129862
184799	130081
184799	131064
184799	134190
184799	134813
184799	136758
184799	137941
184799	138120
184799	139396
184799	139474
184799	141737
184799	142394
184799	143177
184799	143936
184799	145873
184799	148035
184799	148706
184799	151500
184799	151573
184799	152504
184799	153272
184799	156905
184799	160076
184799	161881
184799	162050
184799	165184
184799	165597
184799	165624
184799	166265
184799	169508
184799	170743
184799	171826
184799	174874
184799	175848
184799	176050
184799	176438
184799	176611
184799	178578
184799	179691
184799	182101
184799	187298
184799	187403
184799	188628
184799	190196
184799	190199
184799	190577
184799	192120
184799	193358
184799	197708
184799	199096
184799	200544
184799	205280
184799	205471
184799	205757
184799	210424
184799	214088
184799	219618
184799	219997
184799	223217
184799	224971
184799	226411
184799	227563
184799	228496
184799	231727
184799	233806
184799	233985
184799	234033
184799	234947
184799	237269
184799	239482
184799	239822
184799	243604
184799	243609
184799	244616
184799	247090
184799	247503
184799	248651
184799	249709
184799	250652
184799	252299
184799	255896
184799	257706
184799	258068
184799	259334
184799	260392
184799	264759
184799	266047
184799	269318
184799	269860
184799	271265
184799	271951
184799	272375
184799	272756
184799	276306
184799	277024
184799	277527
184799	278919
184799	279261
184799	280288
184799	280635
190196	388
190196	13205
190196	16615
190196	24541
190196	26723
190196	48974
190196	57746
190196	58820
190196	83332
190196	88192
190196	96664
190196	98105
190196	98549
190196	99996
190196	134190
190196	143936
190196	176050
190196	176611
190196	178578
190196	184799
190196	185850
190196	192120
190196	193358
190196	214088
190196	214562
190196	218031
190196	226411
190196	228496
190196	234947
190196	239822
190196	255896
190196	276306
178578	16615
178578	24541
178578	26723
178578	48974
178578	57746
178578	58820
178578	88192
178578	96664
178578	98105
178578	98549
178578	99996
178578	134190
178578	138308
178578	143936
178578	163002
178578	176050
178578	176611
178578	184799
178578	190196
178578	192120
178578	193358
178578	214088
178578	226411
178578	234947
178578	239822
178578	250652
178578	255896
178578	276306
176611	13205
176611	16615
176611	18857
176611	22449
176611	24541
176611	26723
176611	48974
176611	57746
176611	58820
176611	88192
176611	96664
176611	98105
176611	98549
176611	99996
176611	129862
176611	134190
176611	141535
176611	143936
176611	176050
176611	178578
176611	184799
176611	187984
176611	190196
176611	192120
176611	193358
176611	214088
176611	226411
176611	234947
176611	238809
176611	239822
176611	240161
176611	255896
176611	276306
193358	16615
193358	24541
193358	26723
193358	48974
193358	57746
193358	58820
193358	88192
193358	96664
193358	97014
193358	98105
193358	98549
193358	99996
193358	133340
193358	134190
193358	143936
193358	144760
193358	176050
193358	176611
193358	178578
193358	184799
193358	190196
193358	192120
193358	214088
193358	226411
193358	234947
193358	239822
193358	255896
193358	259189
193358	276306
192120	7213
192120	10365
192120	18412
192120	21315
192120	25126
192120	28140
192120	40745
192120	47352
192120	58718
192120	60036
192120	83203
192120	100770
192120	120861
192120	123955
192120	133747
192120	146989
192120	152019
192120	153900
192120	176541
192120	198821
192120	215600
192120	220070
192120	224643
192120	226411
192120	239874
192120	255694
192120	264216
192120	266083
192120	268261
176050	388
176050	13205
176050	16615
176050	24541
176050	26723
176050	48974
176050	57746
176050	58820
176050	88192
176050	96664
176050	98105
176050	98549
176050	99996
176050	134190
176050	143936
176050	148479
176050	172665
176050	176611
176050	178578
176050	184799
176050	190196
176050	192120
176050	193358
176050	214088
176050	219618
176050	226411
176050	232264
176050	234947
176050	239822
176050	255896
176050	276306
143936	16615
143936	24541
143936	26723
143936	48974
143936	57746
143936	58820
143936	88192
143936	93812
143936	96664
143936	98105
143936	98549
143936	99996
143936	134190
143936	134813
143936	176050
143936	176611
143936	178578
143936	180510
143936	184799
143936	190196
143936	192120
143936	193358
143936	214088
143936	218544
143936	226411
143936	234947
143936	239822
143936	255896
143936	276306
134190	388
134190	13205
134190	16615
134190	24541
134190	26723
134190	37707
134190	48974
134190	57746
134190	58820
134190	88192
134190	96664
134190	98105
134190	98549
134190	99996
134190	110894
134190	143936
134190	176050
134190	176611
134190	178578
134190	184799
134190	190196
134190	192120
134190	193358
134190	214088
134190	226411
134190	234947
134190	239822
134190	245828
134190	255896
134190	276306
101486	388
101486	2908
101486	32705
101486	37707
101486	53433
101486	102610
101486	130439
101486	141535
101486	160166
101486	163002
101486	183597
101486	185552
101486	185850
101486	189691
101486	192120
101486	201992
101486	218544
101486	226411
101486	226861
101486	231518
101486	231727
101486	232264
101486	242111
101486	255773
101486	256147
101486	259189
101486	265901
101486	277655
101486	281436
98105	15900
98105	16615
98105	24541
98105	26723
98105	27292
98105	39230
98105	43611
98105	48974
98105	50348
98105	57746
98105	58820
98105	65881
98105	88192
98105	96664
98105	98549
98105	99996
98105	102610
98105	125525
98105	131642
98105	134190
98105	143936
98105	165126
98105	176050
98105	176611
98105	178578
98105	184799
98105	190196
98105	190659
98105	192120
98105	193358
98105	200480
98105	210167
98105	214088
98105	222190
98105	226411
98105	232511
98105	234947
98105	239822
98105	255896
98105	276306
98549	2908
98549	10294
98549	16615
98549	24541
98549	26723
98549	39798
98549	43963
98549	48974
98549	57746
98549	58820
98549	76093
98549	88192
98549	96367
98549	96664
98549	98105
98549	99996
98549	113099
98549	132695
98549	134190
98549	143936
98549	176050
98549	176611
98549	178578
98549	184799
98549	190196
98549	192120
98549	193358
98549	214088
98549	226411
98549	234947
98549	239822
98549	242529
98549	252005
98549	255896
98549	276306
98549	281655
88192	16615
88192	18824
88192	24541
88192	26723
88192	48974
88192	57746
88192	58820
88192	63254
88192	66687
88192	96664
88192	97366
88192	98105
88192	98549
88192	99996
88192	134190
88192	143936
88192	144760
88192	158768
88192	164553
88192	164873
88192	176050
88192	176611
88192	178578
88192	184799
88192	185552
88192	188681
88192	190196
88192	192120
88192	193358
88192	213904
88192	214088
88192	214597
88192	215605
88192	226411
88192	234947
88192	239822
88192	252005
88192	252338
88192	255896
88192	266760
88192	276306
88192	281463
99996	16615
99996	24541
99996	26723
99996	48974
99996	57746
99996	58820
99996	63955
99996	68158
99996	88192
99996	96664
99996	98105
99996	98549
99996	134190
99996	143936
99996	176050
99996	176611
99996	178578
99996	184799
99996	190196
99996	192120
99996	193358
99996	214088
99996	226411
99996	231518
99996	234947
99996	239822
99996	255896
99996	276306
96664	16615
96664	24541
96664	26723
96664	35625
96664	48974
96664	57746
96664	58820
96664	88192
96664	98105
96664	98549
96664	99996
96664	134190
96664	143707
96664	143936
96664	162657
96664	164034
96664	176050
96664	176611
96664	178578
96664	184799
96664	190196
96664	192120
96664	193358
96664	214088
96664	226411
96664	234800
96664	234947
96664	239822
96664	240048
96664	242111
96664	252005
96664	255896
96664	276306
58820	16615
58820	24541
58820	26723
58820	48974
58820	57746
58820	69174
58820	88192
58820	96664
58820	98105
58820	98549
58820	99996
58820	134190
58820	139396
58820	143936
58820	150217
58820	176050
58820	176611
58820	178578
58820	184799
58820	190196
58820	192120
58820	193358
58820	214088
58820	226411
58820	234947
58820	239822
58820	240048
58820	255773
58820	255896
58820	276306
48974	13205
48974	16615
48974	24541
48974	26723
48974	39798
48974	43762
48974	57746
48974	58820
48974	60036
48974	62045
48974	65580
48974	88192
48974	96664
48974	98105
48974	98549
48974	99996
48974	114133
48974	123815
48974	134190
48974	143936
48974	171918
48974	176050
48974	176611
48974	178578
48974	184799
48974	190196
48974	192120
48974	193358
48974	214088
48974	226411
48974	234947
48974	239822
48974	255896
48974	264216
48974	265901
48974	276306
48974	281007
57746	13205
57746	16615
57746	18107
57746	24541
57746	26723
57746	48974
57746	53433
57746	58820
57746	65580
57746	88192
57746	96581
57746	96664
57746	98105
57746	98549
57746	99996
57746	105607
57746	134190
57746	137882
57746	143936
57746	176050
57746	176611
57746	178578
57746	184799
57746	190196
57746	192120
57746	193358
57746	214088
57746	226411
57746	232876
57746	234947
57746	239822
57746	240210
57746	255896
57746	276306
32705	7895
32705	17483
32705	18591
32705	27535
32705	50530
32705	60248
32705	63955
32705	65881
32705	76093
32705	96581
32705	97014
32705	97366
32705	101486
32705	110894
32705	114133
32705	129862
32705	131064
32705	134813
32705	138120
32705	139396
32705	143707
32705	179691
32705	183597
32705	192120
32705	219618
32705	226411
32705	228496
32705	250652
16615	24541
16615	26723
16615	27535
16615	48974
16615	57746
16615	58820
16615	65580
16615	67298
16615	69231
16615	82743
16615	88192
16615	90607
16615	96664
16615	98105
16615	98549
16615	99996
16615	102655
16615	134190
16615	143936
16615	144220
16615	148605
16615	157553
16615	164034
16615	164122
16615	176050
16615	176611
16615	178578
16615	184799
16615	190196
16615	190553
16615	192120
16615	193358
16615	214088
16615	226411
16615	234947
16615	239822
16615	255896
16615	256147
16615	269714
16615	276306
26723	9341
26723	10643
26723	13203
26723	16615
26723	17483
26723	18107
26723	24541
26723	37856
26723	48974
26723	51977
26723	56973
26723	57098
26723	57103
26723	57746
26723	58820
26723	59487
26723	88192
26723	93314
26723	96664
26723	98105
26723	98549
26723	99996
26723	101572
26723	118925
26723	123939
26723	129407
26723	132415
26723	133276
26723	134190
26723	143936
26723	163717
26723	164940
26723	176050
26723	176611
26723	178578
26723	179600
26723	184799
26723	187155
26723	190196
26723	192120
26723	193358
26723	195921
26723	214088
26723	226411
26723	228253
26723	230946
26723	234947
26723	239822
26723	240210
26723	241169
26723	255896
26723	256552
26723	276306
26723	276810
26723	281436
24541	16615
24541	18107
24541	26723
24541	48974
24541	57746
24541	58820
24541	88192
24541	96664
24541	98105
24541	98549
24541	99996
24541	131064
24541	133069
24541	134190
24541	143936
24541	171918
24541	176050
24541	176611
24541	178578
24541	184799
24541	190196
24541	192120
24541	193358
24541	193370
24541	214088
24541	226411
24541	226861
24541	234947
24541	239822
24541	240210
24541	255896
24541	276306
389	2260
389	19189
389	98387
389	186902
389	205477
390	6186
390	15764
390	26168
390	67816
390	252359
252359	390
252359	6186
252359	12729
252359	15764
252359	26168
252359	28434
252359	31319
252359	62166
252359	67816
252359	67957
252359	71845
252359	75996
252359	82642
252359	87461
252359	91865
252359	95843
252359	98040
252359	103026
252359	133683
252359	137834
252359	159456
26168	28434
26168	67816
26168	252359
15764	390
15764	12729
15764	26168
15764	67816
15764	252359
6186	390
6186	26168
6186	31319
6186	67816
6186	252359
391	186750
391	225872
392	2260
392	19189
392	74238
392	98387
392	186902
392	205477
392	261322
261322	2260
261322	19189
261322	98387
261322	186902
261322	205477
74238	392
74238	2260
74238	3121
74238	3817
74238	6050
74238	6274
74238	6414
74238	8065
74238	9883
74238	10786
74238	10854
74238	13898
74238	16862
74238	17206
74238	19189
74238	20853
74238	22955
74238	24773
74238	25264
74238	28890
74238	29907
74238	30950
74238	32527
74238	34613
74238	35841
74238	36084
74238	36208
74238	38802
74238	43156
74238	45346
74238	45597
74238	46026
74238	47538
74238	48779
74238	51915
74238	57823
74238	59684
74238	61711
74238	63016
74238	63346
74238	66807
74238	72065
74238	72449
74238	72599
74238	73260
74238	75587
74238	77468
74238	79889
74238	83986
74238	87047
74238	88426
74238	90275
74238	93885
74238	98387
74238	100519
74238	101229
74238	104607
74238	104880
74238	106312
74238	114658
74238	117353
74238	118038
74238	119298
74238	120108
74238	121126
74238	121146
74238	121698
74238	125784
74238	129160
74238	137474
74238	138740
74238	143217
74238	145087
74238	145480
74238	146559
74238	146912
74238	152147
74238	154507
74238	157854
74238	160339
74238	163281
74238	163793
74238	168123
74238	168654
74238	170423
74238	171130
74238	171272
74238	171407
74238	173638
74238	174536
74238	174566
74238	175280
74238	175739
74238	178158
74238	185540
74238	186902
74238	193962
74238	196398
74238	196539
74238	197788
74238	201480
74238	201922
74238	202879
74238	204734
74238	205477
74238	206112
74238	210308
74238	214529
74238	215009
74238	215995
74238	217462
74238	221814
74238	223031
74238	225606
74238	227447
74238	228186
74238	228880
74238	228994
74238	231380
74238	235735
74238	236202
74238	236243
74238	240171
74238	242661
74238	244021
74238	245311
74238	245323
74238	246041
74238	250728
74238	251713
74238	251803
74238	255126
74238	256955
74238	261809
74238	267342
74238	268329
74238	270009
74238	272275
74238	273066
74238	274398
74238	276507
74238	280325
74238	281504
393	6188
393	67756
393	69358
393	118251
393	241454
118251	393
118251	67756
118251	69358
118251	122571
118251	241454
6188	393
6188	56824
6188	67756
6188	69358
6188	241454
394	27904
394	117152
394	235496
394	272762
395	6185
395	15761
395	98035
395	180806
180806	98035
180806	187210
98035	103029
98035	180806
6185	395
6185	31317
6185	98035
6185	180806
15761	395
15761	12730
15761	98035
15761	180806
396	158568
158568	8198
158568	119761
158568	171111
158568	192120
158568	208280
158568	226411
158568	253173
158568	257992
158568	262260
397	6183
397	67756
397	69358
397	241454
397	257513
257513	397
257513	67756
257513	69358
257513	241454
257513	259870
6183	397
6183	56831
6183	67756
6183	69358
6183	178503
6183	241454
398	25575
25575	9130
25575	30238
25575	59713
25575	62943
25575	128789
25575	137364
25575	138963
25575	139262
25575	144379
25575	150733
25575	151244
25575	155206
25575	159597
25575	178426
25575	199265
25575	202641
25575	203582
25575	203864
25575	206894
25575	209489
25575	226411
25575	239005
25575	240291
25575	242132
399	40604
399	103429
399	204436
399	226411
399	236666
236666	34365
236666	65580
236666	96274
236666	144942
236666	168930
236666	180411
236666	181421
236666	195759
236666	199797
236666	226411
236666	228368
236666	246994
236666	257551
204436	18922
204436	52570
204436	66777
204436	69924
204436	100428
204436	114530
204436	120423
204436	158944
204436	196735
204436	217611
204436	225267
204436	226411
204436	236044
204436	236666
204436	259988
103429	3864
103429	7482
103429	28094
103429	81605
103429	88783
103429	113774
103429	131218
103429	142322
103429	145295
103429	164708
103429	202984
103429	204436
103429	246598
103429	280992
40604	2535
40604	155282
40604	171816
40604	226411
40604	236666
40604	251876
400	25078
400	164488
400	181026
400	207688
207688	45867
207688	149869
181026	400
181026	54395
181026	196803
181026	207688
164488	400
164488	18353
164488	45867
164488	54395
164488	145397
164488	210533
25078	400
25078	145397
25078	207688
25078	212554
401	25077
401	65539
65539	401
65539	50183
25077	401
25077	130550
402	34573
402	38342
402	81435
402	105607
402	167295
402	198090
402	214128
402	226411
402	234704
402	245659
403	34573
403	38342
403	81435
403	105607
403	167295
403	198090
403	214128
403	226411
403	234704
403	245659
404	25076
404	65538
404	162699
162699	404
162699	3658
162699	6138
162699	14614
162699	21280
162699	23925
162699	25076
162699	25313
162699	30633
162699	35979
162699	44621
162699	50184
162699	51273
162699	56873
162699	59930
162699	62194
162699	65538
162699	69012
162699	70594
162699	80542
162699	85097
162699	91729
162699	95993
162699	101607
162699	107032
162699	111842
162699	121276
162699	127819
162699	129466
162699	135938
162699	139950
162699	231463
162699	248243
162699	263908
162699	267119
162699	272441
162699	274609
65538	404
65538	50184
65538	162699
25076	404
25076	162699
405	25083
405	27281
405	88158
405	178286
405	237270
405	241165
241165	405
241165	12778
241165	15742
241165	21276
241165	25083
241165	27281
241165	32383
241165	143479
241165	149877
241165	152074
241165	154469
241165	159869
241165	164304
241165	170820
241165	175358
241165	178286
241165	181008
241165	187450
241165	193483
241165	196802
241165	203690
241165	207681
241165	212562
241165	216377
241165	223039
241165	228019
241165	231453
241165	237270
241165	239481
241165	242453
241165	249313
241165	254651
241165	256957
241165	260479
241165	266060
241165	269191
241165	275704
241165	281321
237270	405
237270	27281
237270	167810
237270	178286
237270	212562
237270	241165
178286	27281
178286	170820
178286	241165
178286	262538
88158	405
88158	98492
88158	167810
88158	262538
27281	15742
27281	96218
27281	178286
27281	241165
25083	405
25083	27281
25083	98492
25083	178286
25083	196802
25083	241165
406	6134
406	15748
15748	406
15748	12772
15748	34041
6134	406
6134	20224
6134	31262
407	15679
407	30286
407	70017
407	82702
407	159517
407	195085
407	222726
407	258657
258657	15679
258657	30286
258657	70017
258657	82702
258657	159517
258657	195085
258657	222726
222726	15679
222726	30286
222726	70017
222726	82702
222726	105496
222726	159517
222726	195085
222726	258657
159517	15679
159517	30286
159517	70017
159517	82702
159517	195085
159517	222726
159517	258657
82702	15679
82702	30286
82702	70017
82702	159517
82702	195085
82702	222726
82702	258657
70017	15679
70017	30286
70017	82702
70017	159517
70017	195085
70017	222726
70017	258657
15679	21918
15679	30286
15679	70017
15679	82702
15679	101841
15679	112645
15679	159517
15679	195085
15679	201134
15679	222726
15679	258657
30286	671
30286	15679
30286	70017
30286	82702
30286	105496
30286	159517
30286	195085
30286	222726
30286	258657
408	119347
408	142509
408	163784
408	173631
408	220031
408	238016
238016	408
238016	119347
238016	142509
238016	163784
238016	173631
238016	220031
220031	408
220031	93943
220031	109484
220031	119347
220031	121030
220031	142509
220031	163784
220031	166809
220031	173631
220031	238016
220031	279775
163784	408
163784	119347
163784	142509
163784	173631
163784	220031
163784	238016
163784	271826
173631	408
173631	119347
173631	142509
173631	163784
173631	220031
173631	230848
173631	238016
142509	408
142509	111879
142509	119347
142509	163784
142509	173631
142509	220031
142509	238016
119347	408
119347	142509
119347	163784
119347	173631
119347	220031
119347	238016
409	169334
169334	409
169334	10644
169334	11039
169334	12116
169334	14035
169334	14719
169334	16268
169334	17390
169334	20222
169334	26469
169334	27611
169334	30534
169334	31962
169334	33041
169334	34144
169334	34816
169334	39102
169334	39916
169334	44190
169334	44885
169334	45272
169334	45439
169334	49404
169334	50480
169334	50579
169334	52711
169334	54392
169334	59706
169334	64055
169334	64714
169334	65121
169334	65300
169334	68255
169334	69303
169334	70424
169334	70512
169334	71895
169334	80305
169334	82125
169334	83218
169334	84045
169334	85825
169334	87001
169334	88102
169334	91884
169334	97654
169334	98864
169334	100395
169334	102446
169334	103548
169334	103985
169334	105764
169334	108536
169334	112016
169334	115245
169334	115351
169334	116425
169334	116839
169334	119876
169334	120034
169334	121121
169334	122320
169334	123956
169334	131663
169334	135013
169334	135118
169334	136183
169334	136600
169334	137558
169334	139645
169334	139817
169334	140919
169334	144193
169334	145211
169334	151060
169334	152144
169334	152566
169334	154510
169334	155567
169334	156654
169334	156942
169334	157085
169334	157671
169334	159403
169334	160441
169334	167903
169334	170799
169334	171956
169334	172278
169334	172642
169334	173263
169334	174461
169334	175532
169334	178217
169334	188105
169334	188243
169334	189347
169334	190620
169334	191600
169334	191696
169334	192772
169334	197716
169334	203243
169334	203420
169334	204523
169334	206913
169334	207004
169334	208052
169334	210296
169334	214389
169334	215299
169334	220533
169334	221677
169334	223514
169334	224778
169334	225899
169334	227195
169334	228096
169334	228794
169334	229952
169334	230857
169334	238955
169334	240549
169334	241652
169334	242583
169334	243496
169334	244179
169334	244573
169334	245672
169334	247344
169334	258201
169334	259299
169334	259390
169334	260163
169334	262508
169334	263616
169334	263792
169334	267428
169334	273668
169334	274762
169334	274849
169334	277676
169334	278836
169334	278980
169334	279922
410	6132
410	28463
410	67756
410	69358
410	87415
410	241454
87415	67756
87415	69358
87415	82648
87415	133729
87415	241454
28463	410
28463	31258
28463	67756
28463	69358
28463	82648
28463	241454
6132	410
6132	12774
6132	67756
6132	69358
6132	241454
411	6128
411	59916
411	116980
411	138580
138580	20678
138580	56885
138580	95794
138580	96869
138580	107827
138580	116980
138580	117623
138580	119469
138580	123219
138580	127610
138580	130764
138580	136572
138580	161468
138580	181079
138580	187516
138580	193408
138580	200691
116980	411
116980	6128
116980	12766
116980	15756
116980	18348
116980	20218
116980	23570
116980	26154
116980	28464
116980	31253
116980	39092
116980	42695
116980	44821
116980	49939
116980	54401
116980	56885
116980	58027
116980	59916
116980	64811
116980	69789
116980	90509
116980	92780
116980	108538
116980	114713
116980	119469
116980	138580
59916	411
59916	56885
59916	138580
6128	411
6128	12766
6128	31253
6128	116980
6128	138580
412	111001
412	151981
412	241454
412	258348
412	267492
111001	412
111001	6131
111001	12764
111001	15754
111001	26152
111001	28466
111001	31255
111001	32104
111001	114019
111001	151981
111001	241454
111001	258348
413	34073
413	34565
413	44221
413	73139
413	77347
413	95818
413	116872
413	129286
413	133878
413	144956
413	156769
413	205639
413	220469
413	226411
413	234704
220469	30303
220469	42177
220469	62738
220469	108555
220469	116872
220469	128877
220469	146684
220469	160978
220469	176740
220469	182105
220469	213396
220469	224455
220469	257097
220469	263524
220469	279271
205639	413
205639	44221
205639	73139
205639	129286
205639	133878
156769	90978
156769	100439
156769	139329
156769	175275
156769	216665
156769	219705
156769	240048
156769	243102
144956	34565
144956	77347
144956	226411
144956	234704
133878	413
133878	428
133878	11487
133878	25974
133878	30100
133878	34565
133878	38177
133878	43347
133878	47598
133878	52643
133878	57981
133878	62198
133878	65463
133878	73929
133878	77347
133878	81301
133878	89422
133878	100578
133878	105184
133878	112558
133878	114087
133878	123836
133878	130122
133878	132543
133878	138587
133878	141271
133878	144074
133878	144956
133878	146428
133878	148356
133878	152086
133878	155508
133878	156804
133878	167888
133878	169971
133878	172834
133878	182632
133878	183188
133878	184900
133878	186924
133878	189977
133878	194374
133878	205283
133878	207212
133878	211401
133878	212691
133878	215803
133878	217162
133878	217681
133878	221195
133878	223905
133878	226411
133878	228885
133878	234704
133878	240602
133878	248495
133878	251883
133878	252267
133878	253992
133878	254974
133878	260868
133878	261697
133878	263007
133878	267705
133878	267800
133878	280128
116872	30303
116872	42177
116872	62738
116872	108555
116872	128877
116872	146684
116872	160978
116872	176740
116872	182105
116872	213396
116872	220469
116872	224455
116872	257097
116872	263524
116872	279271
129286	413
129286	34073
129286	44221
129286	95818
129286	116872
129286	133878
129286	156769
129286	205639
129286	214309
129286	220469
95818	88698
95818	113020
95818	143155
95818	183156
95818	187124
95818	239334
95818	248892
95818	258733
73139	90978
73139	100439
73139	139329
73139	175275
73139	216665
73139	219705
73139	240048
73139	243102
77347	34565
77347	132695
77347	144956
77347	226411
77347	234704
44221	66510
44221	258143
44221	269134
44221	270339
34073	48533
34073	141627
34073	150332
34073	177249
34073	226411
34073	267530
34565	44378
34565	133878
34565	190849
414	6127
414	28469
414	67756
414	69358
414	118182
414	241454
118182	51238
118182	67756
118182	69358
118182	122653
118182	127041
118182	241454
28469	414
28469	31251
28469	67756
28469	69358
28469	241454
6127	414
6127	12768
6127	67756
6127	69358
6127	241454
415	25068
415	100132
415	130546
415	138805
415	189773
415	237258
237258	415
237258	100132
237258	130546
237258	136415
237258	138805
237258	212571
189773	415
189773	136415
189773	205374
189773	240055
138805	100132
138805	118366
138805	130546
138805	230792
130546	85101
130546	100132
130546	138805
130546	240055
100132	415
100132	6125
100132	21288
100132	25068
100132	44613
100132	50190
100132	65532
100132	69020
100132	80538
100132	85101
100132	101585
100132	104051
100132	111831
100132	118366
100132	127825
100132	130546
100132	138805
100132	212571
100132	216364
100132	231468
100132	237258
25068	415
25068	50190
25068	100132
25068	130546
25068	138805
25068	205374
416	267513
267513	95606
267513	128207
417	24726
417	63643
417	107543
417	118948
417	129971
417	152421
417	194930
417	213780
417	219971
417	252085
252085	417
252085	24726
252085	52506
252085	63643
252085	113165
252085	118948
252085	129971
252085	145666
252085	194930
252085	213780
219971	24726
219971	118948
219971	129971
219971	194930
219971	213780
152421	417
152421	24726
152421	63643
152421	72320
152421	118948
152421	123138
152421	129971
152421	194930
152421	213780
152421	258829
107543	24726
107543	118948
107543	129971
107543	143927
107543	192315
107543	194930
107543	212882
107543	213780
63643	417
63643	24726
63643	28016
63643	29763
63643	52506
63643	58579
63643	60158
63643	70084
63643	73989
63643	76554
63643	78171
63643	99472
63643	105958
63643	116096
63643	117840
63643	118948
63643	123138
63643	123794
63643	129971
63643	143927
63643	152421
63643	154707
63643	158650
63643	164659
63643	175009
63643	176537
63643	180299
63643	183173
63643	194930
63643	205239
63643	210396
63643	213780
63643	223177
63643	229328
63643	233105
63643	252085
63643	260450
63643	281525
418	15097
418	17781
418	29723
418	41912
418	62478
418	77999
418	86918
418	96745
418	104924
418	120396
418	120708
418	136447
418	137632
418	176790
418	181701
418	183004
418	183005
418	193841
418	195514
418	208018
418	212296
418	221087
418	224130
418	239058
418	247241
418	259455
239058	15097
239058	15198
239058	17781
239058	29723
239058	34468
239058	62478
239058	68351
239058	72344
239058	77999
239058	96745
239058	109765
239058	110804
239058	120708
239058	130825
239058	137632
239058	141794
239058	149914
239058	150828
239058	176790
239058	179015
239058	181701
239058	183004
239058	188712
239058	195514
239058	201662
239058	208713
239058	212296
239058	221087
239058	244552
239058	247241
239058	250374
239058	259455
239058	269340
239058	278433
224130	12420
224130	17781
224130	41912
224130	62478
224130	77999
224130	86918
224130	94792
224130	96745
224130	120396
224130	120708
224130	136447
224130	137065
224130	137632
224130	176790
224130	181701
224130	183004
224130	193841
224130	221087
224130	247241
224130	259455
183005	101
183005	418
183005	17781
183005	41912
183005	62478
183005	77999
183005	86918
183005	96745
183005	104924
183005	120396
183005	120708
183005	136447
183005	137632
183005	176790
183005	181701
183005	183004
183005	193841
183005	208018
183005	221087
183005	224130
183005	247241
183005	259455
208018	418
208018	17781
208018	41912
208018	62478
208018	77999
208018	86918
208018	96745
208018	104924
208018	120396
208018	120708
208018	130945
208018	136447
208018	137295
208018	137632
208018	146569
208018	176790
208018	181701
208018	183004
208018	183005
208018	193841
208018	221087
208018	224130
208018	247241
208018	259455
195514	17781
195514	47258
195514	62478
195514	77999
195514	89777
195514	96745
195514	120708
195514	137632
195514	176790
195514	181701
195514	183004
195514	210162
195514	221087
195514	233602
195514	247241
195514	247956
195514	259455
195514	272961
193841	17781
193841	38240
193841	41912
193841	62478
193841	77999
193841	86918
193841	96745
193841	120396
193841	120708
193841	136447
193841	137632
193841	176346
193841	176790
193841	181701
193841	183004
193841	212552
193841	221087
193841	224130
193841	247241
193841	250419
193841	259455
136447	17781
136447	41912
136447	62478
136447	77999
136447	86918
136447	96745
136447	120396
136447	120708
136447	137632
136447	176790
136447	181701
136447	183004
136447	193841
136447	221087
136447	224130
136447	247241
136447	259455
120396	418
120396	17781
120396	41912
120396	62478
120396	77999
120396	86918
120396	96745
120396	104924
120396	120708
120396	136447
120396	137632
120396	176790
120396	181701
120396	183004
120396	183005
120396	193841
120396	208018
120396	221087
120396	224130
120396	247241
120396	259455
104924	418
104924	17781
104924	32981
104924	39359
104924	41912
104924	62478
104924	77999
104924	86918
104924	96745
104924	120396
104924	120708
104924	136447
104924	137632
104924	142092
104924	151082
104924	166793
104924	176790
104924	181701
104924	183004
104924	183005
104924	190312
104924	193841
104924	208018
104924	216419
104924	221087
104924	224130
104924	247241
104924	259455
86918	7857
86918	17781
86918	24180
86918	41912
86918	41960
86918	62478
86918	77999
86918	83167
86918	96745
86918	99010
86918	120396
86918	120708
86918	136041
86918	136447
86918	137632
86918	152452
86918	168139
86918	176790
86918	181701
86918	183004
86918	185696
86918	193841
86918	197630
86918	204988
86918	218007
86918	221087
86918	224130
86918	234353
86918	247241
86918	251829
86918	259455
86918	261198
86918	271007
41912	418
41912	12420
41912	17781
41912	35455
41912	38240
41912	50957
41912	62478
41912	77999
41912	86918
41912	94792
41912	96745
41912	104924
41912	120396
41912	120708
41912	136447
41912	137065
41912	137632
41912	176346
41912	176790
41912	181701
41912	183004
41912	183005
41912	193841
41912	208018
41912	212552
41912	221087
41912	224130
41912	247241
41912	250419
41912	259455
29723	17781
29723	41568
29723	61758
29723	62478
29723	75486
29723	77999
29723	96745
29723	104005
29723	104159
29723	120708
29723	137632
29723	144681
29723	164875
29723	176790
29723	176952
29723	181701
29723	183004
29723	195514
29723	221087
29723	224143
29723	247241
29723	259455
29723	274152
15097	11897
15097	17781
15097	29723
15097	51730
15097	51974
15097	62478
15097	77999
15097	94126
15097	96745
15097	120708
15097	125476
15097	137632
15097	161416
15097	176790
15097	181701
15097	183004
15097	195514
15097	205820
15097	209201
15097	212296
15097	221087
15097	225333
15097	229259
15097	247241
15097	252349
15097	259455
15097	268658
419	25062
419	65552
419	94822
419	250452
419	264921
264921	419
264921	6154
264921	12757
264921	15731
264921	16869
264921	21254
264921	25062
264921	27303
264921	28485
264921	32406
264921	38262
264921	39296
264921	42496
264921	44603
264921	50158
264921	53641
264921	57709
264921	58808
264921	65552
264921	69030
264921	72812
264921	78341
264921	80526
264921	85081
264921	88471
264921	93704
264921	94822
264921	101621
264921	104067
264921	107050
264921	111855
264921	118355
264921	122448
264921	123548
264921	127795
264921	130542
264921	132734
264921	133826
264921	138815
264921	249330
264921	250452
264921	254671
264921	256933
264921	260467
264921	266037
264921	269167
264921	275727
264921	281341
250452	57709
250452	94822
250452	179324
250452	264921
94822	22946
94822	122448
94822	250452
94822	264921
65552	419
65552	50158
65552	94822
65552	250452
65552	264921
25062	419
25062	94822
25062	130542
25062	250452
25062	264921
420	57468
420	63472
420	127416
420	129761
420	138280
420	182316
420	183080
420	184264
420	214476
420	226411
420	253570
420	259108
420	270237
420	279100
259108	420
259108	2592
259108	5594
259108	7807
259108	13592
259108	24383
259108	34670
259108	39067
259108	42149
259108	51999
259108	52327
259108	57468
259108	58488
259108	63472
259108	65298
259108	66532
259108	68644
259108	71879
259108	74100
259108	75418
259108	77637
259108	85157
259108	96522
259108	104088
259108	108558
259108	114145
259108	121563
259108	127416
259108	128563
259108	129761
259108	135017
259108	138086
259108	138280
259108	144182
259108	149765
259108	154045
259108	157087
259108	162710
259108	164246
259108	166410
259108	173935
259108	178237
259108	181599
259108	182316
259108	183080
259108	184264
259108	185172
259108	188248
259108	191018
259108	202100
259108	202359
259108	203445
259108	209803
259108	214476
259108	215306
259108	218567
259108	226411
259108	228787
259108	232140
259108	234920
259108	243010
259108	247313
259108	252810
259108	253570
259108	256082
259108	259298
259108	260971
259108	270237
259108	271401
259108	279100
259108	281669
214476	23573
214476	34843
214476	57468
214476	78776
214476	108405
214476	167092
214476	182316
214476	198737
214476	202297
214476	236512
214476	259108
214476	270834
214476	277524
182316	22001
182316	57468
182316	63472
182316	91173
182316	127416
182316	129761
182316	138280
182316	159940
182316	183080
182316	184264
182316	214476
182316	226411
182316	253570
182316	259108
182316	270237
182316	279100
129761	186756
127416	98437
57468	63472
57468	127416
57468	129761
57468	138280
57468	182316
57468	183080
57468	184264
57468	214476
57468	226411
57468	253570
57468	259108
57468	270237
57468	270834
57468	279100
421	239457
421	250809
421	276415
250809	264376
276415	107054
239457	65554
422	34573
422	38342
422	81435
422	105607
422	167295
422	198090
422	214128
422	226411
422	234704
422	245659
423	6145
423	141581
423	147551
423	200793
200793	423
200793	3530
200793	6145
200793	23362
200793	30885
200793	31588
200793	34139
200793	98802
200793	104792
200793	141581
200793	147551
200793	254910
141581	423
141581	6145
141581	18528
141581	54536
141581	76796
141581	82118
141581	147551
141581	187036
141581	192059
141581	200793
141581	248855
141581	257333
141581	259331
141581	260897
141581	263834
141581	268830
147551	169
147551	423
147551	6145
147551	93828
147551	141581
147551	200793
147551	203874
147551	267265
147551	274465
147551	276322
147551	277887
6145	423
6145	141581
6145	147551
6145	200793
424	12397
424	12650
424	47278
424	52414
424	53021
424	66329
424	71753
424	73713
424	111647
424	131673
424	132747
424	144625
424	166032
424	178294
424	182043
424	199483
424	215266
424	215773
424	234439
424	255798
424	259804
424	263098
424	264238
424	277025
259804	424
259804	12397
259804	12650
259804	47278
259804	52414
259804	53021
259804	66329
259804	71753
259804	73713
259804	111647
259804	131673
259804	132747
259804	144625
259804	166032
259804	178294
259804	182043
259804	199483
259804	215266
259804	215773
259804	234439
259804	255798
259804	263098
259804	264238
259804	277025
263098	1177
263098	12650
263098	36219
263098	52414
263098	53021
263098	111647
263098	131673
263098	132747
263098	144625
263098	166032
263098	178294
263098	182043
263098	199483
263098	215773
263098	255798
263098	264238
263098	277025
255798	12650
255798	36219
255798	52414
255798	53021
255798	82370
255798	92128
255798	95564
255798	111647
255798	131673
255798	132747
255798	144625
255798	166032
255798	178294
255798	182043
255798	199483
255798	214982
255798	215773
255798	246993
255798	263098
255798	264238
255798	277025
264238	12650
264238	25244
264238	25703
264238	29155
264238	35754
264238	36219
264238	45838
264238	52414
264238	53021
264238	76112
264238	105258
264238	111647
264238	116157
264238	125576
264238	131673
264238	132747
264238	144625
264238	165321
264238	166032
264238	178294
264238	180061
264238	182043
264238	191151
264238	199483
264238	209509
264238	215773
264238	241520
264238	251211
264238	255798
264238	263098
264238	264856
264238	277025
264238	281369
277025	12650
277025	34696
277025	36219
277025	52414
277025	53021
277025	54338
277025	85068
277025	111647
277025	131584
277025	131673
277025	132747
277025	144625
277025	166032
277025	178294
277025	182043
277025	199199
277025	199483
277025	215773
277025	223221
277025	248091
277025	255798
277025	263098
277025	264238
277025	276650
277025	277782
215773	12650
215773	36219
215773	52414
215773	53021
215773	111647
215773	131673
215773	132747
215773	144625
215773	166032
215773	178294
215773	182043
215773	199483
215773	255798
215773	263098
215773	264238
215773	277025
215266	424
215266	12397
215266	12650
215266	47278
215266	52414
215266	53021
215266	66329
215266	71753
215266	73713
215266	111647
215266	131673
215266	132747
215266	144625
215266	166032
215266	178294
215266	182043
215266	199483
215266	215773
215266	234439
215266	255798
215266	259804
215266	263098
215266	264238
215266	277025
234439	424
234439	12397
234439	12650
234439	47278
234439	52414
234439	53021
234439	66329
234439	71753
234439	73713
234439	111647
234439	131673
234439	132747
234439	144625
234439	166032
234439	178294
234439	182043
234439	199483
234439	215266
234439	215773
234439	255798
234439	259804
234439	263098
234439	264238
234439	277025
199483	2396
199483	12650
199483	36219
199483	52414
199483	53021
199483	67324
199483	85068
199483	111647
199483	131673
199483	132747
199483	144625
199483	166032
199483	171076
199483	178294
199483	182043
199483	186111
199483	206451
199483	211366
199483	215773
199483	255798
199483	263098
199483	264238
199483	277025
178294	12650
178294	36219
178294	52414
178294	53021
178294	111647
178294	131673
178294	132747
178294	144625
178294	166032
178294	182043
178294	199483
178294	215773
178294	255798
178294	263098
178294	264238
178294	268597
178294	277025
182043	2396
182043	12650
182043	30556
182043	36219
182043	52414
182043	53021
182043	80081
182043	111647
182043	131673
182043	132747
182043	144625
182043	154815
182043	166032
182043	178294
182043	199483
182043	215773
182043	255798
182043	263098
182043	264238
182043	277025
166032	8874
166032	11483
166032	12650
166032	17739
166032	18928
166032	35583
166032	40801
166032	52414
166032	53021
166032	59299
166032	60580
166032	65809
166032	73713
166032	98516
166032	107142
166032	111647
166032	112398
166032	117251
166032	131673
166032	132747
166032	144625
166032	160955
166032	163165
166032	169394
166032	178294
166032	182043
166032	199483
166032	215773
166032	255798
166032	263098
166032	264119
166032	264238
166032	264639
166032	276249
166032	277025
144625	12650
144625	36219
144625	52414
144625	53021
144625	111647
144625	131673
144625	132747
144625	166032
144625	178294
144625	182043
144625	199483
144625	215773
144625	255798
144625	263098
144625	264238
144625	277025
131673	1177
131673	10088
131673	12650
131673	36219
131673	52414
131673	67324
131673	73713
131673	82370
131673	85068
131673	97530
131673	106738
131673	111647
131673	123671
131673	131584
131673	132747
131673	144625
131673	157904
131673	160516
131673	164045
131673	166032
131673	171076
131673	178294
131673	182043
131673	186111
131673	199483
131673	206451
131673	211366
131673	215773
131673	255798
131673	259727
131673	263098
131673	264238
131673	276324
131673	276650
131673	277025
132747	424
132747	12397
132747	12650
132747	36219
132747	47278
132747	52414
132747	66329
132747	71753
132747	73713
132747	111647
132747	131673
132747	144625
132747	166032
132747	178294
132747	182043
132747	199483
132747	215266
132747	215773
132747	234439
132747	255798
132747	259804
132747	263098
132747	264238
111647	12650
111647	36219
111647	52414
111647	53021
111647	131673
111647	132747
111647	144625
111647	166032
111647	178294
111647	182043
111647	199483
111647	215773
111647	255798
111647	263098
111647	264238
111647	277025
71753	424
71753	12397
71753	12650
71753	47278
71753	52414
71753	53021
71753	66329
71753	73713
71753	111647
71753	131673
71753	132747
71753	144625
71753	166032
71753	178294
71753	182043
71753	199483
71753	215266
71753	215773
71753	234439
71753	255798
71753	259804
71753	263098
71753	264238
71753	277025
73713	36219
73713	182043
66329	424
66329	12397
66329	12650
66329	47278
66329	52414
66329	53021
66329	71753
66329	73713
66329	111647
66329	131673
66329	132747
66329	144625
66329	166032
66329	178294
66329	182043
66329	199483
66329	215266
66329	215773
66329	234439
66329	255798
66329	259804
66329	263098
66329	264238
66329	277025
47278	424
47278	12397
47278	12650
47278	52414
47278	53021
47278	66329
47278	71753
47278	73713
47278	111647
47278	131673
47278	132747
47278	144625
47278	166032
47278	178294
47278	182043
47278	199483
47278	215266
47278	215773
47278	234439
47278	255798
47278	259804
47278	263098
47278	264238
47278	277025
52414	10088
52414	12650
52414	36219
52414	53021
52414	106738
52414	111647
52414	115376
52414	129897
52414	131584
52414	131673
52414	132747
52414	144625
52414	160516
52414	166032
52414	178294
52414	182043
52414	199483
52414	215773
52414	255798
52414	259727
52414	263098
52414	264238
52414	276324
52414	276650
52414	277025
53021	12650
53021	36219
53021	52414
53021	73713
53021	111647
53021	131673
53021	132747
53021	144625
53021	166032
53021	178294
53021	182043
53021	199483
53021	215773
53021	255798
53021	263098
53021	264238
12397	424
12397	12650
12397	47278
12397	52414
12397	53021
12397	66329
12397	71753
12397	73713
12397	111647
12397	131673
12397	132747
12397	144625
12397	166032
12397	178294
12397	182043
12397	199483
12397	215266
12397	215773
12397	234439
12397	255798
12397	259804
12397	263098
12397	264238
12397	277025
12650	36219
12650	52414
12650	53021
12650	106738
12650	111647
12650	131673
12650	132747
12650	144625
12650	157904
12650	160516
12650	164045
12650	166032
12650	178294
12650	182043
12650	199483
12650	215773
12650	255798
12650	259727
12650	263098
12650	264238
12650	271940
12650	276324
12650	277025
425	6148
425	15732
6148	425
6148	56864
15732	425
15732	12755
426	84219
426	158759
158759	426
158759	3945
158759	5213
158759	5873
158759	20076
158759	25386
158759	26541
158759	31521
158759	32840
158759	53527
158759	57898
158759	67114
158759	71566
158759	76845
158759	83627
158759	84219
158759	85922
158759	90922
158759	104752
158759	107351
158759	164551
158759	166976
158759	173004
158759	176314
158759	206013
158759	213973
158759	218150
158759	219734
158759	226887
158759	230046
158759	239008
158759	252703
158759	253104
158759	261853
84219	7552
84219	53833
84219	62846
84219	110239
84219	126613
84219	128149
84219	139765
84219	163183
84219	230987
84219	232918
427	6141
427	46796
427	59898
427	184693
184693	427
184693	6141
184693	37176
184693	40269
184693	46796
184693	56869
184693	59898
184693	62197
184693	67927
184693	71870
184693	75964
184693	107213
184693	111666
184693	118276
184693	122545
184693	126890
184693	131474
184693	133718
184693	137809
184693	180090
184693	183504
184693	190935
184693	205158
46796	40269
46796	184693
59898	427
59898	46796
59898	56869
59898	184693
6141	427
6141	46796
6141	122545
6141	184693
428	3076
428	19717
428	31635
428	39954
428	55082
428	80497
428	85557
428	94529
428	102122
428	181788
428	186195
428	191962
428	226411
191962	3076
191962	19717
191962	31635
191962	39954
191962	55082
191962	80497
191962	85557
191962	108615
191962	165165
191962	186195
191962	248914
181788	3076
181788	19717
181788	31635
181788	39954
181788	55082
181788	80497
181788	85557
181788	165165
181788	186195
181788	248914
186195	3076
186195	19717
186195	31635
186195	39954
186195	55082
186195	80497
186195	85557
186195	165165
186195	248914
94529	3076
94529	19717
94529	31635
94529	39954
94529	55082
94529	80497
94529	85557
94529	165165
94529	186195
94529	231624
94529	248914
85557	1486
85557	3076
85557	19717
85557	31635
85557	39954
85557	55082
85557	80497
85557	165165
85557	186195
85557	193873
85557	200228
85557	228078
85557	248914
102122	3076
102122	19717
102122	31635
102122	39954
102122	55082
102122	80497
102122	85557
102122	165165
102122	186195
102122	248914
80497	3076
80497	19717
80497	31635
80497	39954
80497	55082
80497	85557
80497	165165
80497	186195
80497	248914
39954	3076
39954	19717
39954	31635
39954	55082
39954	59186
39954	68108
39954	80497
39954	85557
39954	99914
39954	111812
39954	148305
39954	165165
39954	185959
39954	186195
39954	222925
39954	248914
39954	256175
55082	3076
55082	19717
55082	22511
55082	31635
55082	39954
55082	64593
55082	73929
55082	80497
55082	85557
55082	165165
55082	186195
55082	211401
55082	234704
55082	248914
55082	251990
31635	3076
31635	19717
31635	32737
31635	39954
31635	55082
31635	75886
31635	80497
31635	85557
31635	109592
31635	165165
31635	186195
31635	248914
3076	19717
3076	31635
3076	39954
3076	55082
3076	80497
3076	85557
3076	165165
3076	186195
3076	248914
19717	3076
19717	31635
19717	39954
19717	55082
19717	80497
19717	85557
19717	165165
19717	186195
19717	248914
429	25052
429	65209
429	65546
429	83963
83963	131623
83963	131716
25052	429
25052	50656
25052	83963
25052	130529
430	14125
430	19470
430	20533
430	53055
430	84428
430	92641
430	116180
430	117864
430	141370
430	165189
430	177014
430	226290
430	243180
430	244195
430	247252
430	281568
431	24889
431	78105
431	85279
431	90418
431	107131
431	179504
179504	431
179504	198253
179504	213704
179504	263920
107131	431
107131	78105
107131	85279
107131	90418
107131	130318
107131	213704
90418	431
90418	6107
90418	21445
90418	24889
90418	42761
90418	44411
90418	50403
90418	65432
90418	69109
90418	78105
90418	80364
90418	85279
90418	88582
90418	104083
90418	107131
90418	111747
90418	128063
90418	130318
90418	256824
90418	260603
90418	275468
90418	281589
78105	85279
78105	88582
78105	90418
78105	251343
85279	78105
85279	90418
85279	130318
85279	263920
24889	431
24889	50403
24889	78105
24889	85279
24889	90418
24889	198253
432	195570
432	208086
432	216999
216999	432
216999	54112
216999	155972
216999	162897
216999	208086
216999	232225
216999	242522
433	49536
433	64799
433	71240
433	97334
71240	85616
71240	124135
71240	165354
71240	196857
97334	7245
97334	53195
97334	64799
97334	80870
97334	105553
97334	124335
97334	225343
97334	252891
97334	272671
49536	433
49536	64799
49536	97334
64799	7245
64799	80649
64799	80870
64799	97334
64799	105553
64799	124335
64799	124551
64799	147548
64799	272671
434	9397
434	31467
434	55788
434	79102
434	119136
434	241454
434	260932
434	279273
279273	434
279273	9397
279273	31467
279273	55788
279273	79102
279273	119136
279273	241454
260932	26973
260932	179645
119136	434
119136	9397
119136	31467
119136	55788
119136	79102
119136	241454
119136	279273
79102	434
79102	9397
79102	31467
79102	55788
79102	119136
79102	241454
79102	279273
31467	434
31467	9397
31467	55788
31467	79102
31467	119136
31467	241454
31467	279273
9397	434
9397	31467
9397	55788
9397	79102
9397	119136
9397	241454
9397	279273
435	21453
435	180764
435	240389
240389	435
240389	21453
240389	44395
240389	69123
240389	80354
240389	104096
240389	111738
240389	128073
240389	180764
240389	196915
180764	435
180764	21453
180764	196915
180764	240389
21453	435
21453	44395
21453	240389
436	123226
123226	436
123226	41359
123226	106419
123226	128284
123226	188021
123226	188809
123226	211276
123226	226411
123226	249399
123226	252099
437	6097
437	15849
437	67756
437	69358
437	241454
6097	437
6097	31500
6097	67756
6097	69358
6097	241454
15849	437
15849	12681
15849	67756
15849	69358
15849	241454
438	1522
438	24880
438	98139
438	202516
438	253971
253971	438
253971	1522
253971	3694
253971	4987
253971	6092
253971	11575
253971	12683
253971	15847
253971	16991
253971	20379
253971	21455
253971	23734
253971	24880
253971	27039
253971	28195
253971	31497
253971	32643
253971	38412
253971	39471
253971	42292
253971	43348
253971	44398
253971	45485
253971	49346
253971	50412
253971	51539
253971	53699
253971	54780
253971	57686
253971	58781
253971	62080
253971	64362
253971	65426
253971	69119
253971	70223
253971	73094
253971	74189
253971	78094
253971	79188
253971	80357
253971	81498
253971	84150
253971	85284
253971	86410
253971	88594
253971	89683
253971	93604
253971	94715
253971	98139
253971	100412
253971	101553
253971	104091
253971	105161
253971	107139
253971	108256
253971	110466
253971	110637
253971	111735
253971	117244
253971	118337
253971	122495
253971	123605
253971	126962
253971	128076
253971	129217
253971	130311
253971	131397
253971	132536
253971	133643
253971	137874
253971	138991
253971	177453
253971	178559
253971	180762
253971	181809
253971	187275
253971	188321
253971	192572
253971	193666
253971	196917
253971	198028
253971	200382
253971	201429
253971	202516
253971	203643
253971	207723
253971	208831
202516	438
202516	1522
202516	98139
202516	192572
202516	253971
98139	1522
98139	74710
98139	86410
98139	253971
24880	438
24880	1522
24880	50412
24880	98139
24880	253971
1522	28801
1522	64362
1522	98139
1522	253971
439	6094
439	16969
439	40494
439	42602
439	43902
439	46689
439	50050
439	60678
439	68036
439	104656
439	105808
439	107464
439	131723
439	136131
439	142284
439	160917
439	179756
439	192723
439	255217
439	261329
439	271550
271550	16969
271550	40494
271550	42602
271550	43902
271550	50050
271550	53493
271550	60678
271550	68036
271550	104656
271550	105808
271550	107464
271550	127677
271550	131723
271550	136131
271550	142284
271550	160917
271550	179756
271550	192723
271550	255217
271550	261329
255217	16969
255217	40494
255217	42602
255217	43902
255217	50050
255217	60678
255217	68036
255217	104656
255217	105808
255217	107464
255217	131723
255217	136131
255217	142284
255217	160917
255217	179756
255217	192723
255217	261329
255217	271550
261329	34607
261329	43902
261329	104656
261329	105808
261329	131723
261329	160917
261329	163430
261329	192723
261329	193680
261329	205227
261329	211969
261329	227641
179756	16969
179756	40494
179756	42602
179756	43902
179756	50050
179756	60678
179756	68036
179756	104656
179756	105808
179756	107464
179756	131723
179756	136131
179756	142284
179756	160917
179756	189128
179756	191760
179756	192723
179756	202218
179756	255217
179756	261329
179756	271550
192723	16969
192723	40494
192723	42602
192723	43902
192723	50050
192723	60678
192723	68036
192723	104656
192723	105808
192723	107464
192723	131723
192723	136131
192723	142284
192723	160917
192723	163430
192723	179756
192723	193680
192723	205227
192723	211969
192723	255217
192723	261329
192723	271550
142284	16969
142284	40494
142284	42602
142284	43902
142284	50050
142284	60678
142284	68036
142284	104656
142284	105808
142284	107464
142284	131723
142284	136131
142284	160917
142284	179756
142284	192723
142284	255217
142284	261329
142284	271550
160917	16969
160917	40494
160917	42602
160917	43902
160917	50050
160917	60678
160917	68036
160917	104656
160917	105808
160917	107464
160917	131723
160917	136131
160917	142284
160917	179756
160917	192723
160917	255217
160917	261329
160917	271550
107464	16969
107464	40494
107464	42602
107464	43902
107464	50050
107464	60678
107464	68036
107464	104656
107464	105808
107464	131723
107464	132908
107464	136131
107464	138603
107464	142284
107464	160917
107464	179756
107464	192723
107464	255217
107464	261329
107464	271550
136131	16969
136131	40494
136131	42602
136131	43902
136131	50050
136131	60678
136131	68036
136131	104656
136131	105808
136131	107464
136131	131723
136131	142284
136131	160917
136131	179756
136131	192723
136131	255217
136131	261329
136131	271550
131723	43902
131723	104656
131723	105808
131723	160917
131723	192723
131723	261329
105808	43902
105808	104656
105808	131723
105808	160917
105808	192723
105808	261329
105808	266835
104656	43902
104656	105808
104656	131723
104656	160917
104656	192723
104656	261329
46689	439
46689	6094
46689	16969
46689	40494
46689	42602
46689	43902
46689	50050
46689	60678
46689	68036
46689	104656
46689	105808
46689	107464
46689	131723
46689	136131
46689	142284
46689	160917
46689	179756
46689	192723
46689	255217
46689	261329
46689	271550
50050	1188
50050	1372
50050	7112
50050	16969
50050	28060
50050	37271
50050	40494
50050	42602
50050	43902
50050	46689
50050	53493
50050	60678
50050	64191
50050	68036
50050	104656
50050	105808
50050	107464
50050	110818
50050	120542
50050	122892
50050	131723
50050	136131
50050	138003
50050	142284
50050	155370
50050	160917
50050	161841
50050	173813
50050	179756
50050	185984
50050	186167
50050	192723
50050	255217
50050	260249
50050	261329
50050	271550
50050	273540
68036	16969
68036	40494
68036	42602
68036	43902
68036	50050
68036	60678
68036	104656
68036	105808
68036	107464
68036	131723
68036	136131
68036	142284
68036	160917
68036	179756
68036	192723
68036	255217
68036	261329
68036	271550
60678	16969
60678	40494
60678	42602
60678	43902
60678	50050
60678	68036
60678	104656
60678	105808
60678	107464
60678	131723
60678	136131
60678	142284
60678	160917
60678	179756
60678	192723
60678	255217
60678	261329
60678	271550
42602	16969
42602	40494
42602	43902
42602	50050
42602	60678
42602	68036
42602	104656
42602	105808
42602	107464
42602	131723
42602	136131
42602	142284
42602	160917
42602	179756
42602	192723
42602	255217
42602	261329
42602	271550
40494	16969
40494	42602
40494	43902
40494	50050
40494	60678
40494	68036
40494	104656
40494	105808
40494	107464
40494	131723
40494	136131
40494	142284
40494	160917
40494	179756
40494	192723
40494	216565
40494	242572
40494	255217
40494	261329
40494	271550
43902	49147
43902	65551
43902	104656
43902	105808
43902	131723
43902	160917
43902	192723
43902	226411
43902	261329
6094	439
6094	16969
6094	40494
6094	42602
6094	43902
6094	46689
6094	50050
6094	60678
6094	68036
6094	104656
6094	105808
6094	107464
6094	131723
6094	136131
6094	142284
6094	160917
6094	179756
6094	192723
6094	255217
6094	261329
6094	271550
16969	1372
16969	40494
16969	42602
16969	43902
16969	50050
16969	60678
16969	68036
16969	104656
16969	105808
16969	107464
16969	131723
16969	136131
16969	142284
16969	155370
16969	160917
16969	179756
16969	192723
16969	255217
16969	261329
16969	271550
440	50822
440	55122
440	180759
440	237225
237225	440
237225	50822
237225	180759
237225	212742
237225	253097
180759	440
180759	50822
180759	164976
180759	175534
55122	440
55122	164976
55122	253097
50822	440
50822	6091
50822	21451
50822	152021
50822	154519
50822	170642
50822	175534
50822	178561
50822	180759
50822	201437
50822	212742
50822	216150
50822	231509
50822	237225
50822	256817
50822	260608
50822	275457
50822	281599
441	3164
441	20330
441	27817
441	36633
441	39525
441	40744
441	45966
441	59933
441	73530
441	74863
441	84906
441	86939
441	90543
441	93346
441	93701
441	96222
441	97173
441	103456
441	105147
441	106348
441	115840
441	129927
441	134914
441	137045
441	139891
441	140860
441	143037
441	143064
441	151161
441	151707
441	157126
441	160679
441	162924
441	164883
441	166566
441	168690
441	171316
441	176434
441	177212
441	178627
441	194013
441	197042
441	202894
441	205029
441	210332
441	212707
441	219188
441	220186
441	229704
441	233593
441	235570
441	238680
441	240067
441	250616
441	259439
441	264253
441	273998
250616	3164
250616	20330
250616	27817
250616	36633
250616	39525
250616	40744
250616	45966
250616	59933
250616	73530
250616	74863
250616	84906
250616	86939
250616	90543
250616	93346
250616	93701
250616	96222
250616	97173
250616	103456
250616	105147
250616	106348
250616	115840
250616	129927
250616	133715
250616	134914
250616	137045
250616	139891
250616	140860
250616	143037
250616	143064
250616	151161
250616	151707
250616	157126
250616	160679
250616	162924
250616	164883
250616	166566
250616	168690
250616	171316
250616	176434
250616	177212
250616	178627
250616	194013
250616	197042
250616	202894
250616	205029
250616	210332
250616	212707
250616	219188
250616	220186
250616	233593
250616	235570
250616	238680
250616	240067
250616	259439
250616	264253
250616	273998
264253	3164
264253	20330
264253	27817
264253	36633
264253	39525
264253	40744
264253	45966
264253	59933
264253	73530
264253	74863
264253	84906
264253	86939
264253	90543
264253	93346
264253	93701
264253	96222
264253	97173
264253	103456
264253	105147
264253	106348
264253	115840
264253	129927
264253	134914
264253	137045
264253	139891
264253	140860
264253	143037
264253	143064
264253	151161
264253	151707
264253	157126
264253	160679
264253	162924
264253	164883
264253	166566
264253	168690
264253	171316
264253	176434
264253	177212
264253	178627
264253	194013
264253	197042
264253	202894
264253	205029
264253	210332
264253	212707
264253	219188
264253	220186
264253	233593
264253	235570
264253	238680
264253	240067
264253	250616
264253	259439
264253	273998
238680	3164
238680	20330
238680	27817
238680	36633
238680	39525
238680	40744
238680	45966
238680	59933
238680	73530
238680	74863
238680	84906
238680	86939
238680	90543
238680	93346
238680	93701
238680	96222
238680	97173
238680	103456
238680	105147
238680	106348
238680	115840
238680	129927
238680	134914
238680	137045
238680	139891
238680	140860
238680	143037
238680	143064
238680	151161
238680	151707
238680	157126
238680	160679
238680	162924
238680	164883
238680	166566
238680	168690
238680	171316
238680	176434
238680	177212
238680	178627
238680	194013
238680	197042
238680	202894
238680	205029
238680	210332
238680	212707
238680	219188
238680	220186
238680	233593
238680	235570
238680	240067
238680	250616
238680	259439
238680	264253
238680	273998
229704	441
229704	3164
229704	20330
229704	27817
229704	36633
229704	39525
229704	40744
229704	45966
229704	59933
229704	73530
229704	74863
229704	84906
229704	86939
229704	90543
229704	93346
229704	93701
229704	96222
229704	97173
229704	103456
229704	105147
229704	106348
229704	115840
229704	129927
229704	134914
229704	137045
229704	139891
229704	140860
229704	143037
229704	143064
229704	151161
229704	151707
229704	157126
229704	160679
229704	162924
229704	164883
229704	166566
229704	168690
229704	171316
229704	176434
229704	177212
229704	178627
229704	194013
229704	197042
229704	202894
229704	205029
229704	210332
229704	212707
229704	219188
229704	220186
229704	233593
229704	235570
229704	238680
229704	240067
229704	250616
229704	259439
229704	264253
229704	273998
240067	3164
240067	20330
240067	27817
240067	36633
240067	39525
240067	40744
240067	45966
240067	59933
240067	73530
240067	74863
240067	84906
240067	86939
240067	90543
240067	93346
240067	93701
240067	96222
240067	97173
240067	103456
240067	105147
240067	106348
240067	115840
240067	129927
240067	134914
240067	137045
240067	139891
240067	140860
240067	143037
240067	143064
240067	151161
240067	151707
240067	157126
240067	160679
240067	162924
240067	164883
240067	166566
240067	168690
240067	171316
240067	176434
240067	177212
240067	178627
240067	194013
240067	197042
240067	202894
240067	205029
240067	210332
240067	212707
240067	219188
240067	220186
240067	233593
240067	235570
240067	238680
240067	250616
240067	259439
240067	264253
240067	273998
220186	3164
220186	20330
220186	27817
220186	36633
220186	39525
220186	40744
220186	45966
220186	59933
220186	73530
220186	74863
220186	84906
220186	86939
220186	90543
220186	93346
220186	93701
220186	96222
220186	97173
220186	103456
220186	105147
220186	106348
220186	115104
220186	115840
220186	117101
220186	129927
220186	134914
220186	137045
220186	139891
220186	140860
220186	143037
220186	143064
220186	143961
220186	151161
220186	151707
220186	157126
220186	160679
220186	162924
220186	164883
220186	166566
220186	168690
220186	171316
220186	172140
220186	176434
220186	177212
220186	178627
220186	194013
220186	197042
220186	202894
220186	205029
220186	210332
220186	212707
220186	219188
220186	223893
220186	233593
220186	235570
220186	238680
220186	240067
220186	250616
220186	250795
220186	259195
220186	259439
220186	264253
220186	273998
233593	3164
233593	20330
233593	27817
233593	36633
233593	39525
233593	40744
233593	45966
233593	59933
233593	73530
233593	74863
233593	84906
233593	86939
233593	90543
233593	93346
233593	93701
233593	96222
233593	97173
233593	103456
233593	105147
233593	106348
233593	115840
233593	129927
233593	134914
233593	137045
233593	139891
233593	140860
233593	143037
233593	143064
233593	151161
233593	151707
233593	157126
233593	160679
233593	162924
233593	164883
233593	166566
233593	168690
233593	171316
233593	176434
233593	177212
233593	178627
233593	194013
233593	197042
233593	202894
233593	205029
233593	210332
233593	212707
233593	219188
233593	220186
233593	235570
233593	240067
233593	250616
233593	259439
233593	264253
233593	273998
202894	3164
202894	20330
202894	27817
202894	36633
202894	39525
202894	40744
202894	45966
202894	59933
202894	73530
202894	74863
202894	84906
202894	86939
202894	90543
202894	93346
202894	93701
202894	96222
202894	97173
202894	103456
202894	105147
202894	106348
202894	115840
202894	129927
202894	134914
202894	137045
202894	139891
202894	140860
202894	143037
202894	143064
202894	151161
202894	151707
202894	157126
202894	160679
202894	162924
202894	164883
202894	166566
202894	168690
202894	171316
202894	176434
202894	177212
202894	178627
202894	194013
202894	197042
202894	205029
202894	210332
202894	212707
202894	219188
202894	220186
202894	233593
202894	235570
202894	238680
202894	240067
202894	250616
202894	259439
202894	264253
202894	270450
202894	273998
178627	3164
178627	20330
178627	27817
178627	36633
178627	39525
178627	40744
178627	45966
178627	59135
178627	59933
178627	73530
178627	74863
178627	83227
178627	84906
178627	86939
178627	90543
178627	93346
178627	93701
178627	96222
178627	97173
178627	103456
178627	105147
178627	106348
178627	115840
178627	123142
178627	129927
178627	134914
178627	137045
178627	139891
178627	140860
178627	143037
178627	143064
178627	147191
178627	151161
178627	151707
178627	157126
178627	160679
178627	162924
178627	163867
178627	164883
178627	166566
178627	168690
178627	171316
178627	176434
178627	177212
178627	194013
178627	197042
178627	200387
178627	202894
178627	203337
178627	205029
178627	210332
178627	211726
178627	212707
178627	218532
178627	219188
178627	220186
178627	233593
178627	235570
178627	238680
178627	240067
178627	250616
178627	259439
178627	264253
178627	273998
205029	3164
205029	20330
205029	21180
205029	27817
205029	36633
205029	39525
205029	40744
205029	45966
205029	59513
205029	59550
205029	59933
205029	73530
205029	74863
205029	84906
205029	86939
205029	90543
205029	93346
205029	93701
205029	96222
205029	97173
205029	103456
205029	105147
205029	106348
205029	115840
205029	129927
205029	134914
205029	137045
205029	139891
205029	140860
205029	143037
205029	143064
205029	151161
205029	151707
205029	157126
205029	160679
205029	162924
205029	164883
205029	166566
205029	168690
205029	171316
205029	176434
205029	177212
205029	178627
205029	186032
205029	194013
205029	197042
205029	202894
205029	210247
205029	210332
205029	212707
205029	219188
205029	220186
205029	233593
205029	235570
205029	238680
205029	240067
205029	250616
205029	259439
205029	264253
205029	273998
210332	3164
210332	20330
210332	27817
210332	36633
210332	39525
210332	40744
210332	45966
210332	59933
210332	73530
210332	74863
210332	84906
210332	86939
210332	88924
210332	90543
210332	93346
210332	93701
210332	95224
210332	96222
210332	97173
210332	103456
210332	105147
210332	106348
210332	115840
210332	129927
210332	132796
210332	134914
210332	137045
210332	139891
210332	140860
210332	143037
210332	143064
210332	151161
210332	151707
210332	157126
210332	160679
210332	162924
210332	164883
210332	166566
210332	168690
210332	171316
210332	176434
210332	177212
210332	178627
210332	194013
210332	197042
210332	202894
210332	205029
210332	209483
210332	211707
210332	212707
210332	219188
210332	220186
210332	233593
210332	235570
210332	238680
210332	240067
210332	250616
210332	259439
210332	264253
210332	273998
176434	3164
176434	20330
176434	27817
176434	36633
176434	39525
176434	40744
176434	45966
176434	59135
176434	59933
176434	73530
176434	74863
176434	83227
176434	84906
176434	86939
176434	90543
176434	93346
176434	93701
176434	96222
176434	97173
176434	100246
176434	103456
176434	105147
176434	106348
176434	115840
176434	123142
176434	129927
176434	134914
176434	137045
176434	139891
176434	140860
176434	143037
176434	143064
176434	151161
176434	151707
176434	157126
176434	157265
176434	160679
176434	162924
176434	164883
176434	166566
176434	168690
176434	170454
176434	171316
176434	177212
176434	178627
176434	190375
176434	194013
176434	197042
176434	202894
176434	205029
176434	210332
176434	212707
176434	219188
176434	220186
176434	233593
176434	235570
176434	238680
176434	240067
176434	250616
176434	259439
176434	260568
176434	264253
176434	273998
176434	277747
194013	3164
194013	15240
194013	20330
194013	27817
194013	36633
194013	39525
194013	40744
194013	44707
194013	44818
194013	45966
194013	46606
194013	59933
194013	73530
194013	74863
194013	75382
194013	84906
194013	86939
194013	90543
194013	93346
194013	93701
194013	96222
194013	97173
194013	97670
194013	103456
194013	105147
194013	106348
194013	115840
194013	129927
194013	134914
194013	137045
194013	139891
194013	140860
194013	143037
194013	143064
194013	143766
194013	151161
194013	151707
194013	157126
194013	160679
194013	162924
194013	164883
194013	166566
194013	168690
194013	171316
194013	176434
194013	177212
194013	178627
194013	197042
194013	202894
194013	205029
194013	210332
194013	212707
194013	219188
194013	220186
194013	230192
194013	233593
194013	233888
194013	235570
194013	238680
194013	240067
194013	250616
194013	259439
194013	264253
194013	272889
194013	273998
197042	441
197042	3164
197042	17073
197042	20330
197042	22876
197042	27817
197042	36633
197042	38097
197042	39525
197042	40744
197042	45966
197042	53618
197042	59933
197042	73530
197042	74863
197042	84906
197042	86939
197042	90543
197042	93346
197042	93701
197042	96222
197042	97173
197042	103456
197042	105147
197042	106348
197042	115840
197042	129328
197042	129927
197042	134914
197042	137045
197042	139891
197042	140860
197042	143037
197042	143064
197042	151161
197042	151707
197042	157126
197042	160259
197042	160679
197042	162924
197042	164883
197042	166566
197042	168690
197042	170922
197042	171316
197042	176434
197042	177212
197042	178627
197042	181590
197042	194013
197042	195918
197042	202192
197042	202894
197042	205029
197042	210332
197042	212707
197042	219188
197042	220186
197042	225954
197042	229704
197042	233593
197042	235570
197042	238680
197042	240067
197042	250616
197042	251958
197042	259439
197042	262584
197042	263334
197042	264253
197042	273998
197042	275899
197042	277112
177212	3164
177212	9537
177212	20330
177212	27817
177212	36633
177212	39525
177212	40744
177212	45966
177212	59933
177212	73530
177212	74863
177212	84906
177212	86939
177212	90543
177212	93346
177212	93701
177212	96222
177212	97173
177212	103456
177212	105147
177212	106348
177212	115840
177212	129927
177212	134914
177212	137045
177212	139891
177212	140860
177212	143037
177212	143064
177212	151161
177212	151707
177212	157126
177212	160679
177212	162924
177212	164883
177212	166566
177212	168690
177212	171316
177212	176434
177212	178627
177212	194013
177212	197042
177212	202192
177212	202894
177212	205029
177212	210332
177212	212707
177212	219188
177212	220186
177212	233593
177212	235570
177212	238680
177212	240067
177212	250616
177212	259439
177212	264253
177212	273998
177212	279392
143064	3164
143064	20330
143064	27817
143064	36633
143064	39525
143064	40744
143064	45966
143064	59933
143064	73530
143064	74863
143064	84906
143064	86939
143064	90543
143064	93346
143064	93701
143064	96222
143064	97173
143064	103456
143064	105147
143064	106348
143064	115840
143064	129927
143064	134159
143064	134914
143064	137045
143064	139891
143064	140860
143064	143037
143064	151161
143064	151707
143064	154302
143064	157126
143064	160679
143064	162924
143064	164883
143064	166566
143064	168690
143064	171316
143064	176434
143064	177212
143064	178627
143064	194013
143064	197042
143064	202894
143064	205029
143064	210332
143064	212707
143064	219188
143064	220186
143064	233593
143064	235570
143064	240067
143064	240606
143064	250616
143064	250795
143064	259439
143064	264253
143064	273998
166566	3164
166566	20330
166566	27817
166566	34815
166566	36633
166566	39525
166566	40744
166566	45966
166566	56926
166566	59933
166566	73080
166566	73530
166566	74863
166566	84906
166566	86939
166566	88661
166566	90543
166566	93346
166566	93701
166566	96222
166566	97173
166566	103456
166566	105147
166566	106348
166566	115840
166566	123142
166566	129927
166566	134914
166566	137045
166566	139891
166566	140860
166566	143037
166566	143064
166566	151161
166566	151707
166566	152126
166566	154177
166566	157126
166566	160679
166566	162924
166566	164883
166566	168690
166566	171316
166566	172605
166566	176434
166566	177212
166566	178627
166566	183244
166566	194013
166566	197042
166566	201977
166566	202894
166566	205029
166566	210332
166566	212707
166566	217945
166566	219188
166566	220186
166566	233593
166566	235570
166566	238680
166566	240067
166566	241033
166566	248691
166566	250616
166566	250795
166566	259439
166566	264253
166566	268779
166566	270030
166566	273998
162924	3164
162924	20330
162924	27817
162924	36633
162924	39525
162924	40744
162924	45966
162924	59135
162924	59933
162924	73530
162924	74863
162924	84906
162924	86939
162924	90543
162924	93346
162924	93701
162924	96222
162924	97173
162924	103456
162924	105147
162924	106348
162924	115840
162924	129927
162924	134914
162924	137045
162924	139891
162924	140860
162924	143037
162924	143064
162924	151161
162924	151707
162924	152362
162924	157126
162924	160679
162924	164883
162924	166566
162924	168690
162924	171316
162924	176434
162924	177212
162924	178627
162924	194013
162924	197042
162924	202894
162924	205029
162924	210332
162924	212707
162924	219188
162924	220186
162924	233593
162924	235570
162924	238680
162924	240067
162924	250616
162924	259439
162924	264253
162924	273998
168690	3164
168690	20330
168690	27817
168690	36633
168690	39525
168690	40744
168690	45966
168690	59933
168690	73530
168690	74863
168690	84906
168690	86939
168690	90543
168690	93346
168690	93701
168690	96222
168690	97173
168690	103456
168690	105147
168690	106348
168690	115840
168690	129927
168690	134914
168690	137045
168690	139891
168690	140860
168690	143037
168690	143064
168690	151161
168690	151707
168690	157126
168690	160679
168690	162924
168690	164883
168690	166566
168690	171316
168690	176434
168690	177212
168690	178627
168690	194013
168690	197042
168690	202894
168690	205029
168690	210332
168690	212707
168690	219188
168690	220186
168690	233593
168690	235570
168690	238680
168690	240067
168690	250616
168690	259439
168690	264253
168690	273998
164883	1059
164883	3164
164883	20330
164883	27817
164883	36633
164883	39525
164883	40744
164883	45966
164883	59933
164883	73530
164883	74863
164883	84906
164883	86939
164883	90543
164883	93346
164883	93701
164883	96222
164883	97173
164883	103456
164883	105147
164883	106348
164883	115840
164883	129927
164883	134914
164883	137045
164883	139891
164883	140860
164883	143037
164883	143064
164883	151161
164883	151707
164883	157126
164883	160679
164883	162924
164883	166566
164883	168690
164883	171316
164883	176434
164883	177212
164883	178627
164883	194013
164883	197042
164883	202894
164883	205029
164883	210332
164883	212707
164883	219188
164883	220186
164883	220904
164883	233593
164883	235570
164883	238680
164883	240067
164883	250616
164883	259439
164883	264253
164883	273998
171316	3164
171316	3561
171316	20330
171316	27817
171316	36633
171316	39525
171316	40744
171316	45966
171316	49100
171316	59933
171316	73530
171316	74863
171316	84906
171316	86939
171316	90543
171316	93346
171316	93701
171316	96222
171316	97173
171316	102578
171316	103456
171316	105147
171316	106348
171316	115840
171316	125831
171316	129927
171316	134914
171316	137045
171316	139891
171316	140860
171316	143037
171316	143064
171316	151161
171316	151707
171316	157126
171316	160679
171316	162924
171316	164883
171316	166566
171316	168690
171316	176434
171316	177212
171316	178627
171316	194013
171316	197042
171316	202894
171316	204111
171316	205029
171316	210332
171316	212707
171316	219188
171316	220186
171316	221936
171316	233593
171316	235570
171316	238680
171316	240067
171316	250616
171316	259439
171316	262911
171316	264253
171316	273998
171316	277747
157126	3164
157126	20330
157126	27817
157126	36633
157126	39525
157126	40744
157126	45966
157126	52374
157126	59933
157126	73530
157126	74863
157126	84906
157126	86939
157126	90543
157126	93346
157126	93701
157126	96222
157126	97173
157126	103456
157126	105147
157126	106348
157126	115840
157126	123656
157126	129927
157126	134159
157126	134914
157126	137045
157126	139891
157126	140860
157126	143037
157126	143064
157126	151161
157126	151707
157126	160679
157126	162924
157126	164883
157126	166566
157126	168690
157126	171316
157126	176434
157126	177212
157126	178627
157126	183148
157126	194013
157126	197042
157126	202894
157126	205029
157126	210332
157126	212707
157126	218829
157126	219188
157126	220186
157126	233593
157126	235570
157126	238007
157126	238680
157126	240067
157126	240606
157126	250616
157126	250795
157126	251823
157126	259439
157126	264253
157126	273998
160679	3164
160679	20330
160679	27817
160679	28499
160679	36633
160679	38263
160679	39525
160679	40744
160679	45966
160679	59933
160679	73530
160679	74863
160679	82167
160679	84906
160679	86939
160679	90543
160679	93346
160679	93701
160679	96222
160679	97173
160679	103456
160679	105147
160679	106348
160679	115840
160679	121071
160679	121417
160679	129927
160679	134914
160679	137045
160679	139891
160679	140860
160679	143037
160679	143064
160679	150773
160679	151161
160679	151707
160679	157126
160679	162924
160679	164883
160679	166566
160679	168690
160679	171316
160679	176434
160679	177212
160679	178627
160679	194013
160679	197042
160679	202894
160679	205029
160679	210332
160679	212707
160679	219188
160679	220186
160679	233593
160679	235570
160679	238680
160679	240067
160679	250616
160679	251442
160679	259439
160679	264253
160679	273998
151161	3164
151161	20330
151161	27817
151161	36633
151161	39525
151161	40744
151161	45966
151161	59933
151161	73530
151161	74863
151161	84906
151161	86939
151161	90543
151161	93346
151161	93701
151161	96222
151161	97173
151161	103456
151161	105147
151161	106348
151161	115840
151161	129927
151161	134914
151161	137045
151161	139891
151161	140860
151161	143037
151161	143064
151161	151707
151161	157126
151161	160679
151161	162924
151161	164883
151161	166566
151161	168690
151161	171316
151161	176434
151161	177212
151161	178627
151161	194013
151161	197042
151161	202192
151161	202894
151161	205029
151161	210332
151161	212707
151161	219188
151161	220186
151161	233593
151161	235570
151161	238680
151161	240067
151161	250616
151161	251958
151161	259439
151161	264253
151161	273998
139891	3164
139891	20330
139891	27817
139891	36633
139891	39525
139891	40744
139891	45966
139891	52315
139891	58567
139891	59933
139891	73530
139891	74863
139891	84906
139891	86939
139891	90543
139891	93346
139891	93701
139891	96222
139891	97173
139891	103456
139891	105147
139891	106348
139891	115840
139891	129927
139891	134914
139891	137045
139891	140860
139891	143037
139891	143064
139891	151161
139891	151707
139891	157126
139891	160679
139891	162924
139891	164883
139891	166566
139891	168690
139891	171316
139891	176434
139891	177212
139891	178627
139891	194013
139891	197042
139891	202894
139891	205029
139891	210332
139891	212707
139891	219188
139891	220186
139891	233593
139891	235570
139891	238680
139891	240067
139891	249163
139891	250616
139891	259439
139891	264253
139891	273998
134914	3164
134914	9689
134914	20330
134914	25270
134914	27817
134914	36633
134914	39525
134914	40744
134914	45966
134914	57490
134914	59933
134914	62672
134914	73530
134914	74863
134914	75755
134914	84906
134914	86939
134914	90543
134914	93346
134914	93701
134914	96222
134914	97173
134914	103456
134914	105147
134914	106348
134914	115840
134914	116558
134914	116681
134914	129927
134914	137045
134914	139891
134914	140860
134914	143037
134914	143064
134914	151161
134914	151707
134914	157126
134914	160679
134914	162924
134914	164883
134914	166566
134914	168690
134914	170454
134914	171316
134914	176434
134914	177212
134914	178627
134914	182618
134914	194013
134914	197042
134914	201421
134914	202894
134914	205029
134914	210332
134914	212707
134914	219188
134914	220186
134914	233593
134914	235570
134914	240067
134914	250616
134914	259439
134914	264253
134914	273998
140860	3164
140860	20330
140860	27817
140860	36633
140860	39525
140860	40744
140860	45966
140860	59933
140860	73530
140860	74863
140860	84906
140860	86939
140860	90543
140860	93346
140860	93701
140860	96222
140860	97173
140860	103456
140860	105147
140860	106348
140860	115840
140860	129927
140860	134914
140860	137045
140860	139891
140860	143037
140860	143064
140860	143084
140860	151161
140860	151707
140860	157126
140860	158503
140860	160679
140860	162924
140860	164883
140860	166566
140860	168690
140860	171316
140860	176434
140860	177212
140860	178627
140860	194013
140860	197042
140860	202894
140860	205029
140860	210332
140860	212707
140860	219188
140860	220186
140860	233593
140860	235570
140860	238680
140860	240067
140860	250616
140860	259439
140860	264253
140860	273998
115840	3164
115840	20330
115840	27817
115840	36633
115840	39525
115840	40744
115840	45966
115840	59933
115840	73530
115840	74863
115840	84906
115840	86939
115840	90543
115840	93346
115840	93701
115840	96222
115840	97173
115840	103456
115840	105147
115840	106348
115840	129927
115840	134914
115840	137045
115840	139891
115840	140860
115840	143037
115840	143064
115840	151161
115840	151707
115840	157126
115840	160679
115840	162924
115840	164883
115840	166566
115840	168690
115840	171316
115840	176434
115840	177212
115840	178627
115840	194013
115840	197042
115840	202894
115840	205029
115840	210332
115840	212707
115840	219188
115840	220186
115840	233593
115840	235570
115840	238680
115840	240067
115840	250616
115840	259439
115840	264253
115840	273998
137045	3164
137045	20330
137045	27817
137045	36633
137045	39525
137045	40744
137045	45966
137045	59933
137045	73530
137045	74863
137045	84906
137045	86939
137045	90543
137045	93346
137045	93701
137045	96222
137045	97173
137045	103456
137045	105147
137045	106348
137045	115840
137045	129927
137045	132044
137045	134914
137045	139891
137045	140860
137045	143037
137045	143064
137045	151161
137045	151707
137045	157126
137045	160679
137045	162924
137045	164883
137045	166566
137045	168690
137045	171316
137045	176434
137045	177212
137045	178627
137045	194013
137045	197042
137045	202894
137045	205029
137045	210247
137045	210332
137045	212707
137045	219188
137045	220186
137045	233593
137045	235570
137045	238680
137045	240067
137045	245137
137045	250616
137045	259439
137045	264253
137045	273998
106348	3164
106348	20330
106348	27817
106348	36633
106348	39525
106348	40744
106348	45966
106348	48155
106348	50657
106348	59135
106348	59933
106348	73530
106348	74863
106348	84906
106348	86939
106348	90543
106348	93346
106348	93701
106348	96222
106348	97173
106348	103456
106348	105147
106348	115840
106348	129927
106348	134914
106348	137045
106348	139891
106348	140860
106348	143037
106348	143064
106348	151161
106348	151707
106348	157126
106348	160679
106348	162924
106348	164883
106348	166566
106348	168690
106348	171316
106348	176434
106348	177212
106348	178627
106348	194013
106348	197042
106348	202894
106348	205029
106348	210332
106348	212707
106348	219188
106348	220186
106348	233593
106348	235570
106348	238680
106348	240067
106348	250616
106348	259439
106348	264253
106348	273998
129927	3164
129927	20330
129927	27817
129927	36633
129927	39525
129927	40744
129927	45966
129927	59933
129927	73530
129927	74863
129927	84906
129927	86939
129927	90543
129927	93346
129927	93701
129927	96222
129927	97173
129927	103456
129927	105147
129927	106348
129927	115840
129927	134914
129927	137045
129927	139891
129927	140860
129927	143037
129927	143064
129927	151161
129927	151707
129927	157126
129927	160679
129927	162924
129927	164883
129927	166566
129927	168690
129927	171316
129927	176434
129927	177212
129927	178627
129927	194013
129927	197042
129927	199042
129927	202894
129927	205029
129927	210332
129927	212707
129927	219188
129927	220186
129927	233593
129927	235570
129927	240067
129927	250616
129927	259439
129927	264253
129927	273998
74863	3164
74863	20330
74863	27817
74863	36633
74863	39525
74863	40744
74863	45966
74863	59933
74863	73530
74863	84906
74863	86939
74863	90543
74863	93346
74863	93701
74863	96222
74863	97173
74863	103456
74863	105147
74863	106348
74863	112148
74863	115840
74863	129927
74863	134914
74863	137045
74863	139891
74863	140860
74863	143037
74863	143064
74863	151161
74863	151707
74863	157126
74863	160679
74863	162924
74863	164883
74863	166566
74863	168690
74863	171316
74863	176434
74863	177212
74863	178627
74863	194013
74863	197042
74863	202894
74863	205029
74863	210332
74863	212707
74863	219188
74863	220186
74863	233593
74863	235570
74863	238680
74863	240067
74863	250616
74863	259439
74863	264253
74863	273998
93701	3164
93701	20330
93701	27817
93701	36633
93701	39525
93701	40744
93701	45966
93701	59135
93701	59933
93701	73530
93701	74863
93701	75382
93701	84906
93701	86939
93701	90543
93701	93346
93701	96222
93701	97173
93701	103456
93701	105147
93701	106348
93701	115840
93701	129927
93701	133715
93701	134159
93701	134914
93701	137045
93701	139891
93701	140860
93701	143037
93701	143064
93701	145726
93701	151161
93701	151707
93701	157126
93701	160679
93701	162924
93701	164883
93701	166566
93701	168690
93701	171316
93701	176434
93701	177212
93701	178627
93701	183088
93701	194013
93701	197042
93701	202894
93701	205029
93701	210332
93701	212707
93701	219188
93701	220186
93701	233593
93701	235570
93701	237243
93701	238680
93701	240067
93701	250616
93701	250795
93701	256401
93701	259439
93701	264253
93701	268779
93701	273998
97173	3164
97173	20330
97173	27817
97173	36633
97173	39525
97173	40744
97173	45966
97173	59933
97173	73530
97173	74863
97173	84906
97173	86939
97173	90543
97173	93346
97173	93701
97173	96222
97173	103456
97173	105147
97173	106348
97173	115840
97173	129927
97173	134914
97173	137045
97173	139891
97173	140860
97173	143037
97173	143064
97173	151161
97173	151707
97173	157126
97173	160679
97173	162924
97173	164883
97173	166566
97173	167098
97173	168690
97173	171316
97173	176434
97173	177212
97173	178627
97173	194013
97173	197042
97173	202894
97173	205029
97173	210332
97173	212707
97173	219188
97173	220186
97173	233593
97173	235570
97173	238680
97173	240067
97173	250616
97173	259439
97173	264253
97173	273998
93346	3164
93346	19171
93346	20330
93346	27817
93346	36633
93346	39525
93346	40744
93346	45966
93346	59933
93346	73530
93346	74863
93346	84906
93346	86939
93346	89870
93346	90543
93346	93701
93346	96222
93346	97173
93346	103456
93346	105147
93346	106348
93346	115840
93346	129927
93346	134914
93346	137045
93346	139891
93346	140860
93346	143037
93346	143064
93346	151161
93346	151707
93346	157126
93346	160679
93346	162924
93346	164883
93346	166566
93346	168690
93346	171316
93346	176434
93346	177212
93346	178627
93346	194013
93346	197042
93346	202894
93346	205029
93346	210332
93346	212707
93346	219188
93346	220186
93346	233593
93346	235570
93346	238680
93346	240067
93346	246536
93346	250616
93346	259439
93346	264253
93346	273998
96222	3164
96222	20330
96222	27817
96222	36633
96222	39525
96222	40744
96222	45966
96222	59933
96222	73530
96222	74863
96222	84906
96222	86939
96222	90543
96222	93346
96222	93701
96222	97173
96222	103456
96222	105147
96222	106348
96222	114455
96222	115840
96222	129927
96222	134914
96222	137045
96222	139891
96222	140860
96222	143037
96222	143064
96222	151161
96222	151707
96222	157126
96222	157682
96222	160679
96222	162924
96222	164883
96222	166566
96222	168690
96222	171316
96222	176434
96222	177212
96222	178183
96222	178627
96222	194013
96222	197042
96222	199042
96222	202894
96222	205029
96222	210332
96222	212707
96222	219188
96222	220186
96222	233593
96222	235570
96222	238680
96222	240067
96222	250616
96222	251958
96222	259439
96222	264253
96222	273998
96222	275899
96222	281875
103456	3164
103456	20330
103456	27817
103456	36633
103456	39525
103456	40744
103456	45966
103456	59933
103456	73530
103456	74863
103456	84906
103456	86939
103456	90543
103456	93346
103456	93701
103456	96222
103456	97173
103456	105147
103456	106348
103456	115840
103456	129927
103456	134914
103456	137045
103456	139891
103456	140860
103456	143037
103456	143064
103456	151161
103456	151707
103456	157126
103456	160679
103456	162924
103456	164883
103456	166566
103456	168690
103456	171316
103456	176434
103456	177212
103456	178627
103456	194013
103456	197042
103456	202894
103456	205029
103456	210332
103456	212707
103456	219188
103456	220186
103456	233593
103456	235570
103456	238680
103456	240067
103456	250616
103456	259439
103456	264253
103456	273998
59933	3164
59933	20330
59933	27817
59933	36633
59933	39525
59933	40744
59933	45966
59933	73530
59933	74863
59933	84906
59933	86939
59933	90543
59933	93346
59933	93701
59933	96222
59933	97173
59933	103456
59933	105147
59933	106348
59933	115840
59933	129927
59933	134914
59933	137045
59933	139891
59933	140860
59933	143037
59933	143064
59933	151161
59933	151707
59933	157126
59933	160679
59933	162924
59933	164883
59933	166566
59933	168690
59933	171316
59933	176434
59933	177212
59933	178627
59933	194013
59933	197042
59933	202894
59933	205029
59933	210332
59933	212707
59933	219188
59933	220186
59933	233593
59933	235570
59933	238680
59933	240067
59933	250616
59933	259439
59933	264253
59933	273998
36633	3164
36633	20330
36633	21613
36633	27817
36633	39525
36633	40744
36633	45966
36633	59933
36633	73530
36633	74863
36633	84906
36633	86939
36633	90543
36633	93346
36633	93701
36633	96222
36633	97173
36633	97758
36633	103456
36633	105147
36633	106348
36633	110793
36633	115840
36633	129927
36633	134914
36633	135092
36633	137045
36633	139891
36633	140860
36633	143037
36633	143064
36633	151161
36633	151707
36633	157126
36633	160679
36633	162924
36633	164883
36633	166566
36633	168690
36633	169702
36633	171316
36633	176434
36633	177212
36633	178627
36633	194013
36633	197042
36633	202894
36633	205029
36633	210332
36633	212259
36633	212707
36633	219188
36633	220186
36633	221803
36633	233593
36633	235570
36633	238680
36633	240067
36633	250616
36633	259439
36633	264253
36633	273998
45966	3164
45966	20330
45966	27817
45966	36633
45966	39525
45966	40744
45966	59933
45966	70502
45966	73530
45966	74863
45966	84906
45966	86939
45966	90543
45966	93346
45966	93701
45966	96222
45966	97173
45966	103456
45966	105147
45966	106348
45966	108218
45966	115840
45966	129927
45966	134914
45966	137045
45966	139891
45966	140860
45966	143037
45966	143064
45966	151161
45966	151707
45966	157126
45966	160679
45966	162924
45966	164883
45966	166566
45966	168690
45966	171316
45966	176434
45966	177212
45966	178627
45966	188279
45966	194013
45966	197042
45966	202894
45966	205029
45966	210332
45966	212707
45966	219188
45966	220186
45966	233593
45966	235570
45966	238680
45966	240067
45966	250616
45966	259439
45966	264253
45966	267959
45966	273998
40744	3164
40744	4203
40744	14436
40744	20330
40744	27817
40744	36633
40744	39525
40744	45966
40744	59933
40744	73530
40744	74863
40744	84906
40744	86939
40744	90543
40744	93346
40744	93701
40744	96222
40744	97173
40744	101969
40744	103456
40744	105147
40744	106348
40744	108218
40744	115840
40744	129927
40744	134191
40744	134914
40744	137045
40744	139891
40744	140860
40744	143037
40744	143064
40744	151161
40744	151707
40744	157126
40744	160679
40744	162924
40744	164883
40744	166566
40744	168690
40744	171316
40744	176434
40744	177212
40744	178627
40744	186475
40744	188279
40744	189211
40744	194013
40744	197042
40744	202894
40744	205029
40744	210332
40744	212707
40744	215606
40744	219188
40744	220186
40744	233593
40744	235570
40744	238680
40744	240067
40744	250616
40744	259439
40744	264253
40744	273998
39525	3164
39525	20330
39525	26226
39525	27817
39525	36633
39525	40744
39525	45966
39525	59933
39525	73530
39525	74863
39525	84906
39525	86939
39525	90543
39525	92529
39525	93346
39525	93701
39525	96222
39525	97173
39525	99577
39525	103456
39525	105147
39525	106348
39525	115840
39525	129927
39525	134119
39525	134914
39525	137045
39525	139891
39525	140860
39525	143037
39525	143064
39525	151161
39525	151707
39525	157126
39525	160679
39525	162924
39525	164883
39525	166566
39525	168690
39525	171316
39525	171369
39525	173366
39525	176434
39525	177212
39525	178627
39525	194013
39525	195918
39525	197042
39525	202894
39525	205029
39525	210332
39525	212707
39525	213465
39525	219188
39525	220186
39525	233593
39525	235570
39525	238680
39525	240067
39525	250616
39525	250795
39525	251958
39525	257800
39525	259439
39525	264253
39525	273998
27817	3164
27817	20330
27817	36633
27817	39525
27817	40744
27817	45966
27817	59933
27817	73530
27817	74863
27817	84906
27817	86939
27817	90543
27817	93346
27817	93701
27817	96222
27817	97173
27817	103456
27817	105147
27817	106348
27817	115840
27817	129927
27817	134914
27817	137045
27817	139891
27817	140860
27817	143037
27817	143064
27817	151161
27817	151707
27817	157126
27817	157682
27817	160679
27817	162924
27817	164883
27817	166566
27817	168690
27817	171316
27817	176434
27817	177212
27817	178627
27817	194013
27817	197042
27817	202894
27817	205029
27817	210332
27817	212707
27817	219188
27817	220186
27817	233593
27817	235570
27817	238680
27817	240067
27817	250616
27817	259439
27817	264253
27817	273998
20330	3164
20330	27817
20330	36633
20330	39525
20330	40744
20330	45966
20330	59933
20330	73530
20330	74863
20330	84906
20330	86939
20330	90543
20330	93346
20330	93701
20330	96222
20330	97173
20330	103456
20330	105147
20330	106348
20330	115840
20330	129927
20330	134914
20330	137045
20330	139891
20330	140860
20330	143037
20330	143064
20330	151161
20330	151707
20330	157126
20330	160679
20330	162924
20330	164883
20330	166566
20330	168690
20330	171316
20330	176434
20330	177212
20330	178627
20330	194013
20330	197042
20330	202894
20330	205029
20330	210332
20330	212707
20330	219188
20330	220186
20330	233593
20330	235570
20330	238680
20330	240067
20330	250616
20330	259439
20330	259749
20330	264253
20330	273998
442	34573
442	38342
442	81435
442	105607
442	167295
442	198090
442	214128
442	226411
442	234704
442	245659
443	96567
443	141361
443	154257
443	165950
443	203322
443	264773
264773	23277
264773	96567
264773	112024
264773	154257
264773	165950
264773	203322
154257	11773
154257	18165
154257	18548
154257	23277
154257	26909
154257	40873
154257	59633
154257	64961
154257	70263
154257	82342
154257	88385
154257	89002
154257	94159
154257	96567
154257	106389
154257	112024
154257	112614
154257	126323
154257	135219
154257	141361
154257	141924
154257	147336
154257	176169
154257	187972
154257	193761
154257	200096
154257	211434
154257	232580
154257	240947
154257	246070
154257	263820
154257	264773
154257	269987
154257	270328
141361	82342
141361	96567
141361	112024
141361	154257
141361	165950
141361	203322
444	24178
444	151981
444	241454
444	258348
444	267492
24178	444
24178	32104
24178	37312
24178	40093
24178	46554
24178	52663
24178	59878
24178	71795
24178	76097
24178	106978
24178	111926
24178	114019
24178	118424
24178	126769
24178	131569
24178	133764
24178	137790
24178	151981
24178	241454
24178	258348
445	7203
445	27940
445	30002
445	59033
445	75762
445	84382
445	84824
445	93073
445	103820
445	153049
445	164873
445	168279
445	199822
445	202577
445	259343
445	280413
280413	445
280413	7203
280413	27940
280413	30002
280413	59033
280413	75762
280413	84382
280413	84824
280413	92842
280413	93073
280413	103820
280413	153049
280413	164873
280413	168279
280413	199822
280413	202577
280413	259343
168279	445
168279	7203
168279	27940
168279	30002
168279	59033
168279	75762
168279	84382
168279	84824
168279	93073
168279	103820
168279	153049
168279	164873
168279	199822
168279	202577
168279	259343
168279	280413
446	6123
446	15827
446	164732
164732	171374
15827	446
15827	12673
15827	164732
6123	446
6123	31508
6123	164732
447	34573
447	38342
447	81435
447	105607
447	167295
447	198090
447	214128
447	226411
447	234704
447	245659
448	6121
448	15826
448	204906
15826	448
15826	12675
15826	204906
6121	448
6121	31506
6121	204906
449	22794
449	64737
449	114813
449	138869
449	164067
449	223213
449	252120
252120	449
252120	22794
252120	64737
252120	114813
252120	123886
252120	138869
252120	164067
223213	449
223213	22794
223213	52546
223213	64737
223213	114813
223213	138869
223213	164067
450	8373
450	97743
450	133797
450	151939
450	192767
450	192929
450	205524
450	213898
450	226411
450	233786
450	241064
450	277912
277912	450
277912	8373
277912	97743
277912	101562
277912	133797
277912	151939
277912	192767
277912	192929
277912	213898
277912	226411
277912	233786
241064	105244
241064	133797
241064	151939
241064	156572
241064	172305
241064	192929
241064	213898
241064	222442
241064	226411
241064	229269
241064	241680
241064	247486
241064	248096
205524	450
205524	8373
205524	18694
205524	27373
205524	97743
205524	133797
205524	151939
205524	192767
205524	192929
205524	193985
205524	213898
205524	226411
